=== weekly improvement 2026-10-04 ===
=== INTAKE OPPORTUNITIES ===
Traceback (most recent call last):
  File "/home/leedt/.hermes/scripts/echopedia-intake-opportunities.py", line 127, in <module>
    raise SystemExit(main())
                     ^^^^^^
  File "/home/leedt/.hermes/scripts/echopedia-intake-opportunities.py", line 85, in main
    r = subprocess.run(
        ^^^^^^^^^^^^^^^
  File "/home/leedt/.local/share/uv/python/cpython-3.11.15-linux-aarch64-gnu/lib/python3.11/subprocess.py", line 550, in run
    stdout, stderr = process.communicate(input, timeout=timeout)
                     ^^^^^^^^^^^^^^^^^^^^^^^^^^^^^^^^^^^^^^^^^^^
  File "/home/leedt/.local/share/uv/python/cpython-3.11.15-linux-aarch64-gnu/lib/python3.11/subprocess.py", line 1209, in communicate
    stdout, stderr = self._communicate(input, endtime, timeout)
                     ^^^^^^^^^^^^^^^^^^^^^^^^^^^^^^^^^^^^^^^^^^
  File "/home/leedt/.local/share/uv/python/cpython-3.11.15-linux-aarch64-gnu/lib/python3.11/subprocess.py", line 2116, in _communicate
    self._check_timeout(endtime, orig_timeout, stdout, stderr)
  File "/home/leedt/.local/share/uv/python/cpython-3.11.15-linux-aarch64-gnu/lib/python3.11/subprocess.py", line 1253, in _check_timeout
    raise TimeoutExpired(
subprocess.TimeoutExpired: Command '['python3', '/home/leedt/.hermes/scripts/echopedia-missing-pages.py', '--threshold', '3']' timed out after 120 seconds
IMPROVE_BRIEF: /home/leedt/echo-system/echopedia/improvement-brief.md
IMPROVE_STATUS: OK
CI: ops-check WARN
CI: queue-drain done
CI: publishing to heal drift
/home/leedt/.hermes/scripts/echopedia-ci-heal.sh: line 64: /usr/bin/bash: Argument list too long
CI: site-design ACTION
CI: smoke OK
[gh-pages fd346abe214] ci-heal: L2 auto-heal (2026-10-04)
 1367 files changed, 5826 insertions(+), 416 deletions(-)
 create mode 100644 knowledge/operational/content-analysis/2026-10-04.jsonl
 create mode 100644 knowledge/operational/deepen-x-slice-10041327-1.txt
 create mode 100644 knowledge/operational/deepen-x-slice-10041327-10.txt
 create mode 100644 knowledge/operational/deepen-x-slice-10041327-11.txt
 create mode 100644 knowledge/operational/deepen-x-slice-10041327-12.txt
 create mode 100644 knowledge/operational/deepen-x-slice-10041327-13.txt
 create mode 100644 knowledge/operational/deepen-x-slice-10041327-14.txt
 create mode 100644 knowledge/operational/deepen-x-slice-10041327-15.txt
 create mode 100644 knowledge/operational/deepen-x-slice-10041327-16.txt
 create mode 100644 knowledge/operational/deepen-x-slice-10041327-17.txt
 create mode 100644 knowledge/operational/deepen-x-slice-10041327-18.txt
 create mode 100644 knowledge/operational/deepen-x-slice-10041327-19.txt
 create mode 100644 knowledge/operational/deepen-x-slice-10041327-2.txt
 create mode 100644 knowledge/operational/deepen-x-slice-10041327-20.txt
 create mode 100644 knowledge/operational/deepen-x-slice-10041327-21.txt
 create mode 100644 knowledge/operational/deepen-x-slice-10041327-22.txt
 create mode 100644 knowledge/operational/deepen-x-slice-10041327-23.txt
 create mode 100644 knowledge/operational/deepen-x-slice-10041327-24.txt
 create mode 100644 knowledge/operational/deepen-x-slice-10041327-25.txt
 create mode 100644 knowledge/operational/deepen-x-slice-10041327-26.txt
 create mode 100644 knowledge/operational/deepen-x-slice-10041327-27.txt
 create mode 100644 knowledge/operational/deepen-x-slice-10041327-28.txt
 create mode 100644 knowledge/operational/deepen-x-slice-10041327-29.txt
 create mode 100644 knowledge/operational/deepen-x-slice-10041327-3.txt
 create mode 100644 knowledge/operational/deepen-x-slice-10041327-30.txt
 create mode 100644 knowledge/operational/deepen-x-slice-10041327-31.txt
 create mode 100644 knowledge/operational/deepen-x-slice-10041327-32.txt
 create mode 100644 knowledge/operational/deepen-x-slice-10041327-4.txt
 create mode 100644 knowledge/operational/deepen-x-slice-10041327-5.txt
 create mode 100644 knowledge/operational/deepen-x-slice-10041327-6.txt
 create mode 100644 knowledge/operational/deepen-x-slice-10041327-7.txt
 create mode 100644 knowledge/operational/deepen-x-slice-10041327-8.txt
 create mode 100644 knowledge/operational/deepen-x-slice-10041327-9.txt
 create mode 100644 knowledge/operational/deepen-x-slice-10041329-1.txt
 create mode 100644 knowledge/operational/deepen-x-slice-10041329-10.txt
 create mode 100644 knowledge/operational/deepen-x-slice-10041329-11.txt
 create mode 100644 knowledge/operational/deepen-x-slice-10041329-12.txt
 create mode 100644 knowledge/operational/deepen-x-slice-10041329-13.txt
 create mode 100644 knowledge/operational/deepen-x-slice-10041329-14.txt
 create mode 100644 knowledge/operational/deepen-x-slice-10041329-15.txt
 create mode 100644 knowledge/operational/deepen-x-slice-10041329-16.txt
 create mode 100644 knowledge/operational/deepen-x-slice-10041329-17.txt
 create mode 100644 knowledge/operational/deepen-x-slice-10041329-18.txt
 create mode 100644 knowledge/operational/deepen-x-slice-10041329-19.txt
 create mode 100644 knowledge/operational/deepen-x-slice-10041329-2.txt
 create mode 100644 knowledge/operational/deepen-x-slice-10041329-20.txt
 create mode 100644 knowledge/operational/deepen-x-slice-10041329-21.txt
 create mode 100644 knowledge/operational/deepen-x-slice-10041329-22.txt
 create mode 100644 knowledge/operational/deepen-x-slice-10041329-23.txt
 create mode 100644 knowledge/operational/deepen-x-slice-10041329-24.txt
 create mode 100644 knowledge/operational/deepen-x-slice-10041329-25.txt
 create mode 100644 knowledge/operational/deepen-x-slice-10041329-26.txt
 create mode 100644 knowledge/operational/deepen-x-slice-10041329-27.txt
 create mode 100644 knowledge/operational/deepen-x-slice-10041329-28.txt
 create mode 100644 knowledge/operational/deepen-x-slice-10041329-29.txt
 create mode 100644 knowledge/operational/deepen-x-slice-10041329-3.txt
 create mode 100644 knowledge/operational/deepen-x-slice-10041329-30.txt
 create mode 100644 knowledge/operational/deepen-x-slice-10041329-31.txt
 create mode 100644 knowledge/operational/deepen-x-slice-10041329-32.txt
 create mode 100644 knowledge/operational/deepen-x-slice-10041329-4.txt
 create mode 100644 knowledge/operational/deepen-x-slice-10041329-5.txt
 create mode 100644 knowledge/operational/deepen-x-slice-10041329-6.txt
 create mode 100644 knowledge/operational/deepen-x-slice-10041329-7.txt
 create mode 100644 knowledge/operational/deepen-x-slice-10041329-8.txt
 create mode 100644 knowledge/operational/deepen-x-slice-10041329-9.txt
 create mode 100644 knowledge/operational/deepen-x-slice-10041332-1.txt
 create mode 100644 knowledge/operational/deepen-x-slice-10041332-10.txt
 create mode 100644 knowledge/operational/deepen-x-slice-10041332-11.txt
 create mode 100644 knowledge/operational/deepen-x-slice-10041332-12.txt
 create mode 100644 knowledge/operational/deepen-x-slice-10041332-13.txt
 create mode 100644 knowledge/operational/deepen-x-slice-10041332-14.txt
 create mode 100644 knowledge/operational/deepen-x-slice-10041332-15.txt
 create mode 100644 knowledge/operational/deepen-x-slice-10041332-16.txt
 create mode 100644 knowledge/operational/deepen-x-slice-10041332-17.txt
 create mode 100644 knowledge/operational/deepen-x-slice-10041332-18.txt
 create mode 100644 knowledge/operational/deepen-x-slice-10041332-19.txt
 create mode 100644 knowledge/operational/deepen-x-slice-10041332-2.txt
 create mode 100644 knowledge/operational/deepen-x-slice-10041332-20.txt
 create mode 100644 knowledge/operational/deepen-x-slice-10041332-21.txt
 create mode 100644 knowledge/operational/deepen-x-slice-10041332-22.txt
 create mode 100644 knowledge/operational/deepen-x-slice-10041332-23.txt
 create mode 100644 knowledge/operational/deepen-x-slice-10041332-24.txt
 create mode 100644 knowledge/operational/deepen-x-slice-10041332-25.txt
 create mode 100644 knowledge/operational/deepen-x-slice-10041332-26.txt
 create mode 100644 knowledge/operational/deepen-x-slice-10041332-27.txt
 create mode 100644 knowledge/operational/deepen-x-slice-10041332-28.txt
 create mode 100644 knowledge/operational/deepen-x-slice-10041332-29.txt
 create mode 100644 knowledge/operational/deepen-x-slice-10041332-3.txt
 create mode 100644 knowledge/operational/deepen-x-slice-10041332-30.txt
 create mode 100644 knowledge/operational/deepen-x-slice-10041332-31.txt
 create mode 100644 knowledge/operational/deepen-x-slice-10041332-32.txt
 create mode 100644 knowledge/operational/deepen-x-slice-10041332-4.txt
 create mode 100644 knowledge/operational/deepen-x-slice-10041332-5.txt
 create mode 100644 knowledge/operational/deepen-x-slice-10041332-6.txt
 create mode 100644 knowledge/operational/deepen-x-slice-10041332-7.txt
 create mode 100644 knowledge/operational/deepen-x-slice-10041332-8.txt
 create mode 100644 knowledge/operational/deepen-x-slice-10041332-9.txt
 create mode 100644 knowledge/operational/deepen-x-slice-10041335-1.txt
 create mode 100644 knowledge/operational/deepen-x-slice-10041335-10.txt
 create mode 100644 knowledge/operational/deepen-x-slice-10041335-11.txt
 create mode 100644 knowledge/operational/deepen-x-slice-10041335-12.txt
 create mode 100644 knowledge/operational/deepen-x-slice-10041335-13.txt
 create mode 100644 knowledge/operational/deepen-x-slice-10041335-14.txt
 create mode 100644 knowledge/operational/deepen-x-slice-10041335-15.txt
 create mode 100644 knowledge/operational/deepen-x-slice-10041335-16.txt
 create mode 100644 knowledge/operational/deepen-x-slice-10041335-17.txt
 create mode 100644 knowledge/operational/deepen-x-slice-10041335-18.txt
 create mode 100644 knowledge/operational/deepen-x-slice-10041335-19.txt
 create mode 100644 knowledge/operational/deepen-x-slice-10041335-2.txt
 create mode 100644 knowledge/operational/deepen-x-slice-10041335-20.txt
 create mode 100644 knowledge/operational/deepen-x-slice-10041335-21.txt
 create mode 100644 knowledge/operational/deepen-x-slice-10041335-22.txt
 create mode 100644 knowledge/operational/deepen-x-slice-10041335-23.txt
 create mode 100644 knowledge/operational/deepen-x-slice-10041335-24.txt
 create mode 100644 knowledge/operational/deepen-x-slice-10041335-25.txt
 create mode 100644 knowledge/operational/deepen-x-slice-10041335-26.txt
 create mode 100644 knowledge/operational/deepen-x-slice-10041335-27.txt
 create mode 100644 knowledge/operational/deepen-x-slice-10041335-28.txt
 create mode 100644 knowledge/operational/deepen-x-slice-10041335-29.txt
 create mode 100644 knowledge/operational/deepen-x-slice-10041335-3.txt
 create mode 100644 knowledge/operational/deepen-x-slice-10041335-30.txt
 create mode 100644 knowledge/operational/deepen-x-slice-10041335-31.txt
 create mode 100644 knowledge/operational/deepen-x-slice-10041335-32.txt
 create mode 100644 knowledge/operational/deepen-x-slice-10041335-4.txt
 create mode 100644 knowledge/operational/deepen-x-slice-10041335-5.txt
 create mode 100644 knowledge/operational/deepen-x-slice-10041335-6.txt
 create mode 100644 knowledge/operational/deepen-x-slice-10041335-7.txt
 create mode 100644 knowledge/operational/deepen-x-slice-10041335-8.txt
 create mode 100644 knowledge/operational/deepen-x-slice-10041335-9.txt
 create mode 100644 knowledge/operational/deepen-x-slice-10041338-1.txt
 create mode 100644 knowledge/operational/deepen-x-slice-10041338-10.txt
 create mode 100644 knowledge/operational/deepen-x-slice-10041338-11.txt
 create mode 100644 knowledge/operational/deepen-x-slice-10041338-12.txt
 create mode 100644 knowledge/operational/deepen-x-slice-10041338-13.txt
 create mode 100644 knowledge/operational/deepen-x-slice-10041338-14.txt
 create mode 100644 knowledge/operational/deepen-x-slice-10041338-15.txt
 create mode 100644 knowledge/operational/deepen-x-slice-10041338-16.txt
 create mode 100644 knowledge/operational/deepen-x-slice-10041338-17.txt
 create mode 100644 knowledge/operational/deepen-x-slice-10041338-18.txt
 create mode 100644 knowledge/operational/deepen-x-slice-10041338-19.txt
 create mode 100644 knowledge/operational/deepen-x-slice-10041338-2.txt
 create mode 100644 knowledge/operational/deepen-x-slice-10041338-20.txt
 create mode 100644 knowledge/operational/deepen-x-slice-10041338-21.txt
 create mode 100644 knowledge/operational/deepen-x-slice-10041338-22.txt
 create mode 100644 knowledge/operational/deepen-x-slice-10041338-23.txt
 create mode 100644 knowledge/operational/deepen-x-slice-10041338-24.txt
 create mode 100644 knowledge/operational/deepen-x-slice-10041338-25.txt
 create mode 100644 knowledge/operational/deepen-x-slice-10041338-26.txt
 create mode 100644 knowledge/operational/deepen-x-slice-10041338-27.txt
 create mode 100644 knowledge/operational/deepen-x-slice-10041338-28.txt
 create mode 100644 knowledge/operational/deepen-x-slice-10041338-29.txt
 create mode 100644 knowledge/operational/deepen-x-slice-10041338-3.txt
 create mode 100644 knowledge/operational/deepen-x-slice-10041338-30.txt
 create mode 100644 knowledge/operational/deepen-x-slice-10041338-31.txt
 create mode 100644 knowledge/operational/deepen-x-slice-10041338-32.txt
 create mode 100644 knowledge/operational/deepen-x-slice-10041338-4.txt
 create mode 100644 knowledge/operational/deepen-x-slice-10041338-5.txt
 create mode 100644 knowledge/operational/deepen-x-slice-10041338-6.txt
 create mode 100644 knowledge/operational/deepen-x-slice-10041338-7.txt
 create mode 100644 knowledge/operational/deepen-x-slice-10041338-8.txt
 create mode 100644 knowledge/operational/deepen-x-slice-10041338-9.txt
 create mode 100644 knowledge/operational/deepen-x-slice-10041343-1.txt
 create mode 100644 knowledge/operational/deepen-x-slice-10041343-10.txt
 create mode 100644 knowledge/operational/deepen-x-slice-10041343-11.txt
 create mode 100644 knowledge/operational/deepen-x-slice-10041343-12.txt
 create mode 100644 knowledge/operational/deepen-x-slice-10041343-13.txt
 create mode 100644 knowledge/operational/deepen-x-slice-10041343-14.txt
 create mode 100644 knowledge/operational/deepen-x-slice-10041343-15.txt
 create mode 100644 knowledge/operational/deepen-x-slice-10041343-16.txt
 create mode 100644 knowledge/operational/deepen-x-slice-10041343-17.txt
 create mode 100644 knowledge/operational/deepen-x-slice-10041343-18.txt
 create mode 100644 knowledge/operational/deepen-x-slice-10041343-19.txt
 create mode 100644 knowledge/operational/deepen-x-slice-10041343-2.txt
 create mode 100644 knowledge/operational/deepen-x-slice-10041343-20.txt
 create mode 100644 knowledge/operational/deepen-x-slice-10041343-21.txt
 create mode 100644 knowledge/operational/deepen-x-slice-10041343-22.txt
 create mode 100644 knowledge/operational/deepen-x-slice-10041343-23.txt
 create mode 100644 knowledge/operational/deepen-x-slice-10041343-24.txt
 create mode 100644 knowledge/operational/deepen-x-slice-10041343-25.txt
 create mode 100644 knowledge/operational/deepen-x-slice-10041343-26.txt
 create mode 100644 knowledge/operational/deepen-x-slice-10041343-27.txt
 create mode 100644 knowledge/operational/deepen-x-slice-10041343-28.txt
 create mode 100644 knowledge/operational/deepen-x-slice-10041343-29.txt
 create mode 100644 knowledge/operational/deepen-x-slice-10041343-3.txt
 create mode 100644 knowledge/operational/deepen-x-slice-10041343-30.txt
 create mode 100644 knowledge/operational/deepen-x-slice-10041343-31.txt
 create mode 100644 knowledge/operational/deepen-x-slice-10041343-32.txt
 create mode 100644 knowledge/operational/deepen-x-slice-10041343-4.txt
 create mode 100644 knowledge/operational/deepen-x-slice-10041343-5.txt
 create mode 100644 knowledge/operational/deepen-x-slice-10041343-6.txt
 create mode 100644 knowledge/operational/deepen-x-slice-10041343-7.txt
 create mode 100644 knowledge/operational/deepen-x-slice-10041343-8.txt
 create mode 100644 knowledge/operational/deepen-x-slice-10041343-9.txt
 create mode 100644 knowledge/operational/deepen-x-slice-10041346-1.txt
 create mode 100644 knowledge/operational/deepen-x-slice-10041346-10.txt
 create mode 100644 knowledge/operational/deepen-x-slice-10041346-11.txt
 create mode 100644 knowledge/operational/deepen-x-slice-10041346-12.txt
 create mode 100644 knowledge/operational/deepen-x-slice-10041346-13.txt
 create mode 100644 knowledge/operational/deepen-x-slice-10041346-14.txt
 create mode 100644 knowledge/operational/deepen-x-slice-10041346-15.txt
 create mode 100644 knowledge/operational/deepen-x-slice-10041346-16.txt
 create mode 100644 knowledge/operational/deepen-x-slice-10041346-17.txt
 create mode 100644 knowledge/operational/deepen-x-slice-10041346-18.txt
 create mode 100644 knowledge/operational/deepen-x-slice-10041346-19.txt
 create mode 100644 knowledge/operational/deepen-x-slice-10041346-2.txt
 create mode 100644 knowledge/operational/deepen-x-slice-10041346-20.txt
 create mode 100644 knowledge/operational/deepen-x-slice-10041346-21.txt
 create mode 100644 knowledge/operational/deepen-x-slice-10041346-22.txt
 create mode 100644 knowledge/operational/deepen-x-slice-10041346-23.txt
 create mode 100644 knowledge/operational/deepen-x-slice-10041346-24.txt
 create mode 100644 knowledge/operational/deepen-x-slice-10041346-25.txt
 create mode 100644 knowledge/operational/deepen-x-slice-10041346-26.txt
 create mode 100644 knowledge/operational/deepen-x-slice-10041346-27.txt
 create mode 100644 knowledge/operational/deepen-x-slice-10041346-28.txt
 create mode 100644 knowledge/operational/deepen-x-slice-10041346-29.txt
 create mode 100644 knowledge/operational/deepen-x-slice-10041346-3.txt
 create mode 100644 knowledge/operational/deepen-x-slice-10041346-30.txt
 create mode 100644 knowledge/operational/deepen-x-slice-10041346-31.txt
 create mode 100644 knowledge/operational/deepen-x-slice-10041346-32.txt
 create mode 100644 knowledge/operational/deepen-x-slice-10041346-4.txt
 create mode 100644 knowledge/operational/deepen-x-slice-10041346-5.txt
 create mode 100644 knowledge/operational/deepen-x-slice-10041346-6.txt
 create mode 100644 knowledge/operational/deepen-x-slice-10041346-7.txt
 create mode 100644 knowledge/operational/deepen-x-slice-10041346-8.txt
 create mode 100644 knowledge/operational/deepen-x-slice-10041346-9.txt
 create mode 100644 knowledge/operational/deepen-x-slice-10041347-1.txt
 create mode 100644 knowledge/operational/deepen-x-slice-10041347-10.txt
 create mode 100644 knowledge/operational/deepen-x-slice-10041347-11.txt
 create mode 100644 knowledge/operational/deepen-x-slice-10041347-12.txt
 create mode 100644 knowledge/operational/deepen-x-slice-10041347-13.txt
 create mode 100644 knowledge/operational/deepen-x-slice-10041347-14.txt
 create mode 100644 knowledge/operational/deepen-x-slice-10041347-15.txt
 create mode 100644 knowledge/operational/deepen-x-slice-10041347-16.txt
 create mode 100644 knowledge/operational/deepen-x-slice-10041347-17.txt
 create mode 100644 knowledge/operational/deepen-x-slice-10041347-18.txt
 create mode 100644 knowledge/operational/deepen-x-slice-10041347-19.txt
 create mode 100644 knowledge/operational/deepen-x-slice-10041347-2.txt
 create mode 100644 knowledge/operational/deepen-x-slice-10041347-20.txt
 create mode 100644 knowledge/operational/deepen-x-slice-10041347-21.txt
 create mode 100644 knowledge/operational/deepen-x-slice-10041347-22.txt
 create mode 100644 knowledge/operational/deepen-x-slice-10041347-23.txt
 create mode 100644 knowledge/operational/deepen-x-slice-10041347-24.txt
 create mode 100644 knowledge/operational/deepen-x-slice-10041347-25.txt
 create mode 100644 knowledge/operational/deepen-x-slice-10041347-26.txt
 create mode 100644 knowledge/operational/deepen-x-slice-10041347-27.txt
 create mode 100644 knowledge/operational/deepen-x-slice-10041347-28.txt
 create mode 100644 knowledge/operational/deepen-x-slice-10041347-29.txt
 create mode 100644 knowledge/operational/deepen-x-slice-10041347-3.txt
 create mode 100644 knowledge/operational/deepen-x-slice-10041347-30.txt
 create mode 100644 knowledge/operational/deepen-x-slice-10041347-31.txt
 create mode 100644 knowledge/operational/deepen-x-slice-10041347-32.txt
 create mode 100644 knowledge/operational/deepen-x-slice-10041347-4.txt
 create mode 100644 knowledge/operational/deepen-x-slice-10041347-5.txt
 create mode 100644 knowledge/operational/deepen-x-slice-10041347-6.txt
 create mode 100644 knowledge/operational/deepen-x-slice-10041347-7.txt
 create mode 100644 knowledge/operational/deepen-x-slice-10041347-8.txt
 create mode 100644 knowledge/operational/deepen-x-slice-10041347-9.txt
 create mode 100644 knowledge/operational/deepen-x-slice-10041351-1.txt
 create mode 100644 knowledge/operational/deepen-x-slice-10041351-10.txt
 create mode 100644 knowledge/operational/deepen-x-slice-10041351-11.txt
 create mode 100644 knowledge/operational/deepen-x-slice-10041351-12.txt
 create mode 100644 knowledge/operational/deepen-x-slice-10041351-13.txt
 create mode 100644 knowledge/operational/deepen-x-slice-10041351-14.txt
 create mode 100644 knowledge/operational/deepen-x-slice-10041351-15.txt
 create mode 100644 knowledge/operational/deepen-x-slice-10041351-16.txt
 create mode 100644 knowledge/operational/deepen-x-slice-10041351-17.txt
 create mode 100644 knowledge/operational/deepen-x-slice-10041351-18.txt
 create mode 100644 knowledge/operational/deepen-x-slice-10041351-19.txt
 create mode 100644 knowledge/operational/deepen-x-slice-10041351-2.txt
 create mode 100644 knowledge/operational/deepen-x-slice-10041351-20.txt
 create mode 100644 knowledge/operational/deepen-x-slice-10041351-21.txt
 create mode 100644 knowledge/operational/deepen-x-slice-10041351-22.txt
 create mode 100644 knowledge/operational/deepen-x-slice-10041351-23.txt
 create mode 100644 knowledge/operational/deepen-x-slice-10041351-24.txt
 create mode 100644 knowledge/operational/deepen-x-slice-10041351-25.txt
 create mode 100644 knowledge/operational/deepen-x-slice-10041351-26.txt
 create mode 100644 knowledge/operational/deepen-x-slice-10041351-27.txt
 create mode 100644 knowledge/operational/deepen-x-slice-10041351-28.txt
 create mode 100644 knowledge/operational/deepen-x-slice-10041351-29.txt
 create mode 100644 knowledge/operational/deepen-x-slice-10041351-3.txt
 create mode 100644 knowledge/operational/deepen-x-slice-10041351-30.txt
 create mode 100644 knowledge/operational/deepen-x-slice-10041351-31.txt
 create mode 100644 knowledge/operational/deepen-x-slice-10041351-32.txt
 create mode 100644 knowledge/operational/deepen-x-slice-10041351-4.txt
 create mode 100644 knowledge/operational/deepen-x-slice-10041351-5.txt
 create mode 100644 knowledge/operational/deepen-x-slice-10041351-6.txt
 create mode 100644 knowledge/operational/deepen-x-slice-10041351-7.txt
 create mode 100644 knowledge/operational/deepen-x-slice-10041351-8.txt
 create mode 100644 knowledge/operational/deepen-x-slice-10041351-9.txt
 create mode 100644 knowledge/operational/deepen-x-slice-10041354-1.txt
 create mode 100644 knowledge/operational/deepen-x-slice-10041354-10.txt
 create mode 100644 knowledge/operational/deepen-x-slice-10041354-11.txt
 create mode 100644 knowledge/operational/deepen-x-slice-10041354-12.txt
 create mode 100644 knowledge/operational/deepen-x-slice-10041354-13.txt
 create mode 100644 knowledge/operational/deepen-x-slice-10041354-14.txt
 create mode 100644 knowledge/operational/deepen-x-slice-10041354-15.txt
 create mode 100644 knowledge/operational/deepen-x-slice-10041354-16.txt
 create mode 100644 knowledge/operational/deepen-x-slice-10041354-17.txt
 create mode 100644 knowledge/operational/deepen-x-slice-10041354-18.txt
 create mode 100644 knowledge/operational/deepen-x-slice-10041354-19.txt
 create mode 100644 knowledge/operational/deepen-x-slice-10041354-2.txt
 create mode 100644 knowledge/operational/deepen-x-slice-10041354-20.txt
 create mode 100644 knowledge/operational/deepen-x-slice-10041354-21.txt
 create mode 100644 knowledge/operational/deepen-x-slice-10041354-22.txt
 create mode 100644 knowledge/operational/deepen-x-slice-10041354-23.txt
 create mode 100644 knowledge/operational/deepen-x-slice-10041354-24.txt
 create mode 100644 knowledge/operational/deepen-x-slice-10041354-25.txt
 create mode 100644 knowledge/operational/deepen-x-slice-10041354-26.txt
 create mode 100644 knowledge/operational/deepen-x-slice-10041354-27.txt
 create mode 100644 knowledge/operational/deepen-x-slice-10041354-28.txt
 create mode 100644 knowledge/operational/deepen-x-slice-10041354-29.txt
 create mode 100644 knowledge/operational/deepen-x-slice-10041354-3.txt
 create mode 100644 knowledge/operational/deepen-x-slice-10041354-30.txt
 create mode 100644 knowledge/operational/deepen-x-slice-10041354-31.txt
 create mode 100644 knowledge/operational/deepen-x-slice-10041354-32.txt
 create mode 100644 knowledge/operational/deepen-x-slice-10041354-4.txt
 create mode 100644 knowledge/operational/deepen-x-slice-10041354-5.txt
 create mode 100644 knowledge/operational/deepen-x-slice-10041354-6.txt
 create mode 100644 knowledge/operational/deepen-x-slice-10041354-7.txt
 create mode 100644 knowledge/operational/deepen-x-slice-10041354-8.txt
 create mode 100644 knowledge/operational/deepen-x-slice-10041354-9.txt
 create mode 100644 knowledge/operational/deepen-x-slice-10041356-1.txt
 create mode 100644 knowledge/operational/deepen-x-slice-10041356-10.txt
 create mode 100644 knowledge/operational/deepen-x-slice-10041356-11.txt
 create mode 100644 knowledge/operational/deepen-x-slice-10041356-12.txt
 create mode 100644 knowledge/operational/deepen-x-slice-10041356-13.txt
 create mode 100644 knowledge/operational/deepen-x-slice-10041356-14.txt
 create mode 100644 knowledge/operational/deepen-x-slice-10041356-15.txt
 create mode 100644 knowledge/operational/deepen-x-slice-10041356-16.txt
 create mode 100644 knowledge/operational/deepen-x-slice-10041356-17.txt
 create mode 100644 knowledge/operational/deepen-x-slice-10041356-18.txt
 create mode 100644 knowledge/operational/deepen-x-slice-10041356-19.txt
 create mode 100644 knowledge/operational/deepen-x-slice-10041356-2.txt
 create mode 100644 knowledge/operational/deepen-x-slice-10041356-20.txt
 create mode 100644 knowledge/operational/deepen-x-slice-10041356-21.txt
 create mode 100644 knowledge/operational/deepen-x-slice-10041356-22.txt
 create mode 100644 knowledge/operational/deepen-x-slice-10041356-23.txt
 create mode 100644 knowledge/operational/deepen-x-slice-10041356-24.txt
 create mode 100644 knowledge/operational/deepen-x-slice-10041356-25.txt
 create mode 100644 knowledge/operational/deepen-x-slice-10041356-26.txt
 create mode 100644 knowledge/operational/deepen-x-slice-10041356-27.txt
 create mode 100644 knowledge/operational/deepen-x-slice-10041356-28.txt
 create mode 100644 knowledge/operational/deepen-x-slice-10041356-29.txt
 create mode 100644 knowledge/operational/deepen-x-slice-10041356-3.txt
 create mode 100644 knowledge/operational/deepen-x-slice-10041356-30.txt
 create mode 100644 knowledge/operational/deepen-x-slice-10041356-31.txt
 create mode 100644 knowledge/operational/deepen-x-slice-10041356-32.txt
 create mode 100644 knowledge/operational/deepen-x-slice-10041356-4.txt
 create mode 100644 knowledge/operational/deepen-x-slice-10041356-5.txt
 create mode 100644 knowledge/operational/deepen-x-slice-10041356-6.txt
 create mode 100644 knowledge/operational/deepen-x-slice-10041356-7.txt
 create mode 100644 knowledge/operational/deepen-x-slice-10041356-8.txt
 create mode 100644 knowledge/operational/deepen-x-slice-10041356-9.txt
 create mode 100644 knowledge/operational/deepen-x-slice-10041357-1.txt
 create mode 100644 knowledge/operational/deepen-x-slice-10041357-10.txt
 create mode 100644 knowledge/operational/deepen-x-slice-10041357-11.txt
 create mode 100644 knowledge/operational/deepen-x-slice-10041357-12.txt
 create mode 100644 knowledge/operational/deepen-x-slice-10041357-13.txt
 create mode 100644 knowledge/operational/deepen-x-slice-10041357-14.txt
 create mode 100644 knowledge/operational/deepen-x-slice-10041357-15.txt
 create mode 100644 knowledge/operational/deepen-x-slice-10041357-16.txt
 create mode 100644 knowledge/operational/deepen-x-slice-10041357-17.txt
 create mode 100644 knowledge/operational/deepen-x-slice-10041357-18.txt
 create mode 100644 knowledge/operational/deepen-x-slice-10041357-19.txt
 create mode 100644 knowledge/operational/deepen-x-slice-10041357-2.txt
 create mode 100644 knowledge/operational/deepen-x-slice-10041357-20.txt
 create mode 100644 knowledge/operational/deepen-x-slice-10041357-21.txt
 create mode 100644 knowledge/operational/deepen-x-slice-10041357-22.txt
 create mode 100644 knowledge/operational/deepen-x-slice-10041357-23.txt
 create mode 100644 knowledge/operational/deepen-x-slice-10041357-24.txt
 create mode 100644 knowledge/operational/deepen-x-slice-10041357-25.txt
 create mode 100644 knowledge/operational/deepen-x-slice-10041357-26.txt
 create mode 100644 knowledge/operational/deepen-x-slice-10041357-27.txt
 create mode 100644 knowledge/operational/deepen-x-slice-10041357-28.txt
 create mode 100644 knowledge/operational/deepen-x-slice-10041357-29.txt
 create mode 100644 knowledge/operational/deepen-x-slice-10041357-3.txt
 create mode 100644 knowledge/operational/deepen-x-slice-10041357-30.txt
 create mode 100644 knowledge/operational/deepen-x-slice-10041357-31.txt
 create mode 100644 knowledge/operational/deepen-x-slice-10041357-32.txt
 create mode 100644 knowledge/operational/deepen-x-slice-10041357-4.txt
 create mode 100644 knowledge/operational/deepen-x-slice-10041357-5.txt
 create mode 100644 knowledge/operational/deepen-x-slice-10041357-6.txt
 create mode 100644 knowledge/operational/deepen-x-slice-10041357-7.txt
 create mode 100644 knowledge/operational/deepen-x-slice-10041357-8.txt
 create mode 100644 knowledge/operational/deepen-x-slice-10041357-9.txt
 create mode 100644 knowledge/operational/deepen-x-slice-10041400-1.txt
 create mode 100644 knowledge/operational/deepen-x-slice-10041400-10.txt
 create mode 100644 knowledge/operational/deepen-x-slice-10041400-11.txt
 create mode 100644 knowledge/operational/deepen-x-slice-10041400-12.txt
 create mode 100644 knowledge/operational/deepen-x-slice-10041400-13.txt
 create mode 100644 knowledge/operational/deepen-x-slice-10041400-14.txt
 create mode 100644 knowledge/operational/deepen-x-slice-10041400-15.txt
 create mode 100644 knowledge/operational/deepen-x-slice-10041400-16.txt
 create mode 100644 knowledge/operational/deepen-x-slice-10041400-17.txt
 create mode 100644 knowledge/operational/deepen-x-slice-10041400-18.txt
 create mode 100644 knowledge/operational/deepen-x-slice-10041400-19.txt
 create mode 100644 knowledge/operational/deepen-x-slice-10041400-2.txt
 create mode 100644 knowledge/operational/deepen-x-slice-10041400-20.txt
 create mode 100644 knowledge/operational/deepen-x-slice-10041400-21.txt
 create mode 100644 knowledge/operational/deepen-x-slice-10041400-22.txt
 create mode 100644 knowledge/operational/deepen-x-slice-10041400-23.txt
 create mode 100644 knowledge/operational/deepen-x-slice-10041400-24.txt
 create mode 100644 knowledge/operational/deepen-x-slice-10041400-25.txt
 create mode 100644 knowledge/operational/deepen-x-slice-10041400-26.txt
 create mode 100644 knowledge/operational/deepen-x-slice-10041400-27.txt
 create mode 100644 knowledge/operational/deepen-x-slice-10041400-28.txt
 create mode 100644 knowledge/operational/deepen-x-slice-10041400-29.txt
 create mode 100644 knowledge/operational/deepen-x-slice-10041400-3.txt
 create mode 100644 knowledge/operational/deepen-x-slice-10041400-30.txt
 create mode 100644 knowledge/operational/deepen-x-slice-10041400-31.txt
 create mode 100644 knowledge/operational/deepen-x-slice-10041400-32.txt
 create mode 100644 knowledge/operational/deepen-x-slice-10041400-4.txt
 create mode 100644 knowledge/operational/deepen-x-slice-10041400-5.txt
 create mode 100644 knowledge/operational/deepen-x-slice-10041400-6.txt
 create mode 100644 knowledge/operational/deepen-x-slice-10041400-7.txt
 create mode 100644 knowledge/operational/deepen-x-slice-10041400-8.txt
 create mode 100644 knowledge/operational/deepen-x-slice-10041400-9.txt
 create mode 100644 knowledge/operational/deepen-x-slice-10041403-1.txt
 create mode 100644 knowledge/operational/deepen-x-slice-10041403-10.txt
 create mode 100644 knowledge/operational/deepen-x-slice-10041403-11.txt
 create mode 100644 knowledge/operational/deepen-x-slice-10041403-12.txt
 create mode 100644 knowledge/operational/deepen-x-slice-10041403-13.txt
 create mode 100644 knowledge/operational/deepen-x-slice-10041403-14.txt
 create mode 100644 knowledge/operational/deepen-x-slice-10041403-15.txt
 create mode 100644 knowledge/operational/deepen-x-slice-10041403-16.txt
 create mode 100644 knowledge/operational/deepen-x-slice-10041403-17.txt
 create mode 100644 knowledge/operational/deepen-x-slice-10041403-18.txt
 create mode 100644 knowledge/operational/deepen-x-slice-10041403-19.txt
 create mode 100644 knowledge/operational/deepen-x-slice-10041403-2.txt
 create mode 100644 knowledge/operational/deepen-x-slice-10041403-20.txt
 create mode 100644 knowledge/operational/deepen-x-slice-10041403-21.txt
 create mode 100644 knowledge/operational/deepen-x-slice-10041403-22.txt
 create mode 100644 knowledge/operational/deepen-x-slice-10041403-23.txt
 create mode 100644 knowledge/operational/deepen-x-slice-10041403-24.txt
 create mode 100644 knowledge/operational/deepen-x-slice-10041403-25.txt
 create mode 100644 knowledge/operational/deepen-x-slice-10041403-26.txt
 create mode 100644 knowledge/operational/deepen-x-slice-10041403-27.txt
 create mode 100644 knowledge/operational/deepen-x-slice-10041403-28.txt
 create mode 100644 knowledge/operational/deepen-x-slice-10041403-29.txt
 create mode 100644 knowledge/operational/deepen-x-slice-10041403-3.txt
 create mode 100644 knowledge/operational/deepen-x-slice-10041403-30.txt
 create mode 100644 knowledge/operational/deepen-x-slice-10041403-31.txt
 create mode 100644 knowledge/operational/deepen-x-slice-10041403-32.txt
 create mode 100644 knowledge/operational/deepen-x-slice-10041403-4.txt
 create mode 100644 knowledge/operational/deepen-x-slice-10041403-5.txt
 create mode 100644 knowledge/operational/deepen-x-slice-10041403-6.txt
 create mode 100644 knowledge/operational/deepen-x-slice-10041403-7.txt
 create mode 100644 knowledge/operational/deepen-x-slice-10041403-8.txt
 create mode 100644 knowledge/operational/deepen-x-slice-10041403-9.txt
 create mode 100644 knowledge/operational/deepen-x-slice-10041405-1.txt
 create mode 100644 knowledge/operational/deepen-x-slice-10041405-10.txt
 create mode 100644 knowledge/operational/deepen-x-slice-10041405-11.txt
 create mode 100644 knowledge/operational/deepen-x-slice-10041405-12.txt
 create mode 100644 knowledge/operational/deepen-x-slice-10041405-13.txt
 create mode 100644 knowledge/operational/deepen-x-slice-10041405-14.txt
 create mode 100644 knowledge/operational/deepen-x-slice-10041405-15.txt
 create mode 100644 knowledge/operational/deepen-x-slice-10041405-16.txt
 create mode 100644 knowledge/operational/deepen-x-slice-10041405-17.txt
 create mode 100644 knowledge/operational/deepen-x-slice-10041405-18.txt
 create mode 100644 knowledge/operational/deepen-x-slice-10041405-19.txt
 create mode 100644 knowledge/operational/deepen-x-slice-10041405-2.txt
 create mode 100644 knowledge/operational/deepen-x-slice-10041405-20.txt
 create mode 100644 knowledge/operational/deepen-x-slice-10041405-21.txt
 create mode 100644 knowledge/operational/deepen-x-slice-10041405-22.txt
 create mode 100644 knowledge/operational/deepen-x-slice-10041405-23.txt
 create mode 100644 knowledge/operational/deepen-x-slice-10041405-24.txt
 create mode 100644 knowledge/operational/deepen-x-slice-10041405-25.txt
 create mode 100644 knowledge/operational/deepen-x-slice-10041405-26.txt
 create mode 100644 knowledge/operational/deepen-x-slice-10041405-27.txt
 create mode 100644 knowledge/operational/deepen-x-slice-10041405-28.txt
 create mode 100644 knowledge/operational/deepen-x-slice-10041405-29.txt
 create mode 100644 knowledge/operational/deepen-x-slice-10041405-3.txt
 create mode 100644 knowledge/operational/deepen-x-slice-10041405-30.txt
 create mode 100644 knowledge/operational/deepen-x-slice-10041405-31.txt
 create mode 100644 knowledge/operational/deepen-x-slice-10041405-32.txt
 create mode 100644 knowledge/operational/deepen-x-slice-10041405-4.txt
 create mode 100644 knowledge/operational/deepen-x-slice-10041405-5.txt
 create mode 100644 knowledge/operational/deepen-x-slice-10041405-6.txt
 create mode 100644 knowledge/operational/deepen-x-slice-10041405-7.txt
 create mode 100644 knowledge/operational/deepen-x-slice-10041405-8.txt
 create mode 100644 knowledge/operational/deepen-x-slice-10041405-9.txt
 create mode 100644 knowledge/operational/deepen-x-slice-10041408-1.txt
 create mode 100644 knowledge/operational/deepen-x-slice-10041408-10.txt
 create mode 100644 knowledge/operational/deepen-x-slice-10041408-11.txt
 create mode 100644 knowledge/operational/deepen-x-slice-10041408-12.txt
 create mode 100644 knowledge/operational/deepen-x-slice-10041408-13.txt
 create mode 100644 knowledge/operational/deepen-x-slice-10041408-14.txt
 create mode 100644 knowledge/operational/deepen-x-slice-10041408-15.txt
 create mode 100644 knowledge/operational/deepen-x-slice-10041408-16.txt
 create mode 100644 knowledge/operational/deepen-x-slice-10041408-17.txt
 create mode 100644 knowledge/operational/deepen-x-slice-10041408-18.txt
 create mode 100644 knowledge/operational/deepen-x-slice-10041408-19.txt
 create mode 100644 knowledge/operational/deepen-x-slice-10041408-2.txt
 create mode 100644 knowledge/operational/deepen-x-slice-10041408-20.txt
 create mode 100644 knowledge/operational/deepen-x-slice-10041408-21.txt
 create mode 100644 knowledge/operational/deepen-x-slice-10041408-22.txt
 create mode 100644 knowledge/operational/deepen-x-slice-10041408-23.txt
 create mode 100644 knowledge/operational/deepen-x-slice-10041408-24.txt
 create mode 100644 knowledge/operational/deepen-x-slice-10041408-25.txt
 create mode 100644 knowledge/operational/deepen-x-slice-10041408-26.txt
 create mode 100644 knowledge/operational/deepen-x-slice-10041408-27.txt
 create mode 100644 knowledge/operational/deepen-x-slice-10041408-28.txt
 create mode 100644 knowledge/operational/deepen-x-slice-10041408-29.txt
 create mode 100644 knowledge/operational/deepen-x-slice-10041408-3.txt
 create mode 100644 knowledge/operational/deepen-x-slice-10041408-30.txt
 create mode 100644 knowledge/operational/deepen-x-slice-10041408-31.txt
 create mode 100644 knowledge/operational/deepen-x-slice-10041408-32.txt
 create mode 100644 knowledge/operational/deepen-x-slice-10041408-4.txt
 create mode 100644 knowledge/operational/deepen-x-slice-10041408-5.txt
 create mode 100644 knowledge/operational/deepen-x-slice-10041408-6.txt
 create mode 100644 knowledge/operational/deepen-x-slice-10041408-7.txt
 create mode 100644 knowledge/operational/deepen-x-slice-10041408-8.txt
 create mode 100644 knowledge/operational/deepen-x-slice-10041408-9.txt
 create mode 100644 knowledge/operational/deepen-x-slice-10041410-1.txt
 create mode 100644 knowledge/operational/deepen-x-slice-10041410-10.txt
 create mode 100644 knowledge/operational/deepen-x-slice-10041410-11.txt
 create mode 100644 knowledge/operational/deepen-x-slice-10041410-12.txt
 create mode 100644 knowledge/operational/deepen-x-slice-10041410-13.txt
 create mode 100644 knowledge/operational/deepen-x-slice-10041410-14.txt
 create mode 100644 knowledge/operational/deepen-x-slice-10041410-15.txt
 create mode 100644 knowledge/operational/deepen-x-slice-10041410-16.txt
 create mode 100644 knowledge/operational/deepen-x-slice-10041410-17.txt
 create mode 100644 knowledge/operational/deepen-x-slice-10041410-18.txt
 create mode 100644 knowledge/operational/deepen-x-slice-10041410-19.txt
 create mode 100644 knowledge/operational/deepen-x-slice-10041410-2.txt
 create mode 100644 knowledge/operational/deepen-x-slice-10041410-20.txt
 create mode 100644 knowledge/operational/deepen-x-slice-10041410-21.txt
 create mode 100644 knowledge/operational/deepen-x-slice-10041410-22.txt
 create mode 100644 knowledge/operational/deepen-x-slice-10041410-23.txt
 create mode 100644 knowledge/operational/deepen-x-slice-10041410-24.txt
 create mode 100644 knowledge/operational/deepen-x-slice-10041410-25.txt
 create mode 100644 knowledge/operational/deepen-x-slice-10041410-26.txt
 create mode 100644 knowledge/operational/deepen-x-slice-10041410-27.txt
 create mode 100644 knowledge/operational/deepen-x-slice-10041410-28.txt
 create mode 100644 knowledge/operational/deepen-x-slice-10041410-29.txt
 create mode 100644 knowledge/operational/deepen-x-slice-10041410-3.txt
 create mode 100644 knowledge/operational/deepen-x-slice-10041410-30.txt
 create mode 100644 knowledge/operational/deepen-x-slice-10041410-31.txt
 create mode 100644 knowledge/operational/deepen-x-slice-10041410-32.txt
 create mode 100644 knowledge/operational/deepen-x-slice-10041410-4.txt
 create mode 100644 knowledge/operational/deepen-x-slice-10041410-5.txt
 create mode 100644 knowledge/operational/deepen-x-slice-10041410-6.txt
 create mode 100644 knowledge/operational/deepen-x-slice-10041410-7.txt
 create mode 100644 knowledge/operational/deepen-x-slice-10041410-8.txt
 create mode 100644 knowledge/operational/deepen-x-slice-10041410-9.txt
 create mode 100644 knowledge/operational/deepen-x-slice-10041413-1.txt
 create mode 100644 knowledge/operational/deepen-x-slice-10041413-10.txt
 create mode 100644 knowledge/operational/deepen-x-slice-10041413-11.txt
 create mode 100644 knowledge/operational/deepen-x-slice-10041413-12.txt
 create mode 100644 knowledge/operational/deepen-x-slice-10041413-13.txt
 create mode 100644 knowledge/operational/deepen-x-slice-10041413-14.txt
 create mode 100644 knowledge/operational/deepen-x-slice-10041413-15.txt
 create mode 100644 knowledge/operational/deepen-x-slice-10041413-16.txt
 create mode 100644 knowledge/operational/deepen-x-slice-10041413-17.txt
 create mode 100644 knowledge/operational/deepen-x-slice-10041413-18.txt
 create mode 100644 knowledge/operational/deepen-x-slice-10041413-19.txt
 create mode 100644 knowledge/operational/deepen-x-slice-10041413-2.txt
 create mode 100644 knowledge/operational/deepen-x-slice-10041413-20.txt
 create mode 100644 knowledge/operational/deepen-x-slice-10041413-21.txt
 create mode 100644 knowledge/operational/deepen-x-slice-10041413-22.txt
 create mode 100644 knowledge/operational/deepen-x-slice-10041413-23.txt
 create mode 100644 knowledge/operational/deepen-x-slice-10041413-24.txt
 create mode 100644 knowledge/operational/deepen-x-slice-10041413-25.txt
 create mode 100644 knowledge/operational/deepen-x-slice-10041413-26.txt
 create mode 100644 knowledge/operational/deepen-x-slice-10041413-27.txt
 create mode 100644 knowledge/operational/deepen-x-slice-10041413-28.txt
 create mode 100644 knowledge/operational/deepen-x-slice-10041413-29.txt
 create mode 100644 knowledge/operational/deepen-x-slice-10041413-3.txt
 create mode 100644 knowledge/operational/deepen-x-slice-10041413-30.txt
 create mode 100644 knowledge/operational/deepen-x-slice-10041413-31.txt
 create mode 100644 knowledge/operational/deepen-x-slice-10041413-32.txt
 create mode 100644 knowledge/operational/deepen-x-slice-10041413-4.txt
 create mode 100644 knowledge/operational/deepen-x-slice-10041413-5.txt
 create mode 100644 knowledge/operational/deepen-x-slice-10041413-6.txt
 create mode 100644 knowledge/operational/deepen-x-slice-10041413-7.txt
 create mode 100644 knowledge/operational/deepen-x-slice-10041413-8.txt
 create mode 100644 knowledge/operational/deepen-x-slice-10041413-9.txt
 create mode 100644 knowledge/operational/deepen-x-slice-10041417-1.txt
 create mode 100644 knowledge/operational/deepen-x-slice-10041417-10.txt
 create mode 100644 knowledge/operational/deepen-x-slice-10041417-11.txt
 create mode 100644 knowledge/operational/deepen-x-slice-10041417-12.txt
 create mode 100644 knowledge/operational/deepen-x-slice-10041417-13.txt
 create mode 100644 knowledge/operational/deepen-x-slice-10041417-14.txt
 create mode 100644 knowledge/operational/deepen-x-slice-10041417-15.txt
 create mode 100644 knowledge/operational/deepen-x-slice-10041417-16.txt
 create mode 100644 knowledge/operational/deepen-x-slice-10041417-17.txt
 create mode 100644 knowledge/operational/deepen-x-slice-10041417-18.txt
 create mode 100644 knowledge/operational/deepen-x-slice-10041417-19.txt
 create mode 100644 knowledge/operational/deepen-x-slice-10041417-2.txt
 create mode 100644 knowledge/operational/deepen-x-slice-10041417-20.txt
 create mode 100644 knowledge/operational/deepen-x-slice-10041417-21.txt
 create mode 100644 knowledge/operational/deepen-x-slice-10041417-22.txt
 create mode 100644 knowledge/operational/deepen-x-slice-10041417-23.txt
 create mode 100644 knowledge/operational/deepen-x-slice-10041417-24.txt
 create mode 100644 knowledge/operational/deepen-x-slice-10041417-25.txt
 create mode 100644 knowledge/operational/deepen-x-slice-10041417-26.txt
 create mode 100644 knowledge/operational/deepen-x-slice-10041417-27.txt
 create mode 100644 knowledge/operational/deepen-x-slice-10041417-28.txt
 create mode 100644 knowledge/operational/deepen-x-slice-10041417-29.txt
 create mode 100644 knowledge/operational/deepen-x-slice-10041417-3.txt
 create mode 100644 knowledge/operational/deepen-x-slice-10041417-30.txt
 create mode 100644 knowledge/operational/deepen-x-slice-10041417-31.txt
 create mode 100644 knowledge/operational/deepen-x-slice-10041417-32.txt
 create mode 100644 knowledge/operational/deepen-x-slice-10041417-4.txt
 create mode 100644 knowledge/operational/deepen-x-slice-10041417-5.txt
 create mode 100644 knowledge/operational/deepen-x-slice-10041417-6.txt
 create mode 100644 knowledge/operational/deepen-x-slice-10041417-7.txt
 create mode 100644 knowledge/operational/deepen-x-slice-10041417-8.txt
 create mode 100644 knowledge/operational/deepen-x-slice-10041417-9.txt
 create mode 100644 knowledge/operational/deepen-x-slice-10041420-1.txt
 create mode 100644 knowledge/operational/deepen-x-slice-10041420-10.txt
 create mode 100644 knowledge/operational/deepen-x-slice-10041420-11.txt
 create mode 100644 knowledge/operational/deepen-x-slice-10041420-12.txt
 create mode 100644 knowledge/operational/deepen-x-slice-10041420-13.txt
 create mode 100644 knowledge/operational/deepen-x-slice-10041420-14.txt
 create mode 100644 knowledge/operational/deepen-x-slice-10041420-15.txt
 create mode 100644 knowledge/operational/deepen-x-slice-10041420-16.txt
 create mode 100644 knowledge/operational/deepen-x-slice-10041420-17.txt
 create mode 100644 knowledge/operational/deepen-x-slice-10041420-18.txt
 create mode 100644 knowledge/operational/deepen-x-slice-10041420-19.txt
 create mode 100644 knowledge/operational/deepen-x-slice-10041420-2.txt
 create mode 100644 knowledge/operational/deepen-x-slice-10041420-20.txt
 create mode 100644 knowledge/operational/deepen-x-slice-10041420-21.txt
 create mode 100644 knowledge/operational/deepen-x-slice-10041420-22.txt
 create mode 100644 knowledge/operational/deepen-x-slice-10041420-23.txt
 create mode 100644 knowledge/operational/deepen-x-slice-10041420-24.txt
 create mode 100644 knowledge/operational/deepen-x-slice-10041420-25.txt
 create mode 100644 knowledge/operational/deepen-x-slice-10041420-26.txt
 create mode 100644 knowledge/operational/deepen-x-slice-10041420-27.txt
 create mode 100644 knowledge/operational/deepen-x-slice-10041420-28.txt
 create mode 100644 knowledge/operational/deepen-x-slice-10041420-29.txt
 create mode 100644 knowledge/operational/deepen-x-slice-10041420-3.txt
 create mode 100644 knowledge/operational/deepen-x-slice-10041420-30.txt
 create mode 100644 knowledge/operational/deepen-x-slice-10041420-31.txt
 create mode 100644 knowledge/operational/deepen-x-slice-10041420-32.txt
 create mode 100644 knowledge/operational/deepen-x-slice-10041420-4.txt
 create mode 100644 knowledge/operational/deepen-x-slice-10041420-5.txt
 create mode 100644 knowledge/operational/deepen-x-slice-10041420-6.txt
 create mode 100644 knowledge/operational/deepen-x-slice-10041420-7.txt
 create mode 100644 knowledge/operational/deepen-x-slice-10041420-8.txt
 create mode 100644 knowledge/operational/deepen-x-slice-10041420-9.txt
 create mode 100644 knowledge/operational/deepen-x-slice-10041423-1.txt
 create mode 100644 knowledge/operational/deepen-x-slice-10041423-10.txt
 create mode 100644 knowledge/operational/deepen-x-slice-10041423-11.txt
 create mode 100644 knowledge/operational/deepen-x-slice-10041423-12.txt
 create mode 100644 knowledge/operational/deepen-x-slice-10041423-13.txt
 create mode 100644 knowledge/operational/deepen-x-slice-10041423-14.txt
 create mode 100644 knowledge/operational/deepen-x-slice-10041423-15.txt
 create mode 100644 knowledge/operational/deepen-x-slice-10041423-16.txt
 create mode 100644 knowledge/operational/deepen-x-slice-10041423-17.txt
 create mode 100644 knowledge/operational/deepen-x-slice-10041423-18.txt
 create mode 100644 knowledge/operational/deepen-x-slice-10041423-19.txt
 create mode 100644 knowledge/operational/deepen-x-slice-10041423-2.txt
 create mode 100644 knowledge/operational/deepen-x-slice-10041423-20.txt
 create mode 100644 knowledge/operational/deepen-x-slice-10041423-21.txt
 create mode 100644 knowledge/operational/deepen-x-slice-10041423-22.txt
 create mode 100644 knowledge/operational/deepen-x-slice-10041423-23.txt
 create mode 100644 knowledge/operational/deepen-x-slice-10041423-24.txt
 create mode 100644 knowledge/operational/deepen-x-slice-10041423-25.txt
 create mode 100644 knowledge/operational/deepen-x-slice-10041423-26.txt
 create mode 100644 knowledge/operational/deepen-x-slice-10041423-27.txt
 create mode 100644 knowledge/operational/deepen-x-slice-10041423-28.txt
 create mode 100644 knowledge/operational/deepen-x-slice-10041423-29.txt
 create mode 100644 knowledge/operational/deepen-x-slice-10041423-3.txt
 create mode 100644 knowledge/operational/deepen-x-slice-10041423-30.txt
 create mode 100644 knowledge/operational/deepen-x-slice-10041423-31.txt
 create mode 100644 knowledge/operational/deepen-x-slice-10041423-32.txt
 create mode 100644 knowledge/operational/deepen-x-slice-10041423-4.txt
 create mode 100644 knowledge/operational/deepen-x-slice-10041423-5.txt
 create mode 100644 knowledge/operational/deepen-x-slice-10041423-6.txt
 create mode 100644 knowledge/operational/deepen-x-slice-10041423-7.txt
 create mode 100644 knowledge/operational/deepen-x-slice-10041423-8.txt
 create mode 100644 knowledge/operational/deepen-x-slice-10041423-9.txt
 create mode 100644 knowledge/operational/deepen-x-slice-10041426-1.txt
 create mode 100644 knowledge/operational/deepen-x-slice-10041426-10.txt
 create mode 100644 knowledge/operational/deepen-x-slice-10041426-11.txt
 create mode 100644 knowledge/operational/deepen-x-slice-10041426-12.txt
 create mode 100644 knowledge/operational/deepen-x-slice-10041426-13.txt
 create mode 100644 knowledge/operational/deepen-x-slice-10041426-14.txt
 create mode 100644 knowledge/operational/deepen-x-slice-10041426-15.txt
 create mode 100644 knowledge/operational/deepen-x-slice-10041426-16.txt
 create mode 100644 knowledge/operational/deepen-x-slice-10041426-17.txt
 create mode 100644 knowledge/operational/deepen-x-slice-10041426-18.txt
 create mode 100644 knowledge/operational/deepen-x-slice-10041426-19.txt
 create mode 100644 knowledge/operational/deepen-x-slice-10041426-2.txt
 create mode 100644 knowledge/operational/deepen-x-slice-10041426-20.txt
 create mode 100644 knowledge/operational/deepen-x-slice-10041426-21.txt
 create mode 100644 knowledge/operational/deepen-x-slice-10041426-22.txt
 create mode 100644 knowledge/operational/deepen-x-slice-10041426-23.txt
 create mode 100644 knowledge/operational/deepen-x-slice-10041426-24.txt
 create mode 100644 knowledge/operational/deepen-x-slice-10041426-25.txt
 create mode 100644 knowledge/operational/deepen-x-slice-10041426-26.txt
 create mode 100644 knowledge/operational/deepen-x-slice-10041426-27.txt
 create mode 100644 knowledge/operational/deepen-x-slice-10041426-28.txt
 create mode 100644 knowledge/operational/deepen-x-slice-10041426-29.txt
 create mode 100644 knowledge/operational/deepen-x-slice-10041426-3.txt
 create mode 100644 knowledge/operational/deepen-x-slice-10041426-30.txt
 create mode 100644 knowledge/operational/deepen-x-slice-10041426-31.txt
 create mode 100644 knowledge/operational/deepen-x-slice-10041426-32.txt
 create mode 100644 knowledge/operational/deepen-x-slice-10041426-4.txt
 create mode 100644 knowledge/operational/deepen-x-slice-10041426-5.txt
 create mode 100644 knowledge/operational/deepen-x-slice-10041426-6.txt
 create mode 100644 knowledge/operational/deepen-x-slice-10041426-7.txt
 create mode 100644 knowledge/operational/deepen-x-slice-10041426-8.txt
 create mode 100644 knowledge/operational/deepen-x-slice-10041426-9.txt
 create mode 100644 knowledge/operational/deepen-x-slice-10041429-1.txt
 create mode 100644 knowledge/operational/deepen-x-slice-10041429-10.txt
 create mode 100644 knowledge/operational/deepen-x-slice-10041429-11.txt
 create mode 100644 knowledge/operational/deepen-x-slice-10041429-12.txt
 create mode 100644 knowledge/operational/deepen-x-slice-10041429-13.txt
 create mode 100644 knowledge/operational/deepen-x-slice-10041429-14.txt
 create mode 100644 knowledge/operational/deepen-x-slice-10041429-15.txt
 create mode 100644 knowledge/operational/deepen-x-slice-10041429-16.txt
 create mode 100644 knowledge/operational/deepen-x-slice-10041429-17.txt
 create mode 100644 knowledge/operational/deepen-x-slice-10041429-18.txt
 create mode 100644 knowledge/operational/deepen-x-slice-10041429-19.txt
 create mode 100644 knowledge/operational/deepen-x-slice-10041429-2.txt
 create mode 100644 knowledge/operational/deepen-x-slice-10041429-20.txt
 create mode 100644 knowledge/operational/deepen-x-slice-10041429-21.txt
 create mode 100644 knowledge/operational/deepen-x-slice-10041429-22.txt
 create mode 100644 knowledge/operational/deepen-x-slice-10041429-23.txt
 create mode 100644 knowledge/operational/deepen-x-slice-10041429-24.txt
 create mode 100644 knowledge/operational/deepen-x-slice-10041429-25.txt
 create mode 100644 knowledge/operational/deepen-x-slice-10041429-26.txt
 create mode 100644 knowledge/operational/deepen-x-slice-10041429-27.txt
 create mode 100644 knowledge/operational/deepen-x-slice-10041429-28.txt
 create mode 100644 knowledge/operational/deepen-x-slice-10041429-29.txt
 create mode 100644 knowledge/operational/deepen-x-slice-10041429-3.txt
 create mode 100644 knowledge/operational/deepen-x-slice-10041429-30.txt
 create mode 100644 knowledge/operational/deepen-x-slice-10041429-31.txt
 create mode 100644 knowledge/operational/deepen-x-slice-10041429-32.txt
 create mode 100644 knowledge/operational/deepen-x-slice-10041429-4.txt
 create mode 100644 knowledge/operational/deepen-x-slice-10041429-5.txt
 create mode 100644 knowledge/operational/deepen-x-slice-10041429-6.txt
 create mode 100644 knowledge/operational/deepen-x-slice-10041429-7.txt
 create mode 100644 knowledge/operational/deepen-x-slice-10041429-8.txt
 create mode 100644 knowledge/operational/deepen-x-slice-10041429-9.txt
 create mode 100644 knowledge/operational/deepen-x-slice-10041433-1.txt
 create mode 100644 knowledge/operational/deepen-x-slice-10041433-10.txt
 create mode 100644 knowledge/operational/deepen-x-slice-10041433-11.txt
 create mode 100644 knowledge/operational/deepen-x-slice-10041433-12.txt
 create mode 100644 knowledge/operational/deepen-x-slice-10041433-13.txt
 create mode 100644 knowledge/operational/deepen-x-slice-10041433-14.txt
 create mode 100644 knowledge/operational/deepen-x-slice-10041433-15.txt
 create mode 100644 knowledge/operational/deepen-x-slice-10041433-16.txt
 create mode 100644 knowledge/operational/deepen-x-slice-10041433-17.txt
 create mode 100644 knowledge/operational/deepen-x-slice-10041433-18.txt
 create mode 100644 knowledge/operational/deepen-x-slice-10041433-19.txt
 create mode 100644 knowledge/operational/deepen-x-slice-10041433-2.txt
 create mode 100644 knowledge/operational/deepen-x-slice-10041433-20.txt
 create mode 100644 knowledge/operational/deepen-x-slice-10041433-21.txt
 create mode 100644 knowledge/operational/deepen-x-slice-10041433-22.txt
 create mode 100644 knowledge/operational/deepen-x-slice-10041433-23.txt
 create mode 100644 knowledge/operational/deepen-x-slice-10041433-24.txt
 create mode 100644 knowledge/operational/deepen-x-slice-10041433-25.txt
 create mode 100644 knowledge/operational/deepen-x-slice-10041433-26.txt
 create mode 100644 knowledge/operational/deepen-x-slice-10041433-27.txt
 create mode 100644 knowledge/operational/deepen-x-slice-10041433-28.txt
 create mode 100644 knowledge/operational/deepen-x-slice-10041433-29.txt
 create mode 100644 knowledge/operational/deepen-x-slice-10041433-3.txt
 create mode 100644 knowledge/operational/deepen-x-slice-10041433-30.txt
 create mode 100644 knowledge/operational/deepen-x-slice-10041433-31.txt
 create mode 100644 knowledge/operational/deepen-x-slice-10041433-32.txt
 create mode 100644 knowledge/operational/deepen-x-slice-10041433-4.txt
 create mode 100644 knowledge/operational/deepen-x-slice-10041433-5.txt
 create mode 100644 knowledge/operational/deepen-x-slice-10041433-6.txt
 create mode 100644 knowledge/operational/deepen-x-slice-10041433-7.txt
 create mode 100644 knowledge/operational/deepen-x-slice-10041433-8.txt
 create mode 100644 knowledge/operational/deepen-x-slice-10041433-9.txt
 create mode 100644 knowledge/operational/deepen-x-slice-10041441-1.txt
 create mode 100644 knowledge/operational/deepen-x-slice-10041441-10.txt
 create mode 100644 knowledge/operational/deepen-x-slice-10041441-11.txt
 create mode 100644 knowledge/operational/deepen-x-slice-10041441-12.txt
 create mode 100644 knowledge/operational/deepen-x-slice-10041441-13.txt
 create mode 100644 knowledge/operational/deepen-x-slice-10041441-14.txt
 create mode 100644 knowledge/operational/deepen-x-slice-10041441-15.txt
 create mode 100644 knowledge/operational/deepen-x-slice-10041441-16.txt
 create mode 100644 knowledge/operational/deepen-x-slice-10041441-17.txt
 create mode 100644 knowledge/operational/deepen-x-slice-10041441-18.txt
 create mode 100644 knowledge/operational/deepen-x-slice-10041441-19.txt
 create mode 100644 knowledge/operational/deepen-x-slice-10041441-2.txt
 create mode 100644 knowledge/operational/deepen-x-slice-10041441-20.txt
 create mode 100644 knowledge/operational/deepen-x-slice-10041441-21.txt
 create mode 100644 knowledge/operational/deepen-x-slice-10041441-22.txt
 create mode 100644 knowledge/operational/deepen-x-slice-10041441-23.txt
 create mode 100644 knowledge/operational/deepen-x-slice-10041441-24.txt
 create mode 100644 knowledge/operational/deepen-x-slice-10041441-25.txt
 create mode 100644 knowledge/operational/deepen-x-slice-10041441-26.txt
 create mode 100644 knowledge/operational/deepen-x-slice-10041441-27.txt
 create mode 100644 knowledge/operational/deepen-x-slice-10041441-28.txt
 create mode 100644 knowledge/operational/deepen-x-slice-10041441-29.txt
 create mode 100644 knowledge/operational/deepen-x-slice-10041441-3.txt
 create mode 100644 knowledge/operational/deepen-x-slice-10041441-30.txt
 create mode 100644 knowledge/operational/deepen-x-slice-10041441-31.txt
 create mode 100644 knowledge/operational/deepen-x-slice-10041441-32.txt
 create mode 100644 knowledge/operational/deepen-x-slice-10041441-4.txt
 create mode 100644 knowledge/operational/deepen-x-slice-10041441-5.txt
 create mode 100644 knowledge/operational/deepen-x-slice-10041441-6.txt
 create mode 100644 knowledge/operational/deepen-x-slice-10041441-7.txt
 create mode 100644 knowledge/operational/deepen-x-slice-10041441-8.txt
 create mode 100644 knowledge/operational/deepen-x-slice-10041441-9.txt
 create mode 100644 knowledge/operational/deepen-x-slice-10041445-1.txt
 create mode 100644 knowledge/operational/deepen-x-slice-10041445-10.txt
 create mode 100644 knowledge/operational/deepen-x-slice-10041445-11.txt
 create mode 100644 knowledge/operational/deepen-x-slice-10041445-12.txt
 create mode 100644 knowledge/operational/deepen-x-slice-10041445-13.txt
 create mode 100644 knowledge/operational/deepen-x-slice-10041445-14.txt
 create mode 100644 knowledge/operational/deepen-x-slice-10041445-15.txt
 create mode 100644 knowledge/operational/deepen-x-slice-10041445-16.txt
 create mode 100644 knowledge/operational/deepen-x-slice-10041445-17.txt
 create mode 100644 knowledge/operational/deepen-x-slice-10041445-18.txt
 create mode 100644 knowledge/operational/deepen-x-slice-10041445-19.txt
 create mode 100644 knowledge/operational/deepen-x-slice-10041445-2.txt
 create mode 100644 knowledge/operational/deepen-x-slice-10041445-20.txt
 create mode 100644 knowledge/operational/deepen-x-slice-10041445-21.txt
 create mode 100644 knowledge/operational/deepen-x-slice-10041445-22.txt
 create mode 100644 knowledge/operational/deepen-x-slice-10041445-23.txt
 create mode 100644 knowledge/operational/deepen-x-slice-10041445-24.txt
 create mode 100644 knowledge/operational/deepen-x-slice-10041445-25.txt
 create mode 100644 knowledge/operational/deepen-x-slice-10041445-26.txt
 create mode 100644 knowledge/operational/deepen-x-slice-10041445-27.txt
 create mode 100644 knowledge/operational/deepen-x-slice-10041445-28.txt
 create mode 100644 knowledge/operational/deepen-x-slice-10041445-29.txt
 create mode 100644 knowledge/operational/deepen-x-slice-10041445-3.txt
 create mode 100644 knowledge/operational/deepen-x-slice-10041445-30.txt
 create mode 100644 knowledge/operational/deepen-x-slice-10041445-31.txt
 create mode 100644 knowledge/operational/deepen-x-slice-10041445-32.txt
 create mode 100644 knowledge/operational/deepen-x-slice-10041445-4.txt
 create mode 100644 knowledge/operational/deepen-x-slice-10041445-5.txt
 create mode 100644 knowledge/operational/deepen-x-slice-10041445-6.txt
 create mode 100644 knowledge/operational/deepen-x-slice-10041445-7.txt
 create mode 100644 knowledge/operational/deepen-x-slice-10041445-8.txt
 create mode 100644 knowledge/operational/deepen-x-slice-10041445-9.txt
 create mode 100644 knowledge/operational/deepen-x-slice-10041450-1.txt
 create mode 100644 knowledge/operational/deepen-x-slice-10041450-10.txt
 create mode 100644 knowledge/operational/deepen-x-slice-10041450-11.txt
 create mode 100644 knowledge/operational/deepen-x-slice-10041450-12.txt
 create mode 100644 knowledge/operational/deepen-x-slice-10041450-13.txt
 create mode 100644 knowledge/operational/deepen-x-slice-10041450-14.txt
 create mode 100644 knowledge/operational/deepen-x-slice-10041450-15.txt
 create mode 100644 knowledge/operational/deepen-x-slice-10041450-16.txt
 create mode 100644 knowledge/operational/deepen-x-slice-10041450-17.txt
 create mode 100644 knowledge/operational/deepen-x-slice-10041450-18.txt
 create mode 100644 knowledge/operational/deepen-x-slice-10041450-19.txt
 create mode 100644 knowledge/operational/deepen-x-slice-10041450-2.txt
 create mode 100644 knowledge/operational/deepen-x-slice-10041450-20.txt
 create mode 100644 knowledge/operational/deepen-x-slice-10041450-21.txt
 create mode 100644 knowledge/operational/deepen-x-slice-10041450-22.txt
 create mode 100644 knowledge/operational/deepen-x-slice-10041450-23.txt
 create mode 100644 knowledge/operational/deepen-x-slice-10041450-24.txt
 create mode 100644 knowledge/operational/deepen-x-slice-10041450-25.txt
 create mode 100644 knowledge/operational/deepen-x-slice-10041450-26.txt
 create mode 100644 knowledge/operational/deepen-x-slice-10041450-27.txt
 create mode 100644 knowledge/operational/deepen-x-slice-10041450-28.txt
 create mode 100644 knowledge/operational/deepen-x-slice-10041450-29.txt
 create mode 100644 knowledge/operational/deepen-x-slice-10041450-3.txt
 create mode 100644 knowledge/operational/deepen-x-slice-10041450-30.txt
 create mode 100644 knowledge/operational/deepen-x-slice-10041450-31.txt
 create mode 100644 knowledge/operational/deepen-x-slice-10041450-32.txt
 create mode 100644 knowledge/operational/deepen-x-slice-10041450-4.txt
 create mode 100644 knowledge/operational/deepen-x-slice-10041450-5.txt
 create mode 100644 knowledge/operational/deepen-x-slice-10041450-6.txt
 create mode 100644 knowledge/operational/deepen-x-slice-10041450-7.txt
 create mode 100644 knowledge/operational/deepen-x-slice-10041450-8.txt
 create mode 100644 knowledge/operational/deepen-x-slice-10041450-9.txt
 create mode 100644 knowledge/operational/deepen-x-slice-10041454-1.txt
 create mode 100644 knowledge/operational/deepen-x-slice-10041454-10.txt
 create mode 100644 knowledge/operational/deepen-x-slice-10041454-11.txt
 create mode 100644 knowledge/operational/deepen-x-slice-10041454-12.txt
 create mode 100644 knowledge/operational/deepen-x-slice-10041454-13.txt
 create mode 100644 knowledge/operational/deepen-x-slice-10041454-14.txt
 create mode 100644 knowledge/operational/deepen-x-slice-10041454-15.txt
 create mode 100644 knowledge/operational/deepen-x-slice-10041454-16.txt
 create mode 100644 knowledge/operational/deepen-x-slice-10041454-17.txt
 create mode 100644 knowledge/operational/deepen-x-slice-10041454-18.txt
 create mode 100644 knowledge/operational/deepen-x-slice-10041454-19.txt
 create mode 100644 knowledge/operational/deepen-x-slice-10041454-2.txt
 create mode 100644 knowledge/operational/deepen-x-slice-10041454-20.txt
 create mode 100644 knowledge/operational/deepen-x-slice-10041454-21.txt
 create mode 100644 knowledge/operational/deepen-x-slice-10041454-22.txt
 create mode 100644 knowledge/operational/deepen-x-slice-10041454-23.txt
 create mode 100644 knowledge/operational/deepen-x-slice-10041454-24.txt
 create mode 100644 knowledge/operational/deepen-x-slice-10041454-25.txt
 create mode 100644 knowledge/operational/deepen-x-slice-10041454-26.txt
 create mode 100644 knowledge/operational/deepen-x-slice-10041454-27.txt
 create mode 100644 knowledge/operational/deepen-x-slice-10041454-28.txt
 create mode 100644 knowledge/operational/deepen-x-slice-10041454-29.txt
 create mode 100644 knowledge/operational/deepen-x-slice-10041454-3.txt
 create mode 100644 knowledge/operational/deepen-x-slice-10041454-30.txt
 create mode 100644 knowledge/operational/deepen-x-slice-10041454-31.txt
 create mode 100644 knowledge/operational/deepen-x-slice-10041454-32.txt
 create mode 100644 knowledge/operational/deepen-x-slice-10041454-4.txt
 create mode 100644 knowledge/operational/deepen-x-slice-10041454-5.txt
 create mode 100644 knowledge/operational/deepen-x-slice-10041454-6.txt
 create mode 100644 knowledge/operational/deepen-x-slice-10041454-7.txt
 create mode 100644 knowledge/operational/deepen-x-slice-10041454-8.txt
 create mode 100644 knowledge/operational/deepen-x-slice-10041454-9.txt
 create mode 100644 knowledge/operational/deepen-x-slice-10041458-1.txt
 create mode 100644 knowledge/operational/deepen-x-slice-10041458-10.txt
 create mode 100644 knowledge/operational/deepen-x-slice-10041458-11.txt
 create mode 100644 knowledge/operational/deepen-x-slice-10041458-12.txt
 create mode 100644 knowledge/operational/deepen-x-slice-10041458-13.txt
 create mode 100644 knowledge/operational/deepen-x-slice-10041458-14.txt
 create mode 100644 knowledge/operational/deepen-x-slice-10041458-15.txt
 create mode 100644 knowledge/operational/deepen-x-slice-10041458-16.txt
 create mode 100644 knowledge/operational/deepen-x-slice-10041458-17.txt
 create mode 100644 knowledge/operational/deepen-x-slice-10041458-18.txt
 create mode 100644 knowledge/operational/deepen-x-slice-10041458-19.txt
 create mode 100644 knowledge/operational/deepen-x-slice-10041458-2.txt
 create mode 100644 knowledge/operational/deepen-x-slice-10041458-20.txt
 create mode 100644 knowledge/operational/deepen-x-slice-10041458-21.txt
 create mode 100644 knowledge/operational/deepen-x-slice-10041458-22.txt
 create mode 100644 knowledge/operational/deepen-x-slice-10041458-23.txt
 create mode 100644 knowledge/operational/deepen-x-slice-10041458-24.txt
 create mode 100644 knowledge/operational/deepen-x-slice-10041458-25.txt
 create mode 100644 knowledge/operational/deepen-x-slice-10041458-26.txt
 create mode 100644 knowledge/operational/deepen-x-slice-10041458-27.txt
 create mode 100644 knowledge/operational/deepen-x-slice-10041458-28.txt
 create mode 100644 knowledge/operational/deepen-x-slice-10041458-29.txt
 create mode 100644 knowledge/operational/deepen-x-slice-10041458-3.txt
 create mode 100644 knowledge/operational/deepen-x-slice-10041458-30.txt
 create mode 100644 knowledge/operational/deepen-x-slice-10041458-31.txt
 create mode 100644 knowledge/operational/deepen-x-slice-10041458-32.txt
 create mode 100644 knowledge/operational/deepen-x-slice-10041458-4.txt
 create mode 100644 knowledge/operational/deepen-x-slice-10041458-5.txt
 create mode 100644 knowledge/operational/deepen-x-slice-10041458-6.txt
 create mode 100644 knowledge/operational/deepen-x-slice-10041458-7.txt
 create mode 100644 knowledge/operational/deepen-x-slice-10041458-8.txt
 create mode 100644 knowledge/operational/deepen-x-slice-10041458-9.txt
 create mode 100644 knowledge/operational/deepen-x-slice-10041500-1.txt
 create mode 100644 knowledge/operational/deepen-x-slice-10041500-10.txt
 create mode 100644 knowledge/operational/deepen-x-slice-10041500-11.txt
 create mode 100644 knowledge/operational/deepen-x-slice-10041500-12.txt
 create mode 100644 knowledge/operational/deepen-x-slice-10041500-13.txt
 create mode 100644 knowledge/operational/deepen-x-slice-10041500-14.txt
 create mode 100644 knowledge/operational/deepen-x-slice-10041500-15.txt
 create mode 100644 knowledge/operational/deepen-x-slice-10041500-16.txt
 create mode 100644 knowledge/operational/deepen-x-slice-10041500-17.txt
 create mode 100644 knowledge/operational/deepen-x-slice-10041500-18.txt
 create mode 100644 knowledge/operational/deepen-x-slice-10041500-19.txt
 create mode 100644 knowledge/operational/deepen-x-slice-10041500-2.txt
 create mode 100644 knowledge/operational/deepen-x-slice-10041500-20.txt
 create mode 100644 knowledge/operational/deepen-x-slice-10041500-21.txt
 create mode 100644 knowledge/operational/deepen-x-slice-10041500-22.txt
 create mode 100644 knowledge/operational/deepen-x-slice-10041500-23.txt
 create mode 100644 knowledge/operational/deepen-x-slice-10041500-24.txt
 create mode 100644 knowledge/operational/deepen-x-slice-10041500-25.txt
 create mode 100644 knowledge/operational/deepen-x-slice-10041500-26.txt
 create mode 100644 knowledge/operational/deepen-x-slice-10041500-27.txt
 create mode 100644 knowledge/operational/deepen-x-slice-10041500-28.txt
 create mode 100644 knowledge/operational/deepen-x-slice-10041500-29.txt
 create mode 100644 knowledge/operational/deepen-x-slice-10041500-3.txt
 create mode 100644 knowledge/operational/deepen-x-slice-10041500-30.txt
 create mode 100644 knowledge/operational/deepen-x-slice-10041500-31.txt
 create mode 100644 knowledge/operational/deepen-x-slice-10041500-32.txt
 create mode 100644 knowledge/operational/deepen-x-slice-10041500-4.txt
 create mode 100644 knowledge/operational/deepen-x-slice-10041500-5.txt
 create mode 100644 knowledge/operational/deepen-x-slice-10041500-6.txt
 create mode 100644 knowledge/operational/deepen-x-slice-10041500-7.txt
 create mode 100644 knowledge/operational/deepen-x-slice-10041500-8.txt
 create mode 100644 knowledge/operational/deepen-x-slice-10041500-9.txt
 create mode 100644 knowledge/operational/deepen-x-slice-10041502-1.txt
 create mode 100644 knowledge/operational/deepen-x-slice-10041502-10.txt
 create mode 100644 knowledge/operational/deepen-x-slice-10041502-11.txt
 create mode 100644 knowledge/operational/deepen-x-slice-10041502-12.txt
 create mode 100644 knowledge/operational/deepen-x-slice-10041502-13.txt
 create mode 100644 knowledge/operational/deepen-x-slice-10041502-14.txt
 create mode 100644 knowledge/operational/deepen-x-slice-10041502-15.txt
 create mode 100644 knowledge/operational/deepen-x-slice-10041502-16.txt
 create mode 100644 knowledge/operational/deepen-x-slice-10041502-17.txt
 create mode 100644 knowledge/operational/deepen-x-slice-10041502-18.txt
 create mode 100644 knowledge/operational/deepen-x-slice-10041502-19.txt
 create mode 100644 knowledge/operational/deepen-x-slice-10041502-2.txt
 create mode 100644 knowledge/operational/deepen-x-slice-10041502-20.txt
 create mode 100644 knowledge/operational/deepen-x-slice-10041502-21.txt
 create mode 100644 knowledge/operational/deepen-x-slice-10041502-22.txt
 create mode 100644 knowledge/operational/deepen-x-slice-10041502-23.txt
 create mode 100644 knowledge/operational/deepen-x-slice-10041502-24.txt
 create mode 100644 knowledge/operational/deepen-x-slice-10041502-25.txt
 create mode 100644 knowledge/operational/deepen-x-slice-10041502-26.txt
 create mode 100644 knowledge/operational/deepen-x-slice-10041502-27.txt
 create mode 100644 knowledge/operational/deepen-x-slice-10041502-28.txt
 create mode 100644 knowledge/operational/deepen-x-slice-10041502-29.txt
 create mode 100644 knowledge/operational/deepen-x-slice-10041502-3.txt
 create mode 100644 knowledge/operational/deepen-x-slice-10041502-30.txt
 create mode 100644 knowledge/operational/deepen-x-slice-10041502-31.txt
 create mode 100644 knowledge/operational/deepen-x-slice-10041502-32.txt
 create mode 100644 knowledge/operational/deepen-x-slice-10041502-4.txt
 create mode 100644 knowledge/operational/deepen-x-slice-10041502-5.txt
 create mode 100644 knowledge/operational/deepen-x-slice-10041502-6.txt
 create mode 100644 knowledge/operational/deepen-x-slice-10041502-7.txt
 create mode 100644 knowledge/operational/deepen-x-slice-10041502-8.txt
 create mode 100644 knowledge/operational/deepen-x-slice-10041502-9.txt
 create mode 100644 knowledge/operational/deepen-x-slice-10041506-1.txt
 create mode 100644 knowledge/operational/deepen-x-slice-10041506-10.txt
 create mode 100644 knowledge/operational/deepen-x-slice-10041506-11.txt
 create mode 100644 knowledge/operational/deepen-x-slice-10041506-12.txt
 create mode 100644 knowledge/operational/deepen-x-slice-10041506-13.txt
 create mode 100644 knowledge/operational/deepen-x-slice-10041506-14.txt
 create mode 100644 knowledge/operational/deepen-x-slice-10041506-15.txt
 create mode 100644 knowledge/operational/deepen-x-slice-10041506-16.txt
 create mode 100644 knowledge/operational/deepen-x-slice-10041506-17.txt
 create mode 100644 knowledge/operational/deepen-x-slice-10041506-18.txt
 create mode 100644 knowledge/operational/deepen-x-slice-10041506-19.txt
 create mode 100644 knowledge/operational/deepen-x-slice-10041506-2.txt
 create mode 100644 knowledge/operational/deepen-x-slice-10041506-20.txt
 create mode 100644 knowledge/operational/deepen-x-slice-10041506-21.txt
 create mode 100644 knowledge/operational/deepen-x-slice-10041506-22.txt
 create mode 100644 knowledge/operational/deepen-x-slice-10041506-23.txt
 create mode 100644 knowledge/operational/deepen-x-slice-10041506-24.txt
 create mode 100644 knowledge/operational/deepen-x-slice-10041506-25.txt
 create mode 100644 knowledge/operational/deepen-x-slice-10041506-26.txt
 create mode 100644 knowledge/operational/deepen-x-slice-10041506-27.txt
 create mode 100644 knowledge/operational/deepen-x-slice-10041506-28.txt
 create mode 100644 knowledge/operational/deepen-x-slice-10041506-29.txt
 create mode 100644 knowledge/operational/deepen-x-slice-10041506-3.txt
 create mode 100644 knowledge/operational/deepen-x-slice-10041506-30.txt
 create mode 100644 knowledge/operational/deepen-x-slice-10041506-31.txt
 create mode 100644 knowledge/operational/deepen-x-slice-10041506-32.txt
 create mode 100644 knowledge/operational/deepen-x-slice-10041506-4.txt
 create mode 100644 knowledge/operational/deepen-x-slice-10041506-5.txt
 create mode 100644 knowledge/operational/deepen-x-slice-10041506-6.txt
 create mode 100644 knowledge/operational/deepen-x-slice-10041506-7.txt
 create mode 100644 knowledge/operational/deepen-x-slice-10041506-8.txt
 create mode 100644 knowledge/operational/deepen-x-slice-10041506-9.txt
 create mode 100644 knowledge/operational/deepen-x-slice-10041509-1.txt
 create mode 100644 knowledge/operational/deepen-x-slice-10041509-10.txt
 create mode 100644 knowledge/operational/deepen-x-slice-10041509-11.txt
 create mode 100644 knowledge/operational/deepen-x-slice-10041509-12.txt
 create mode 100644 knowledge/operational/deepen-x-slice-10041509-13.txt
 create mode 100644 knowledge/operational/deepen-x-slice-10041509-14.txt
 create mode 100644 knowledge/operational/deepen-x-slice-10041509-15.txt
 create mode 100644 knowledge/operational/deepen-x-slice-10041509-16.txt
 create mode 100644 knowledge/operational/deepen-x-slice-10041509-17.txt
 create mode 100644 knowledge/operational/deepen-x-slice-10041509-18.txt
 create mode 100644 knowledge/operational/deepen-x-slice-10041509-19.txt
 create mode 100644 knowledge/operational/deepen-x-slice-10041509-2.txt
 create mode 100644 knowledge/operational/deepen-x-slice-10041509-20.txt
 create mode 100644 knowledge/operational/deepen-x-slice-10041509-21.txt
 create mode 100644 knowledge/operational/deepen-x-slice-10041509-22.txt
 create mode 100644 knowledge/operational/deepen-x-slice-10041509-23.txt
 create mode 100644 knowledge/operational/deepen-x-slice-10041509-24.txt
 create mode 100644 knowledge/operational/deepen-x-slice-10041509-25.txt
 create mode 100644 knowledge/operational/deepen-x-slice-10041509-26.txt
 create mode 100644 knowledge/operational/deepen-x-slice-10041509-27.txt
 create mode 100644 knowledge/operational/deepen-x-slice-10041509-28.txt
 create mode 100644 knowledge/operational/deepen-x-slice-10041509-29.txt
 create mode 100644 knowledge/operational/deepen-x-slice-10041509-3.txt
 create mode 100644 knowledge/operational/deepen-x-slice-10041509-30.txt
 create mode 100644 knowledge/operational/deepen-x-slice-10041509-31.txt
 create mode 100644 knowledge/operational/deepen-x-slice-10041509-32.txt
 create mode 100644 knowledge/operational/deepen-x-slice-10041509-4.txt
 create mode 100644 knowledge/operational/deepen-x-slice-10041509-5.txt
 create mode 100644 knowledge/operational/deepen-x-slice-10041509-6.txt
 create mode 100644 knowledge/operational/deepen-x-slice-10041509-7.txt
 create mode 100644 knowledge/operational/deepen-x-slice-10041509-8.txt
 create mode 100644 knowledge/operational/deepen-x-slice-10041509-9.txt
 create mode 100644 knowledge/operational/deepen-x-slice-10041511-1.txt
 create mode 100644 knowledge/operational/deepen-x-slice-10041511-10.txt
 create mode 100644 knowledge/operational/deepen-x-slice-10041511-11.txt
 create mode 100644 knowledge/operational/deepen-x-slice-10041511-12.txt
 create mode 100644 knowledge/operational/deepen-x-slice-10041511-13.txt
 create mode 100644 knowledge/operational/deepen-x-slice-10041511-14.txt
 create mode 100644 knowledge/operational/deepen-x-slice-10041511-15.txt
 create mode 100644 knowledge/operational/deepen-x-slice-10041511-16.txt
 create mode 100644 knowledge/operational/deepen-x-slice-10041511-17.txt
 create mode 100644 knowledge/operational/deepen-x-slice-10041511-18.txt
 create mode 100644 knowledge/operational/deepen-x-slice-10041511-19.txt
 create mode 100644 knowledge/operational/deepen-x-slice-10041511-2.txt
 create mode 100644 knowledge/operational/deepen-x-slice-10041511-20.txt
 create mode 100644 knowledge/operational/deepen-x-slice-10041511-21.txt
 create mode 100644 knowledge/operational/deepen-x-slice-10041511-22.txt
 create mode 100644 knowledge/operational/deepen-x-slice-10041511-23.txt
 create mode 100644 knowledge/operational/deepen-x-slice-10041511-24.txt
 create mode 100644 knowledge/operational/deepen-x-slice-10041511-25.txt
 create mode 100644 knowledge/operational/deepen-x-slice-10041511-26.txt
 create mode 100644 knowledge/operational/deepen-x-slice-10041511-27.txt
 create mode 100644 knowledge/operational/deepen-x-slice-10041511-28.txt
 create mode 100644 knowledge/operational/deepen-x-slice-10041511-29.txt
 create mode 100644 knowledge/operational/deepen-x-slice-10041511-3.txt
 create mode 100644 knowledge/operational/deepen-x-slice-10041511-30.txt
 create mode 100644 knowledge/operational/deepen-x-slice-10041511-31.txt
 create mode 100644 knowledge/operational/deepen-x-slice-10041511-32.txt
 create mode 100644 knowledge/operational/deepen-x-slice-10041511-4.txt
 create mode 100644 knowledge/operational/deepen-x-slice-10041511-5.txt
 create mode 100644 knowledge/operational/deepen-x-slice-10041511-6.txt
 create mode 100644 knowledge/operational/deepen-x-slice-10041511-7.txt
 create mode 100644 knowledge/operational/deepen-x-slice-10041511-8.txt
 create mode 100644 knowledge/operational/deepen-x-slice-10041511-9.txt
 create mode 100644 knowledge/operational/deepen-x-slice-10041515-1.txt
 create mode 100644 knowledge/operational/deepen-x-slice-10041515-10.txt
 create mode 100644 knowledge/operational/deepen-x-slice-10041515-11.txt
 create mode 100644 knowledge/operational/deepen-x-slice-10041515-12.txt
 create mode 100644 knowledge/operational/deepen-x-slice-10041515-13.txt
 create mode 100644 knowledge/operational/deepen-x-slice-10041515-14.txt
 create mode 100644 knowledge/operational/deepen-x-slice-10041515-15.txt
 create mode 100644 knowledge/operational/deepen-x-slice-10041515-16.txt
 create mode 100644 knowledge/operational/deepen-x-slice-10041515-17.txt
 create mode 100644 knowledge/operational/deepen-x-slice-10041515-18.txt
 create mode 100644 knowledge/operational/deepen-x-slice-10041515-19.txt
 create mode 100644 knowledge/operational/deepen-x-slice-10041515-2.txt
 create mode 100644 knowledge/operational/deepen-x-slice-10041515-20.txt
 create mode 100644 knowledge/operational/deepen-x-slice-10041515-21.txt
 create mode 100644 knowledge/operational/deepen-x-slice-10041515-22.txt
 create mode 100644 knowledge/operational/deepen-x-slice-10041515-23.txt
 create mode 100644 knowledge/operational/deepen-x-slice-10041515-24.txt
 create mode 100644 knowledge/operational/deepen-x-slice-10041515-25.txt
 create mode 100644 knowledge/operational/deepen-x-slice-10041515-26.txt
 create mode 100644 knowledge/operational/deepen-x-slice-10041515-27.txt
 create mode 100644 knowledge/operational/deepen-x-slice-10041515-28.txt
 create mode 100644 knowledge/operational/deepen-x-slice-10041515-29.txt
 create mode 100644 knowledge/operational/deepen-x-slice-10041515-3.txt
 create mode 100644 knowledge/operational/deepen-x-slice-10041515-30.txt
 create mode 100644 knowledge/operational/deepen-x-slice-10041515-31.txt
 create mode 100644 knowledge/operational/deepen-x-slice-10041515-32.txt
 create mode 100644 knowledge/operational/deepen-x-slice-10041515-4.txt
 create mode 100644 knowledge/operational/deepen-x-slice-10041515-5.txt
 create mode 100644 knowledge/operational/deepen-x-slice-10041515-6.txt
 create mode 100644 knowledge/operational/deepen-x-slice-10041515-7.txt
 create mode 100644 knowledge/operational/deepen-x-slice-10041515-8.txt
 create mode 100644 knowledge/operational/deepen-x-slice-10041515-9.txt
 create mode 100644 knowledge/operational/deepen-x-slice-10041517-1.txt
 create mode 100644 knowledge/operational/deepen-x-slice-10041517-10.txt
 create mode 100644 knowledge/operational/deepen-x-slice-10041517-11.txt
 create mode 100644 knowledge/operational/deepen-x-slice-10041517-12.txt
 create mode 100644 knowledge/operational/deepen-x-slice-10041517-13.txt
 create mode 100644 knowledge/operational/deepen-x-slice-10041517-14.txt
 create mode 100644 knowledge/operational/deepen-x-slice-10041517-15.txt
 create mode 100644 knowledge/operational/deepen-x-slice-10041517-16.txt
 create mode 100644 knowledge/operational/deepen-x-slice-10041517-17.txt
 create mode 100644 knowledge/operational/deepen-x-slice-10041517-18.txt
 create mode 100644 knowledge/operational/deepen-x-slice-10041517-19.txt
 create mode 100644 knowledge/operational/deepen-x-slice-10041517-2.txt
 create mode 100644 knowledge/operational/deepen-x-slice-10041517-20.txt
 create mode 100644 knowledge/operational/deepen-x-slice-10041517-21.txt
 create mode 100644 knowledge/operational/deepen-x-slice-10041517-22.txt
 create mode 100644 knowledge/operational/deepen-x-slice-10041517-23.txt
 create mode 100644 knowledge/operational/deepen-x-slice-10041517-24.txt
 create mode 100644 knowledge/operational/deepen-x-slice-10041517-25.txt
 create mode 100644 knowledge/operational/deepen-x-slice-10041517-26.txt
 create mode 100644 knowledge/operational/deepen-x-slice-10041517-27.txt
 create mode 100644 knowledge/operational/deepen-x-slice-10041517-28.txt
 create mode 100644 knowledge/operational/deepen-x-slice-10041517-29.txt
 create mode 100644 knowledge/operational/deepen-x-slice-10041517-3.txt
 create mode 100644 knowledge/operational/deepen-x-slice-10041517-30.txt
 create mode 100644 knowledge/operational/deepen-x-slice-10041517-31.txt
 create mode 100644 knowledge/operational/deepen-x-slice-10041517-32.txt
 create mode 100644 knowledge/operational/deepen-x-slice-10041517-4.txt
 create mode 100644 knowledge/operational/deepen-x-slice-10041517-5.txt
 create mode 100644 knowledge/operational/deepen-x-slice-10041517-6.txt
 create mode 100644 knowledge/operational/deepen-x-slice-10041517-7.txt
 create mode 100644 knowledge/operational/deepen-x-slice-10041517-8.txt
 create mode 100644 knowledge/operational/deepen-x-slice-10041517-9.txt
 create mode 100644 knowledge/operational/deepen-x-slice-10041519-1.txt
 create mode 100644 knowledge/operational/deepen-x-slice-10041519-10.txt
 create mode 100644 knowledge/operational/deepen-x-slice-10041519-11.txt
 create mode 100644 knowledge/operational/deepen-x-slice-10041519-12.txt
 create mode 100644 knowledge/operational/deepen-x-slice-10041519-13.txt
 create mode 100644 knowledge/operational/deepen-x-slice-10041519-14.txt
 create mode 100644 knowledge/operational/deepen-x-slice-10041519-15.txt
 create mode 100644 knowledge/operational/deepen-x-slice-10041519-16.txt
 create mode 100644 knowledge/operational/deepen-x-slice-10041519-17.txt
 create mode 100644 knowledge/operational/deepen-x-slice-10041519-18.txt
 create mode 100644 knowledge/operational/deepen-x-slice-10041519-19.txt
 create mode 100644 knowledge/operational/deepen-x-slice-10041519-2.txt
 create mode 100644 knowledge/operational/deepen-x-slice-10041519-20.txt
 create mode 100644 knowledge/operational/deepen-x-slice-10041519-21.txt
 create mode 100644 knowledge/operational/deepen-x-slice-10041519-22.txt
 create mode 100644 knowledge/operational/deepen-x-slice-10041519-23.txt
 create mode 100644 knowledge/operational/deepen-x-slice-10041519-24.txt
 create mode 100644 knowledge/operational/deepen-x-slice-10041519-25.txt
 create mode 100644 knowledge/operational/deepen-x-slice-10041519-26.txt
 create mode 100644 knowledge/operational/deepen-x-slice-10041519-27.txt
 create mode 100644 knowledge/operational/deepen-x-slice-10041519-28.txt
 create mode 100644 knowledge/operational/deepen-x-slice-10041519-29.txt
 create mode 100644 knowledge/operational/deepen-x-slice-10041519-3.txt
 create mode 100644 knowledge/operational/deepen-x-slice-10041519-30.txt
 create mode 100644 knowledge/operational/deepen-x-slice-10041519-31.txt
 create mode 100644 knowledge/operational/deepen-x-slice-10041519-32.txt
 create mode 100644 knowledge/operational/deepen-x-slice-10041519-4.txt
 create mode 100644 knowledge/operational/deepen-x-slice-10041519-5.txt
 create mode 100644 knowledge/operational/deepen-x-slice-10041519-6.txt
 create mode 100644 knowledge/operational/deepen-x-slice-10041519-7.txt
 create mode 100644 knowledge/operational/deepen-x-slice-10041519-8.txt
 create mode 100644 knowledge/operational/deepen-x-slice-10041519-9.txt
 create mode 100644 knowledge/operational/deepen-x-slice-10041523-1.txt
 create mode 100644 knowledge/operational/deepen-x-slice-10041523-10.txt
 create mode 100644 knowledge/operational/deepen-x-slice-10041523-11.txt
 create mode 100644 knowledge/operational/deepen-x-slice-10041523-12.txt
 create mode 100644 knowledge/operational/deepen-x-slice-10041523-13.txt
 create mode 100644 knowledge/operational/deepen-x-slice-10041523-14.txt
 create mode 100644 knowledge/operational/deepen-x-slice-10041523-15.txt
 create mode 100644 knowledge/operational/deepen-x-slice-10041523-16.txt
 create mode 100644 knowledge/operational/deepen-x-slice-10041523-17.txt
 create mode 100644 knowledge/operational/deepen-x-slice-10041523-18.txt
 create mode 100644 knowledge/operational/deepen-x-slice-10041523-19.txt
 create mode 100644 knowledge/operational/deepen-x-slice-10041523-2.txt
 create mode 100644 knowledge/operational/deepen-x-slice-10041523-20.txt
 create mode 100644 knowledge/operational/deepen-x-slice-10041523-21.txt
 create mode 100644 knowledge/operational/deepen-x-slice-10041523-22.txt
 create mode 100644 knowledge/operational/deepen-x-slice-10041523-23.txt
 create mode 100644 knowledge/operational/deepen-x-slice-10041523-24.txt
 create mode 100644 knowledge/operational/deepen-x-slice-10041523-25.txt
 create mode 100644 knowledge/operational/deepen-x-slice-10041523-26.txt
 create mode 100644 knowledge/operational/deepen-x-slice-10041523-27.txt
 create mode 100644 knowledge/operational/deepen-x-slice-10041523-28.txt
 create mode 100644 knowledge/operational/deepen-x-slice-10041523-29.txt
 create mode 100644 knowledge/operational/deepen-x-slice-10041523-3.txt
 create mode 100644 knowledge/operational/deepen-x-slice-10041523-30.txt
 create mode 100644 knowledge/operational/deepen-x-slice-10041523-31.txt
 create mode 100644 knowledge/operational/deepen-x-slice-10041523-32.txt
 create mode 100644 knowledge/operational/deepen-x-slice-10041523-4.txt
 create mode 100644 knowledge/operational/deepen-x-slice-10041523-5.txt
 create mode 100644 knowledge/operational/deepen-x-slice-10041523-6.txt
 create mode 100644 knowledge/operational/deepen-x-slice-10041523-7.txt
 create mode 100644 knowledge/operational/deepen-x-slice-10041523-8.txt
 create mode 100644 knowledge/operational/deepen-x-slice-10041523-9.txt
 create mode 100644 knowledge/operational/deepen-x-slice-10041529-1.txt
 create mode 100644 knowledge/operational/deepen-x-slice-10041529-10.txt
 create mode 100644 knowledge/operational/deepen-x-slice-10041529-11.txt
 create mode 100644 knowledge/operational/deepen-x-slice-10041529-12.txt
 create mode 100644 knowledge/operational/deepen-x-slice-10041529-13.txt
 create mode 100644 knowledge/operational/deepen-x-slice-10041529-14.txt
 create mode 100644 knowledge/operational/deepen-x-slice-10041529-15.txt
 create mode 100644 knowledge/operational/deepen-x-slice-10041529-16.txt
 create mode 100644 knowledge/operational/deepen-x-slice-10041529-17.txt
 create mode 100644 knowledge/operational/deepen-x-slice-10041529-18.txt
 create mode 100644 knowledge/operational/deepen-x-slice-10041529-19.txt
 create mode 100644 knowledge/operational/deepen-x-slice-10041529-2.txt
 create mode 100644 knowledge/operational/deepen-x-slice-10041529-20.txt
 create mode 100644 knowledge/operational/deepen-x-slice-10041529-21.txt
 create mode 100644 knowledge/operational/deepen-x-slice-10041529-22.txt
 create mode 100644 knowledge/operational/deepen-x-slice-10041529-23.txt
 create mode 100644 knowledge/operational/deepen-x-slice-10041529-24.txt
 create mode 100644 knowledge/operational/deepen-x-slice-10041529-25.txt
 create mode 100644 knowledge/operational/deepen-x-slice-10041529-26.txt
 create mode 100644 knowledge/operational/deepen-x-slice-10041529-27.txt
 create mode 100644 knowledge/operational/deepen-x-slice-10041529-28.txt
 create mode 100644 knowledge/operational/deepen-x-slice-10041529-29.txt
 create mode 100644 knowledge/operational/deepen-x-slice-10041529-3.txt
 create mode 100644 knowledge/operational/deepen-x-slice-10041529-30.txt
 create mode 100644 knowledge/operational/deepen-x-slice-10041529-31.txt
 create mode 100644 knowledge/operational/deepen-x-slice-10041529-32.txt
 create mode 100644 knowledge/operational/deepen-x-slice-10041529-4.txt
 create mode 100644 knowledge/operational/deepen-x-slice-10041529-5.txt
 create mode 100644 knowledge/operational/deepen-x-slice-10041529-6.txt
 create mode 100644 knowledge/operational/deepen-x-slice-10041529-7.txt
 create mode 100644 knowledge/operational/deepen-x-slice-10041529-8.txt
 create mode 100644 knowledge/operational/deepen-x-slice-10041529-9.txt
 create mode 100644 knowledge/operational/deepen-x-slice-10041534-1.txt
 create mode 100644 knowledge/operational/deepen-x-slice-10041534-10.txt
 create mode 100644 knowledge/operational/deepen-x-slice-10041534-11.txt
 create mode 100644 knowledge/operational/deepen-x-slice-10041534-12.txt
 create mode 100644 knowledge/operational/deepen-x-slice-10041534-13.txt
 create mode 100644 knowledge/operational/deepen-x-slice-10041534-14.txt
 create mode 100644 knowledge/operational/deepen-x-slice-10041534-15.txt
 create mode 100644 knowledge/operational/deepen-x-slice-10041534-16.txt
 create mode 100644 knowledge/operational/deepen-x-slice-10041534-17.txt
 create mode 100644 knowledge/operational/deepen-x-slice-10041534-18.txt
 create mode 100644 knowledge/operational/deepen-x-slice-10041534-19.txt
 create mode 100644 knowledge/operational/deepen-x-slice-10041534-2.txt
 create mode 100644 knowledge/operational/deepen-x-slice-10041534-20.txt
 create mode 100644 knowledge/operational/deepen-x-slice-10041534-21.txt
 create mode 100644 knowledge/operational/deepen-x-slice-10041534-22.txt
 create mode 100644 knowledge/operational/deepen-x-slice-10041534-23.txt
 create mode 100644 knowledge/operational/deepen-x-slice-10041534-24.txt
 create mode 100644 knowledge/operational/deepen-x-slice-10041534-25.txt
 create mode 100644 knowledge/operational/deepen-x-slice-10041534-26.txt
 create mode 100644 knowledge/operational/deepen-x-slice-10041534-27.txt
 create mode 100644 knowledge/operational/deepen-x-slice-10041534-28.txt
 create mode 100644 knowledge/operational/deepen-x-slice-10041534-29.txt
 create mode 100644 knowledge/operational/deepen-x-slice-10041534-3.txt
 create mode 100644 knowledge/operational/deepen-x-slice-10041534-30.txt
 create mode 100644 knowledge/operational/deepen-x-slice-10041534-31.txt
 create mode 100644 knowledge/operational/deepen-x-slice-10041534-32.txt
 create mode 100644 knowledge/operational/deepen-x-slice-10041534-4.txt
 create mode 100644 knowledge/operational/deepen-x-slice-10041534-5.txt
 create mode 100644 knowledge/operational/deepen-x-slice-10041534-6.txt
 create mode 100644 knowledge/operational/deepen-x-slice-10041534-7.txt
 create mode 100644 knowledge/operational/deepen-x-slice-10041534-8.txt
 create mode 100644 knowledge/operational/deepen-x-slice-10041534-9.txt
 create mode 100644 knowledge/operational/deepen-x-slice-10041538-1.txt
 create mode 100644 knowledge/operational/deepen-x-slice-10041538-10.txt
 create mode 100644 knowledge/operational/deepen-x-slice-10041538-11.txt
 create mode 100644 knowledge/operational/deepen-x-slice-10041538-12.txt
 create mode 100644 knowledge/operational/deepen-x-slice-10041538-13.txt
 create mode 100644 knowledge/operational/deepen-x-slice-10041538-14.txt
 create mode 100644 knowledge/operational/deepen-x-slice-10041538-15.txt
 create mode 100644 knowledge/operational/deepen-x-slice-10041538-16.txt
 create mode 100644 knowledge/operational/deepen-x-slice-10041538-17.txt
 create mode 100644 knowledge/operational/deepen-x-slice-10041538-18.txt
 create mode 100644 knowledge/operational/deepen-x-slice-10041538-19.txt
 create mode 100644 knowledge/operational/deepen-x-slice-10041538-2.txt
 create mode 100644 knowledge/operational/deepen-x-slice-10041538-20.txt
 create mode 100644 knowledge/operational/deepen-x-slice-10041538-21.txt
 create mode 100644 knowledge/operational/deepen-x-slice-10041538-22.txt
 create mode 100644 knowledge/operational/deepen-x-slice-10041538-23.txt
 create mode 100644 knowledge/operational/deepen-x-slice-10041538-24.txt
 create mode 100644 knowledge/operational/deepen-x-slice-10041538-25.txt
 create mode 100644 knowledge/operational/deepen-x-slice-10041538-26.txt
 create mode 100644 knowledge/operational/deepen-x-slice-10041538-27.txt
 create mode 100644 knowledge/operational/deepen-x-slice-10041538-28.txt
 create mode 100644 knowledge/operational/deepen-x-slice-10041538-29.txt
 create mode 100644 knowledge/operational/deepen-x-slice-10041538-3.txt
 create mode 100644 knowledge/operational/deepen-x-slice-10041538-30.txt
 create mode 100644 knowledge/operational/deepen-x-slice-10041538-31.txt
 create mode 100644 knowledge/operational/deepen-x-slice-10041538-32.txt
 create mode 100644 knowledge/operational/deepen-x-slice-10041538-4.txt
 create mode 100644 knowledge/operational/deepen-x-slice-10041538-5.txt
 create mode 100644 knowledge/operational/deepen-x-slice-10041538-6.txt
 create mode 100644 knowledge/operational/deepen-x-slice-10041538-7.txt
 create mode 100644 knowledge/operational/deepen-x-slice-10041538-8.txt
 create mode 100644 knowledge/operational/deepen-x-slice-10041538-9.txt
 create mode 100644 knowledge/operational/deepen-x-slice-10041541-1.txt
 create mode 100644 knowledge/operational/deepen-x-slice-10041541-10.txt
 create mode 100644 knowledge/operational/deepen-x-slice-10041541-11.txt
 create mode 100644 knowledge/operational/deepen-x-slice-10041541-12.txt
 create mode 100644 knowledge/operational/deepen-x-slice-10041541-13.txt
 create mode 100644 knowledge/operational/deepen-x-slice-10041541-14.txt
 create mode 100644 knowledge/operational/deepen-x-slice-10041541-15.txt
 create mode 100644 knowledge/operational/deepen-x-slice-10041541-16.txt
 create mode 100644 knowledge/operational/deepen-x-slice-10041541-17.txt
 create mode 100644 knowledge/operational/deepen-x-slice-10041541-18.txt
 create mode 100644 knowledge/operational/deepen-x-slice-10041541-19.txt
 create mode 100644 knowledge/operational/deepen-x-slice-10041541-2.txt
 create mode 100644 knowledge/operational/deepen-x-slice-10041541-20.txt
 create mode 100644 knowledge/operational/deepen-x-slice-10041541-21.txt
 create mode 100644 knowledge/operational/deepen-x-slice-10041541-22.txt
 create mode 100644 knowledge/operational/deepen-x-slice-10041541-23.txt
 create mode 100644 knowledge/operational/deepen-x-slice-10041541-24.txt
 create mode 100644 knowledge/operational/deepen-x-slice-10041541-25.txt
 create mode 100644 knowledge/operational/deepen-x-slice-10041541-26.txt
 create mode 100644 knowledge/operational/deepen-x-slice-10041541-27.txt
 create mode 100644 knowledge/operational/deepen-x-slice-10041541-28.txt
 create mode 100644 knowledge/operational/deepen-x-slice-10041541-29.txt
 create mode 100644 knowledge/operational/deepen-x-slice-10041541-3.txt
 create mode 100644 knowledge/operational/deepen-x-slice-10041541-30.txt
 create mode 100644 knowledge/operational/deepen-x-slice-10041541-31.txt
 create mode 100644 knowledge/operational/deepen-x-slice-10041541-32.txt
 create mode 100644 knowledge/operational/deepen-x-slice-10041541-4.txt
 create mode 100644 knowledge/operational/deepen-x-slice-10041541-5.txt
 create mode 100644 knowledge/operational/deepen-x-slice-10041541-6.txt
 create mode 100644 knowledge/operational/deepen-x-slice-10041541-7.txt
 create mode 100644 knowledge/operational/deepen-x-slice-10041541-8.txt
 create mode 100644 knowledge/operational/deepen-x-slice-10041541-9.txt
 create mode 100644 knowledge/operational/evaluated/2026-10-04.json
 create mode 100644 knowledge/operational/extracted/2026-10-04.json
 create mode 100644 knowledge/operational/janitor-log/2026-10-04.jsonl
 create mode 100644 knowledge/operational/scout/2026-10-04.jsonl
CI: committed heal
CI: not green — no L3 push
CI_SUMMARY: green=0 ops=WARN drift=ACTION smoke=OK
CI_STATUS: HEALED_OR_WARN
