2026-07-25T00:25:52Z P2 start sleep=0.5s max=5 done_already=0
2026-07-25T00:25:52Z queue size after filters: 59422
2026-07-25T00:25:58Z hit TJ_MAX_DOWNLOADS=5
2026-07-25T00:25:58Z P2 checkpoint stats={'ok': 5, 'parking': 0, 'fail': 0, 'skip': 0, 'bytes': 331892} done_urls=5
2026-07-25T00:25:58Z summary {'updated_at': '2026-07-25T00:25:58Z', 'stats': {'ok': 5, 'parking': 0, 'fail': 0, 'skip': 0, 'bytes': 331892}, 'done_urls': 5, 'queue_total': 59422, 'remaining_est': 59417, 'out': '/home/leedt/echo-system/knowledge/web-archives/taiwanjustice-net', 'raw': '/home/leedt/echo-system/knowledge/web-archives/taiwanjustice-net/raw-html'}
2026-07-25T00:26:22Z P2 start sleep=0.85s max=unlimited done_already=5
2026-07-25T00:26:22Z queue size after filters: 59422
2026-07-25T00:27:34Z P2 start sleep=0.85s max=unlimited done_already=26
2026-07-25T00:27:34Z queue size after filters: 59422
2026-07-25T00:27:42Z progress done=31 stats={'ok': 29, 'parking': 0, 'fail': 2, 'skip': 0, 'bytes': 3369683}
2026-07-25T00:27:54Z progress done=36 stats={'ok': 34, 'parking': 0, 'fail': 2, 'skip': 0, 'bytes': 3847753}
2026-07-25T00:28:14Z progress done=41 stats={'ok': 39, 'parking': 0, 'fail': 2, 'skip': 0, 'bytes': 3848803}
2026-07-25T00:28:39Z progress done=46 stats={'ok': 43, 'parking': 0, 'fail': 3, 'skip': 0, 'bytes': 3849630}
2026-07-25T00:29:01Z progress done=51 stats={'ok': 47, 'parking': 0, 'fail': 4, 'skip': 0, 'bytes': 3850463}
2026-07-25T00:29:17Z progress done=56 stats={'ok': 52, 'parking': 0, 'fail': 4, 'skip': 0, 'bytes': 3851383}
2026-07-25T00:29:30Z progress done=61 stats={'ok': 57, 'parking': 0, 'fail': 4, 'skip': 0, 'bytes': 3852254}
2026-07-25T00:29:48Z progress done=66 stats={'ok': 62, 'parking': 0, 'fail': 4, 'skip': 0, 'bytes': 4455015}
2026-07-25T00:30:11Z progress done=71 stats={'ok': 66, 'parking': 0, 'fail': 5, 'skip': 0, 'bytes': 4922977}
2026-07-25T00:30:38Z progress done=76 stats={'ok': 70, 'parking': 0, 'fail': 6, 'skip': 0, 'bytes': 5392780}
2026-07-25T00:30:49Z progress done=81 stats={'ok': 75, 'parking': 0, 'fail': 6, 'skip': 0, 'bytes': 6114813}
2026-07-25T00:30:57Z progress done=86 stats={'ok': 80, 'parking': 0, 'fail': 6, 'skip': 0, 'bytes': 6737906}
2026-07-25T00:31:14Z progress done=91 stats={'ok': 85, 'parking': 0, 'fail': 6, 'skip': 0, 'bytes': 8042858}
2026-07-25T00:31:44Z progress done=96 stats={'ok': 89, 'parking': 0, 'fail': 7, 'skip': 0, 'bytes': 8972001}
2026-07-25T00:31:53Z progress done=101 stats={'ok': 94, 'parking': 0, 'fail': 7, 'skip': 0, 'bytes': 10707373}
2026-07-25T00:32:01Z progress done=106 stats={'ok': 99, 'parking': 0, 'fail': 7, 'skip': 0, 'bytes': 12411717}
2026-07-25T00:32:18Z progress done=111 stats={'ok': 104, 'parking': 0, 'fail': 7, 'skip': 0, 'bytes': 14097017}
2026-07-25T00:32:48Z progress done=116 stats={'ok': 108, 'parking': 0, 'fail': 8, 'skip': 0, 'bytes': 15294238}
2026-07-25T00:33:01Z progress done=121 stats={'ok': 113, 'parking': 0, 'fail': 8, 'skip': 0, 'bytes': 16740579}
2026-07-25T00:33:19Z progress done=126 stats={'ok': 118, 'parking': 0, 'fail': 8, 'skip': 0, 'bytes': 18171695}
2026-07-25T00:33:27Z progress done=131 stats={'ok': 123, 'parking': 0, 'fail': 8, 'skip': 0, 'bytes': 19851995}
2026-07-25T00:33:50Z progress done=136 stats={'ok': 127, 'parking': 0, 'fail': 9, 'skip': 0, 'bytes': 21580391}
2026-07-25T00:34:03Z progress done=141 stats={'ok': 132, 'parking': 0, 'fail': 9, 'skip': 0, 'bytes': 23281391}
2026-07-25T00:34:22Z progress done=146 stats={'ok': 137, 'parking': 0, 'fail': 9, 'skip': 0, 'bytes': 24737395}
2026-07-25T00:34:53Z progress done=151 stats={'ok': 141, 'parking': 0, 'fail': 10, 'skip': 0, 'bytes': 25440628}
2026-07-25T00:35:00Z progress done=156 stats={'ok': 146, 'parking': 0, 'fail': 10, 'skip': 0, 'bytes': 27334584}
2026-07-25T00:35:17Z progress done=161 stats={'ok': 151, 'parking': 0, 'fail': 10, 'skip': 0, 'bytes': 29020390}
2026-07-25T00:35:42Z progress done=166 stats={'ok': 155, 'parking': 0, 'fail': 11, 'skip': 0, 'bytes': 30223583}
2026-07-25T00:35:57Z progress done=171 stats={'ok': 160, 'parking': 0, 'fail': 11, 'skip': 0, 'bytes': 31912462}
2026-07-25T00:36:05Z progress done=176 stats={'ok': 165, 'parking': 0, 'fail': 11, 'skip': 0, 'bytes': 33405553}
2026-07-25T00:36:19Z progress done=181 stats={'ok': 170, 'parking': 0, 'fail': 11, 'skip': 0, 'bytes': 34605167}
2026-07-25T00:36:44Z progress done=186 stats={'ok': 175, 'parking': 0, 'fail': 11, 'skip': 0, 'bytes': 36828008}
2026-07-25T00:37:00Z progress done=191 stats={'ok': 180, 'parking': 0, 'fail': 11, 'skip': 0, 'bytes': 37991248}
2026-07-25T00:37:10Z progress done=196 stats={'ok': 185, 'parking': 0, 'fail': 11, 'skip': 0, 'bytes': 39676199}
2026-07-25T00:37:25Z progress done=201 stats={'ok': 190, 'parking': 0, 'fail': 11, 'skip': 0, 'bytes': 41632208}
2026-07-25T00:37:48Z progress done=206 stats={'ok': 195, 'parking': 0, 'fail': 11, 'skip': 0, 'bytes': 43605984}
2026-07-25T00:38:10Z progress done=211 stats={'ok': 199, 'parking': 0, 'fail': 12, 'skip': 0, 'bytes': 45319258}
2026-07-25T00:38:25Z progress done=216 stats={'ok': 204, 'parking': 0, 'fail': 12, 'skip': 0, 'bytes': 47282484}
2026-07-25T00:38:37Z progress done=221 stats={'ok': 209, 'parking': 0, 'fail': 12, 'skip': 0, 'bytes': 48974351}
2026-07-25T00:39:07Z progress done=226 stats={'ok': 213, 'parking': 0, 'fail': 13, 'skip': 0, 'bytes': 49909412}
2026-07-25T00:39:14Z progress done=231 stats={'ok': 218, 'parking': 0, 'fail': 13, 'skip': 0, 'bytes': 51442822}
2026-07-25T00:39:34Z progress done=236 stats={'ok': 223, 'parking': 0, 'fail': 13, 'skip': 0, 'bytes': 52334600}
2026-07-25T00:40:01Z progress done=241 stats={'ok': 227, 'parking': 0, 'fail': 14, 'skip': 0, 'bytes': 52626395}
2026-07-25T00:40:10Z progress done=246 stats={'ok': 232, 'parking': 0, 'fail': 14, 'skip': 0, 'bytes': 53655403}
2026-07-25T00:40:24Z progress done=251 stats={'ok': 237, 'parking': 0, 'fail': 14, 'skip': 0, 'bytes': 53726014}
2026-07-25T00:40:45Z progress done=256 stats={'ok': 242, 'parking': 0, 'fail': 14, 'skip': 0, 'bytes': 53740924}
2026-07-25T00:41:08Z progress done=261 stats={'ok': 246, 'parking': 0, 'fail': 15, 'skip': 0, 'bytes': 53753829}
2026-07-25T00:41:16Z progress done=266 stats={'ok': 251, 'parking': 0, 'fail': 15, 'skip': 0, 'bytes': 53769252}
2026-07-25T00:41:44Z progress done=271 stats={'ok': 256, 'parking': 0, 'fail': 15, 'skip': 0, 'bytes': 54241972}
2026-07-25T00:41:56Z progress done=276 stats={'ok': 261, 'parking': 0, 'fail': 15, 'skip': 0, 'bytes': 54808914}
2026-07-25T00:42:18Z progress done=281 stats={'ok': 265, 'parking': 0, 'fail': 16, 'skip': 0, 'bytes': 55278796}
2026-07-25T00:42:42Z progress done=286 stats={'ok': 269, 'parking': 0, 'fail': 17, 'skip': 0, 'bytes': 55727534}
2026-07-25T00:42:50Z progress done=291 stats={'ok': 274, 'parking': 0, 'fail': 17, 'skip': 0, 'bytes': 56294811}
2026-07-25T00:43:05Z progress done=296 stats={'ok': 279, 'parking': 0, 'fail': 17, 'skip': 0, 'bytes': 56900654}
2026-07-25T00:43:27Z progress done=301 stats={'ok': 283, 'parking': 0, 'fail': 18, 'skip': 0, 'bytes': 57371435}
2026-07-25T00:43:49Z progress done=306 stats={'ok': 287, 'parking': 0, 'fail': 19, 'skip': 0, 'bytes': 57842091}
2026-07-25T00:43:57Z progress done=311 stats={'ok': 292, 'parking': 0, 'fail': 19, 'skip': 0, 'bytes': 58404703}
2026-07-25T00:44:14Z progress done=316 stats={'ok': 297, 'parking': 0, 'fail': 19, 'skip': 0, 'bytes': 58981484}
2026-07-25T00:44:29Z progress done=321 stats={'ok': 302, 'parking': 0, 'fail': 19, 'skip': 0, 'bytes': 59555036}
2026-07-25T00:44:52Z progress done=326 stats={'ok': 306, 'parking': 0, 'fail': 20, 'skip': 0, 'bytes': 60021636}
2026-07-25T00:45:03Z progress done=331 stats={'ok': 311, 'parking': 0, 'fail': 20, 'skip': 0, 'bytes': 60593754}
2026-07-25T00:45:27Z progress done=336 stats={'ok': 316, 'parking': 0, 'fail': 20, 'skip': 0, 'bytes': 61163801}
2026-07-25T00:45:35Z progress done=341 stats={'ok': 321, 'parking': 0, 'fail': 20, 'skip': 0, 'bytes': 61758435}
2026-07-25T00:46:01Z progress done=346 stats={'ok': 325, 'parking': 0, 'fail': 21, 'skip': 0, 'bytes': 62222655}
2026-07-25T00:46:09Z progress done=351 stats={'ok': 330, 'parking': 0, 'fail': 21, 'skip': 0, 'bytes': 62796705}
2026-07-25T00:46:30Z progress done=356 stats={'ok': 334, 'parking': 0, 'fail': 22, 'skip': 0, 'bytes': 63262577}
2026-07-25T00:46:54Z progress done=361 stats={'ok': 338, 'parking': 0, 'fail': 23, 'skip': 0, 'bytes': 63711662}
2026-07-25T00:47:06Z progress done=366 stats={'ok': 343, 'parking': 0, 'fail': 23, 'skip': 0, 'bytes': 64321004}
2026-07-25T00:47:29Z progress done=371 stats={'ok': 347, 'parking': 0, 'fail': 24, 'skip': 0, 'bytes': 64782202}
2026-07-25T00:47:39Z progress done=376 stats={'ok': 352, 'parking': 0, 'fail': 24, 'skip': 0, 'bytes': 65364857}
2026-07-25T00:48:01Z progress done=381 stats={'ok': 356, 'parking': 0, 'fail': 25, 'skip': 0, 'bytes': 65840361}
2026-07-25T00:48:15Z progress done=386 stats={'ok': 361, 'parking': 0, 'fail': 25, 'skip': 0, 'bytes': 66424059}
2026-07-25T00:48:33Z progress done=391 stats={'ok': 366, 'parking': 0, 'fail': 25, 'skip': 0, 'bytes': 67006975}
2026-07-25T00:48:45Z progress done=396 stats={'ok': 371, 'parking': 0, 'fail': 25, 'skip': 0, 'bytes': 67584737}
2026-07-25T00:49:07Z progress done=401 stats={'ok': 375, 'parking': 0, 'fail': 26, 'skip': 0, 'bytes': 68041254}
2026-07-25T00:49:17Z progress done=406 stats={'ok': 380, 'parking': 0, 'fail': 26, 'skip': 0, 'bytes': 68629600}
2026-07-25T00:49:38Z progress done=411 stats={'ok': 385, 'parking': 0, 'fail': 26, 'skip': 0, 'bytes': 69210688}
2026-07-25T00:50:03Z progress done=416 stats={'ok': 389, 'parking': 0, 'fail': 27, 'skip': 0, 'bytes': 69676812}
2026-07-25T00:50:11Z progress done=421 stats={'ok': 394, 'parking': 0, 'fail': 27, 'skip': 0, 'bytes': 70265807}
2026-07-25T00:50:22Z progress done=426 stats={'ok': 399, 'parking': 0, 'fail': 27, 'skip': 0, 'bytes': 70839032}
2026-07-25T00:50:38Z progress done=431 stats={'ok': 404, 'parking': 0, 'fail': 27, 'skip': 0, 'bytes': 71411137}
2026-07-25T00:51:07Z progress done=436 stats={'ok': 408, 'parking': 0, 'fail': 28, 'skip': 0, 'bytes': 71868648}
2026-07-25T00:51:16Z progress done=441 stats={'ok': 413, 'parking': 0, 'fail': 28, 'skip': 0, 'bytes': 72456721}
2026-07-25T00:51:26Z progress done=446 stats={'ok': 418, 'parking': 0, 'fail': 28, 'skip': 0, 'bytes': 73036200}
2026-07-25T00:51:49Z progress done=451 stats={'ok': 423, 'parking': 0, 'fail': 28, 'skip': 0, 'bytes': 73617301}
2026-07-25T00:52:11Z progress done=456 stats={'ok': 427, 'parking': 0, 'fail': 29, 'skip': 0, 'bytes': 74087260}
2026-07-25T00:52:22Z progress done=461 stats={'ok': 432, 'parking': 0, 'fail': 29, 'skip': 0, 'bytes': 74670526}
2026-07-25T00:52:40Z progress done=466 stats={'ok': 437, 'parking': 0, 'fail': 29, 'skip': 0, 'bytes': 75243852}
2026-07-25T00:52:53Z progress done=471 stats={'ok': 442, 'parking': 0, 'fail': 29, 'skip': 0, 'bytes': 75850652}
2026-07-25T00:53:15Z progress done=476 stats={'ok': 446, 'parking': 0, 'fail': 30, 'skip': 0, 'bytes': 76314356}
2026-07-25T00:53:29Z progress done=481 stats={'ok': 451, 'parking': 0, 'fail': 30, 'skip': 0, 'bytes': 76913166}
2026-07-25T00:53:45Z progress done=486 stats={'ok': 456, 'parking': 0, 'fail': 30, 'skip': 0, 'bytes': 77509373}
2026-07-25T00:54:14Z progress done=491 stats={'ok': 460, 'parking': 0, 'fail': 31, 'skip': 0, 'bytes': 77968526}
2026-07-25T00:54:22Z progress done=496 stats={'ok': 465, 'parking': 0, 'fail': 31, 'skip': 0, 'bytes': 78545002}
2026-07-25T00:54:32Z progress done=501 stats={'ok': 470, 'parking': 0, 'fail': 31, 'skip': 0, 'bytes': 79125100}
2026-07-25T00:54:49Z progress done=506 stats={'ok': 475, 'parking': 0, 'fail': 31, 'skip': 0, 'bytes': 79713892}
2026-07-25T00:55:07Z progress done=511 stats={'ok': 480, 'parking': 0, 'fail': 31, 'skip': 0, 'bytes': 80296552}
2026-07-25T00:55:29Z progress done=516 stats={'ok': 484, 'parking': 0, 'fail': 32, 'skip': 0, 'bytes': 80757748}
2026-07-25T00:55:42Z progress done=521 stats={'ok': 489, 'parking': 0, 'fail': 32, 'skip': 0, 'bytes': 81341091}
2026-07-25T00:55:52Z progress done=526 stats={'ok': 494, 'parking': 0, 'fail': 32, 'skip': 0, 'bytes': 81920019}
2026-07-25T00:56:18Z progress done=531 stats={'ok': 499, 'parking': 0, 'fail': 32, 'skip': 0, 'bytes': 82487472}
2026-07-25T00:56:44Z progress done=536 stats={'ok': 504, 'parking': 0, 'fail': 32, 'skip': 0, 'bytes': 83048639}
2026-07-25T00:56:57Z progress done=541 stats={'ok': 509, 'parking': 0, 'fail': 32, 'skip': 0, 'bytes': 83631590}
2026-07-25T00:57:09Z progress done=546 stats={'ok': 514, 'parking': 0, 'fail': 32, 'skip': 0, 'bytes': 84234989}
2026-07-25T00:57:26Z progress done=551 stats={'ok': 519, 'parking': 0, 'fail': 32, 'skip': 0, 'bytes': 84816299}
2026-07-25T00:57:56Z progress done=556 stats={'ok': 523, 'parking': 0, 'fail': 33, 'skip': 0, 'bytes': 85273364}
2026-07-25T00:58:05Z progress done=561 stats={'ok': 528, 'parking': 0, 'fail': 33, 'skip': 0, 'bytes': 85857914}
2026-07-25T00:58:27Z progress done=566 stats={'ok': 533, 'parking': 0, 'fail': 33, 'skip': 0, 'bytes': 86448091}
2026-07-25T00:58:41Z progress done=571 stats={'ok': 538, 'parking': 0, 'fail': 33, 'skip': 0, 'bytes': 87038372}
2026-07-25T00:59:00Z progress done=576 stats={'ok': 543, 'parking': 0, 'fail': 33, 'skip': 0, 'bytes': 87625736}
2026-07-25T00:59:11Z progress done=581 stats={'ok': 548, 'parking': 0, 'fail': 33, 'skip': 0, 'bytes': 88220442}
2026-07-25T00:59:29Z progress done=586 stats={'ok': 553, 'parking': 0, 'fail': 33, 'skip': 0, 'bytes': 88809510}
2026-07-25T00:59:43Z progress done=591 stats={'ok': 558, 'parking': 0, 'fail': 33, 'skip': 0, 'bytes': 89394378}
2026-07-25T01:00:12Z progress done=596 stats={'ok': 562, 'parking': 0, 'fail': 34, 'skip': 0, 'bytes': 89873049}
2026-07-25T01:00:23Z progress done=601 stats={'ok': 567, 'parking': 0, 'fail': 34, 'skip': 0, 'bytes': 90450323}
2026-07-25T01:00:37Z progress done=606 stats={'ok': 572, 'parking': 0, 'fail': 34, 'skip': 0, 'bytes': 91051205}
2026-07-25T01:00:50Z progress done=611 stats={'ok': 577, 'parking': 0, 'fail': 34, 'skip': 0, 'bytes': 91675232}
2026-07-25T01:01:13Z progress done=616 stats={'ok': 581, 'parking': 0, 'fail': 35, 'skip': 0, 'bytes': 92159894}
2026-07-25T01:01:29Z progress done=621 stats={'ok': 586, 'parking': 0, 'fail': 35, 'skip': 0, 'bytes': 92755191}
2026-07-25T01:01:40Z progress done=626 stats={'ok': 591, 'parking': 0, 'fail': 35, 'skip': 0, 'bytes': 93336259}
2026-07-25T01:02:09Z progress done=631 stats={'ok': 595, 'parking': 0, 'fail': 36, 'skip': 0, 'bytes': 93810551}
2026-07-25T01:02:17Z progress done=636 stats={'ok': 600, 'parking': 0, 'fail': 36, 'skip': 0, 'bytes': 94401337}
2026-07-25T01:02:32Z progress done=641 stats={'ok': 605, 'parking': 0, 'fail': 36, 'skip': 0, 'bytes': 94990488}
2026-07-25T01:03:17Z progress done=646 stats={'ok': 610, 'parking': 0, 'fail': 36, 'skip': 0, 'bytes': 95586950}
2026-07-25T01:03:29Z progress done=651 stats={'ok': 615, 'parking': 0, 'fail': 36, 'skip': 0, 'bytes': 96177977}
2026-07-25T01:03:37Z progress done=656 stats={'ok': 620, 'parking': 0, 'fail': 36, 'skip': 0, 'bytes': 96781172}
2026-07-25T01:03:44Z progress done=661 stats={'ok': 625, 'parking': 0, 'fail': 36, 'skip': 0, 'bytes': 97351856}
2026-07-25T01:04:17Z progress done=666 stats={'ok': 629, 'parking': 0, 'fail': 37, 'skip': 0, 'bytes': 97831157}
2026-07-25T01:04:32Z progress done=671 stats={'ok': 634, 'parking': 0, 'fail': 37, 'skip': 0, 'bytes': 98429183}
2026-07-25T01:04:42Z progress done=676 stats={'ok': 639, 'parking': 0, 'fail': 37, 'skip': 0, 'bytes': 99011371}
2026-07-25T01:05:07Z progress done=681 stats={'ok': 644, 'parking': 0, 'fail': 37, 'skip': 0, 'bytes': 99601432}
2026-07-25T01:05:21Z progress done=686 stats={'ok': 649, 'parking': 0, 'fail': 37, 'skip': 0, 'bytes': 100194517}
2026-07-25T01:05:40Z progress done=691 stats={'ok': 654, 'parking': 0, 'fail': 37, 'skip': 0, 'bytes': 100782708}
2026-07-25T01:05:50Z progress done=696 stats={'ok': 659, 'parking': 0, 'fail': 37, 'skip': 0, 'bytes': 101364270}
2026-07-25T01:06:19Z progress done=701 stats={'ok': 663, 'parking': 0, 'fail': 38, 'skip': 0, 'bytes': 101825895}
2026-07-25T01:06:35Z progress done=706 stats={'ok': 668, 'parking': 0, 'fail': 38, 'skip': 0, 'bytes': 102422108}
2026-07-25T01:06:45Z progress done=711 stats={'ok': 673, 'parking': 0, 'fail': 38, 'skip': 0, 'bytes': 103011607}
2026-07-25T01:06:54Z progress done=716 stats={'ok': 678, 'parking': 0, 'fail': 38, 'skip': 0, 'bytes': 103605527}
2026-07-25T01:07:23Z progress done=721 stats={'ok': 682, 'parking': 0, 'fail': 39, 'skip': 0, 'bytes': 104077584}
2026-07-25T01:07:38Z progress done=726 stats={'ok': 687, 'parking': 0, 'fail': 39, 'skip': 0, 'bytes': 104661727}
2026-07-25T01:07:56Z progress done=731 stats={'ok': 692, 'parking': 0, 'fail': 39, 'skip': 0, 'bytes': 105248718}
2026-07-25T01:08:07Z progress done=736 stats={'ok': 697, 'parking': 0, 'fail': 39, 'skip': 0, 'bytes': 105849732}
2026-07-25T01:08:30Z progress done=741 stats={'ok': 702, 'parking': 0, 'fail': 39, 'skip': 0, 'bytes': 106435492}
2026-07-25T01:08:55Z progress done=746 stats={'ok': 707, 'parking': 0, 'fail': 39, 'skip': 0, 'bytes': 107032594}
2026-07-25T01:09:11Z progress done=751 stats={'ok': 712, 'parking': 0, 'fail': 39, 'skip': 0, 'bytes': 107613442}
2026-07-25T01:09:25Z progress done=756 stats={'ok': 717, 'parking': 0, 'fail': 39, 'skip': 0, 'bytes': 108187820}
2026-07-25T01:09:49Z progress done=761 stats={'ok': 721, 'parking': 0, 'fail': 40, 'skip': 0, 'bytes': 108655660}
2026-07-25T01:10:00Z progress done=766 stats={'ok': 726, 'parking': 0, 'fail': 40, 'skip': 0, 'bytes': 109238018}
2026-07-25T01:10:15Z progress done=771 stats={'ok': 731, 'parking': 0, 'fail': 40, 'skip': 0, 'bytes': 109823542}
2026-07-25T01:10:27Z progress done=776 stats={'ok': 736, 'parking': 0, 'fail': 40, 'skip': 0, 'bytes': 110413515}
2026-07-25T01:11:02Z progress done=781 stats={'ok': 740, 'parking': 0, 'fail': 41, 'skip': 0, 'bytes': 110885767}
2026-07-25T01:11:13Z progress done=786 stats={'ok': 745, 'parking': 0, 'fail': 41, 'skip': 0, 'bytes': 111464671}
2026-07-25T01:11:23Z progress done=791 stats={'ok': 750, 'parking': 0, 'fail': 41, 'skip': 0, 'bytes': 112044234}
2026-07-25T01:11:43Z progress done=796 stats={'ok': 755, 'parking': 0, 'fail': 41, 'skip': 0, 'bytes': 112622023}
2026-07-25T01:12:06Z progress done=801 stats={'ok': 759, 'parking': 0, 'fail': 42, 'skip': 0, 'bytes': 113096048}
2026-07-25T01:12:14Z progress done=806 stats={'ok': 764, 'parking': 0, 'fail': 42, 'skip': 0, 'bytes': 113723612}
2026-07-25T01:12:28Z progress done=811 stats={'ok': 769, 'parking': 0, 'fail': 42, 'skip': 0, 'bytes': 114305832}
2026-07-25T01:12:50Z progress done=816 stats={'ok': 773, 'parking': 0, 'fail': 43, 'skip': 0, 'bytes': 114767305}
2026-07-25T01:13:07Z progress done=821 stats={'ok': 778, 'parking': 0, 'fail': 43, 'skip': 0, 'bytes': 115350850}
2026-07-25T01:13:21Z progress done=826 stats={'ok': 783, 'parking': 0, 'fail': 43, 'skip': 0, 'bytes': 115944091}
2026-07-25T01:13:45Z progress done=831 stats={'ok': 787, 'parking': 0, 'fail': 44, 'skip': 0, 'bytes': 116403317}
2026-07-25T01:13:56Z progress done=836 stats={'ok': 792, 'parking': 0, 'fail': 44, 'skip': 0, 'bytes': 117001810}
2026-07-25T01:14:22Z progress done=841 stats={'ok': 796, 'parking': 0, 'fail': 45, 'skip': 0, 'bytes': 117472058}
2026-07-25T01:14:31Z progress done=846 stats={'ok': 801, 'parking': 0, 'fail': 45, 'skip': 0, 'bytes': 118279490}
2026-07-25T01:14:48Z progress done=851 stats={'ok': 806, 'parking': 0, 'fail': 45, 'skip': 0, 'bytes': 119398953}
2026-07-25T01:14:58Z progress done=856 stats={'ok': 811, 'parking': 0, 'fail': 45, 'skip': 0, 'bytes': 119982833}
2026-07-25T01:15:21Z progress done=861 stats={'ok': 815, 'parking': 0, 'fail': 46, 'skip': 0, 'bytes': 120437833}
2026-07-25T01:15:54Z progress done=866 stats={'ok': 819, 'parking': 0, 'fail': 47, 'skip': 0, 'bytes': 120909333}
2026-07-25T01:16:02Z progress done=871 stats={'ok': 824, 'parking': 0, 'fail': 47, 'skip': 0, 'bytes': 121503083}
2026-07-25T01:16:17Z progress done=876 stats={'ok': 829, 'parking': 0, 'fail': 47, 'skip': 0, 'bytes': 122072591}
2026-07-25T01:16:28Z progress done=881 stats={'ok': 834, 'parking': 0, 'fail': 47, 'skip': 0, 'bytes': 122683679}
2026-07-25T01:16:50Z progress done=886 stats={'ok': 839, 'parking': 0, 'fail': 47, 'skip': 0, 'bytes': 123285635}
2026-07-25T01:17:06Z progress done=891 stats={'ok': 844, 'parking': 0, 'fail': 47, 'skip': 0, 'bytes': 123853531}
2026-07-25T01:17:24Z progress done=896 stats={'ok': 849, 'parking': 0, 'fail': 47, 'skip': 0, 'bytes': 124445162}
2026-07-25T01:17:32Z progress done=901 stats={'ok': 854, 'parking': 0, 'fail': 47, 'skip': 0, 'bytes': 125027356}
2026-07-25T01:17:53Z progress done=906 stats={'ok': 859, 'parking': 0, 'fail': 47, 'skip': 0, 'bytes': 125608071}
2026-07-25T01:18:23Z progress done=911 stats={'ok': 863, 'parking': 0, 'fail': 48, 'skip': 0, 'bytes': 126065310}
2026-07-25T01:18:31Z progress done=916 stats={'ok': 868, 'parking': 0, 'fail': 48, 'skip': 0, 'bytes': 126645697}
2026-07-25T01:18:39Z progress done=921 stats={'ok': 873, 'parking': 0, 'fail': 48, 'skip': 0, 'bytes': 127228975}
2026-07-25T01:19:01Z progress done=926 stats={'ok': 878, 'parking': 0, 'fail': 48, 'skip': 0, 'bytes': 127814489}
2026-07-25T01:19:33Z progress done=931 stats={'ok': 882, 'parking': 0, 'fail': 49, 'skip': 0, 'bytes': 128284784}
2026-07-25T01:19:39Z progress done=936 stats={'ok': 887, 'parking': 0, 'fail': 49, 'skip': 0, 'bytes': 128872759}
2026-07-25T01:20:00Z progress done=941 stats={'ok': 892, 'parking': 0, 'fail': 49, 'skip': 0, 'bytes': 129454110}
2026-07-25T01:20:09Z progress done=946 stats={'ok': 897, 'parking': 0, 'fail': 49, 'skip': 0, 'bytes': 130021629}
2026-07-25T01:20:36Z progress done=951 stats={'ok': 902, 'parking': 0, 'fail': 49, 'skip': 0, 'bytes': 130592424}
2026-07-25T01:20:43Z progress done=956 stats={'ok': 907, 'parking': 0, 'fail': 49, 'skip': 0, 'bytes': 131171871}
2026-07-25T01:21:04Z progress done=961 stats={'ok': 912, 'parking': 0, 'fail': 49, 'skip': 0, 'bytes': 131753415}
2026-07-25T01:21:16Z progress done=966 stats={'ok': 917, 'parking': 0, 'fail': 49, 'skip': 0, 'bytes': 132341067}
2026-07-25T01:21:41Z progress done=971 stats={'ok': 922, 'parking': 0, 'fail': 49, 'skip': 0, 'bytes': 132926275}
2026-07-25T01:21:55Z progress done=976 stats={'ok': 927, 'parking': 0, 'fail': 49, 'skip': 0, 'bytes': 133500409}
2026-07-25T01:22:09Z progress done=981 stats={'ok': 932, 'parking': 0, 'fail': 49, 'skip': 0, 'bytes': 133811790}
2026-07-25T01:22:22Z progress done=986 stats={'ok': 937, 'parking': 0, 'fail': 49, 'skip': 0, 'bytes': 134387709}
2026-07-25T01:22:45Z progress done=991 stats={'ok': 942, 'parking': 0, 'fail': 49, 'skip': 0, 'bytes': 134969561}
2026-07-25T01:23:14Z progress done=996 stats={'ok': 947, 'parking': 0, 'fail': 49, 'skip': 0, 'bytes': 135535246}
2026-07-25T01:23:21Z progress done=1001 stats={'ok': 952, 'parking': 0, 'fail': 49, 'skip': 0, 'bytes': 136122619}
2026-07-25T01:23:43Z progress done=1006 stats={'ok': 957, 'parking': 0, 'fail': 49, 'skip': 0, 'bytes': 136709804}
2026-07-25T01:23:51Z progress done=1011 stats={'ok': 962, 'parking': 0, 'fail': 49, 'skip': 0, 'bytes': 137287608}
2026-07-25T01:24:20Z progress done=1016 stats={'ok': 966, 'parking': 0, 'fail': 50, 'skip': 0, 'bytes': 137742609}
2026-07-25T01:24:27Z progress done=1021 stats={'ok': 971, 'parking': 0, 'fail': 50, 'skip': 0, 'bytes': 138331044}
2026-07-25T01:24:48Z progress done=1026 stats={'ok': 976, 'parking': 0, 'fail': 50, 'skip': 0, 'bytes': 138910787}
2026-07-25T01:25:11Z progress done=1031 stats={'ok': 981, 'parking': 0, 'fail': 50, 'skip': 0, 'bytes': 139508151}
2026-07-25T01:25:22Z progress done=1036 stats={'ok': 986, 'parking': 0, 'fail': 50, 'skip': 0, 'bytes': 140101750}
2026-07-25T01:25:46Z progress done=1041 stats={'ok': 990, 'parking': 0, 'fail': 51, 'skip': 0, 'bytes': 140569063}
2026-07-25T01:25:54Z progress done=1046 stats={'ok': 995, 'parking': 0, 'fail': 51, 'skip': 0, 'bytes': 141162757}
2026-07-25T01:26:17Z progress done=1051 stats={'ok': 1000, 'parking': 0, 'fail': 51, 'skip': 0, 'bytes': 141759462}
2026-07-25T01:26:35Z progress done=1056 stats={'ok': 1005, 'parking': 0, 'fail': 51, 'skip': 0, 'bytes': 142351002}
2026-07-25T01:26:49Z progress done=1061 stats={'ok': 1010, 'parking': 0, 'fail': 51, 'skip': 0, 'bytes': 142948030}
2026-07-25T01:26:57Z progress done=1066 stats={'ok': 1015, 'parking': 0, 'fail': 51, 'skip': 0, 'bytes': 143544721}
2026-07-25T01:27:28Z progress done=1071 stats={'ok': 1019, 'parking': 0, 'fail': 52, 'skip': 0, 'bytes': 144019769}
2026-07-25T01:27:45Z progress done=1076 stats={'ok': 1024, 'parking': 0, 'fail': 52, 'skip': 0, 'bytes': 144617712}
2026-07-25T01:28:08Z progress done=1081 stats={'ok': 1029, 'parking': 0, 'fail': 52, 'skip': 0, 'bytes': 145203142}
2026-07-25T01:28:19Z progress done=1086 stats={'ok': 1034, 'parking': 0, 'fail': 52, 'skip': 0, 'bytes': 145793658}
2026-07-25T01:28:36Z progress done=1091 stats={'ok': 1039, 'parking': 0, 'fail': 52, 'skip': 0, 'bytes': 146387971}
2026-07-25T01:29:06Z progress done=1096 stats={'ok': 1044, 'parking': 0, 'fail': 52, 'skip': 0, 'bytes': 146985786}
2026-07-25T01:29:15Z progress done=1101 stats={'ok': 1049, 'parking': 0, 'fail': 52, 'skip': 0, 'bytes': 147585616}
2026-07-25T01:29:43Z progress done=1106 stats={'ok': 1054, 'parking': 0, 'fail': 52, 'skip': 0, 'bytes': 148169140}
2026-07-25T01:29:58Z progress done=1111 stats={'ok': 1059, 'parking': 0, 'fail': 52, 'skip': 0, 'bytes': 148759170}
2026-07-25T01:30:14Z progress done=1116 stats={'ok': 1064, 'parking': 0, 'fail': 52, 'skip': 0, 'bytes': 149345331}
2026-07-25T01:30:26Z progress done=1121 stats={'ok': 1069, 'parking': 0, 'fail': 52, 'skip': 0, 'bytes': 149933254}
2026-07-25T01:30:49Z progress done=1126 stats={'ok': 1074, 'parking': 0, 'fail': 52, 'skip': 0, 'bytes': 150534005}
2026-07-25T01:31:13Z progress done=1131 stats={'ok': 1078, 'parking': 0, 'fail': 53, 'skip': 0, 'bytes': 151003529}
2026-07-25T01:31:25Z progress done=1136 stats={'ok': 1083, 'parking': 0, 'fail': 53, 'skip': 0, 'bytes': 151589925}
2026-07-25T01:31:43Z progress done=1141 stats={'ok': 1088, 'parking': 0, 'fail': 53, 'skip': 0, 'bytes': 152185861}
2026-07-25T01:31:52Z progress done=1146 stats={'ok': 1093, 'parking': 0, 'fail': 53, 'skip': 0, 'bytes': 152795189}
2026-07-25T01:32:15Z progress done=1151 stats={'ok': 1097, 'parking': 0, 'fail': 54, 'skip': 0, 'bytes': 153273743}
2026-07-25T01:32:29Z progress done=1156 stats={'ok': 1102, 'parking': 0, 'fail': 54, 'skip': 0, 'bytes': 153868958}
2026-07-25T01:32:49Z progress done=1161 stats={'ok': 1107, 'parking': 0, 'fail': 54, 'skip': 0, 'bytes': 154451098}
2026-07-25T01:33:18Z progress done=1166 stats={'ok': 1112, 'parking': 0, 'fail': 54, 'skip': 0, 'bytes': 155037629}
2026-07-25T01:33:26Z progress done=1171 stats={'ok': 1117, 'parking': 0, 'fail': 54, 'skip': 0, 'bytes': 155612069}
2026-07-25T01:33:47Z progress done=1176 stats={'ok': 1121, 'parking': 0, 'fail': 55, 'skip': 0, 'bytes': 156086019}
2026-07-25T01:33:57Z progress done=1181 stats={'ok': 1126, 'parking': 0, 'fail': 55, 'skip': 0, 'bytes': 156658049}
2026-07-25T01:34:21Z progress done=1186 stats={'ok': 1130, 'parking': 0, 'fail': 56, 'skip': 0, 'bytes': 157130068}
2026-07-25T01:34:31Z progress done=1191 stats={'ok': 1135, 'parking': 0, 'fail': 56, 'skip': 0, 'bytes': 157712793}
2026-07-25T01:34:55Z progress done=1196 stats={'ok': 1139, 'parking': 0, 'fail': 57, 'skip': 0, 'bytes': 158188572}
2026-07-25T01:35:02Z progress done=1201 stats={'ok': 1144, 'parking': 0, 'fail': 57, 'skip': 0, 'bytes': 158775527}
2026-07-25T01:35:26Z progress done=1206 stats={'ok': 1148, 'parking': 0, 'fail': 58, 'skip': 0, 'bytes': 159252545}
2026-07-25T01:35:34Z progress done=1211 stats={'ok': 1153, 'parking': 0, 'fail': 58, 'skip': 0, 'bytes': 159868614}
2026-07-25T01:36:01Z progress done=1216 stats={'ok': 1157, 'parking': 0, 'fail': 59, 'skip': 0, 'bytes': 160345997}
2026-07-25T01:36:08Z progress done=1221 stats={'ok': 1162, 'parking': 0, 'fail': 59, 'skip': 0, 'bytes': 160931060}
2026-07-25T01:36:29Z progress done=1226 stats={'ok': 1166, 'parking': 0, 'fail': 60, 'skip': 0, 'bytes': 161389073}
2026-07-25T01:36:37Z progress done=1231 stats={'ok': 1171, 'parking': 0, 'fail': 60, 'skip': 0, 'bytes': 161995159}
2026-07-25T01:37:01Z progress done=1236 stats={'ok': 1175, 'parking': 0, 'fail': 61, 'skip': 0, 'bytes': 162464030}
2026-07-25T01:37:10Z progress done=1241 stats={'ok': 1180, 'parking': 0, 'fail': 61, 'skip': 0, 'bytes': 163070659}
2026-07-25T01:37:33Z progress done=1246 stats={'ok': 1184, 'parking': 0, 'fail': 62, 'skip': 0, 'bytes': 163565001}
2026-07-25T01:37:42Z progress done=1251 stats={'ok': 1189, 'parking': 0, 'fail': 62, 'skip': 0, 'bytes': 164153131}
2026-07-25T01:38:04Z progress done=1256 stats={'ok': 1193, 'parking': 0, 'fail': 63, 'skip': 0, 'bytes': 164641005}
2026-07-25T01:38:15Z progress done=1261 stats={'ok': 1198, 'parking': 0, 'fail': 63, 'skip': 0, 'bytes': 165223119}
2026-07-25T01:38:38Z progress done=1266 stats={'ok': 1202, 'parking': 0, 'fail': 64, 'skip': 0, 'bytes': 165697314}
2026-07-25T01:38:46Z progress done=1271 stats={'ok': 1207, 'parking': 0, 'fail': 64, 'skip': 0, 'bytes': 166291720}
2026-07-25T01:39:12Z progress done=1276 stats={'ok': 1211, 'parking': 0, 'fail': 65, 'skip': 0, 'bytes': 166761174}
2026-07-25T01:39:20Z progress done=1281 stats={'ok': 1216, 'parking': 0, 'fail': 65, 'skip': 0, 'bytes': 167354574}
2026-07-25T01:39:45Z progress done=1286 stats={'ok': 1220, 'parking': 0, 'fail': 66, 'skip': 0, 'bytes': 167859016}
2026-07-25T01:39:52Z progress done=1291 stats={'ok': 1225, 'parking': 0, 'fail': 66, 'skip': 0, 'bytes': 168466325}
2026-07-25T01:40:13Z progress done=1296 stats={'ok': 1229, 'parking': 0, 'fail': 67, 'skip': 0, 'bytes': 168927561}
2026-07-25T01:40:35Z progress done=1301 stats={'ok': 1233, 'parking': 0, 'fail': 68, 'skip': 0, 'bytes': 169403558}
2026-07-25T01:40:51Z progress done=1306 stats={'ok': 1238, 'parking': 0, 'fail': 68, 'skip': 0, 'bytes': 169981142}
2026-07-25T01:40:59Z progress done=1311 stats={'ok': 1243, 'parking': 0, 'fail': 68, 'skip': 0, 'bytes': 170573959}
2026-07-25T01:41:20Z progress done=1316 stats={'ok': 1247, 'parking': 0, 'fail': 69, 'skip': 0, 'bytes': 171061559}
2026-07-25T01:41:45Z progress done=1321 stats={'ok': 1251, 'parking': 0, 'fail': 70, 'skip': 0, 'bytes': 171534738}
2026-07-25T01:41:53Z progress done=1326 stats={'ok': 1256, 'parking': 0, 'fail': 70, 'skip': 0, 'bytes': 172045138}
2026-07-25T01:42:08Z progress done=1331 stats={'ok': 1261, 'parking': 0, 'fail': 70, 'skip': 0, 'bytes': 172664572}
2026-07-25T01:42:22Z progress done=1336 stats={'ok': 1266, 'parking': 0, 'fail': 70, 'skip': 0, 'bytes': 173269761}
2026-07-25T01:42:48Z progress done=1341 stats={'ok': 1270, 'parking': 0, 'fail': 71, 'skip': 0, 'bytes': 173755365}
2026-07-25T01:42:56Z progress done=1346 stats={'ok': 1275, 'parking': 0, 'fail': 71, 'skip': 0, 'bytes': 174349012}
2026-07-25T01:43:20Z progress done=1351 stats={'ok': 1279, 'parking': 0, 'fail': 72, 'skip': 0, 'bytes': 174820535}
2026-07-25T01:43:30Z progress done=1356 stats={'ok': 1284, 'parking': 0, 'fail': 72, 'skip': 0, 'bytes': 175441896}
2026-07-25T01:43:52Z progress done=1361 stats={'ok': 1289, 'parking': 0, 'fail': 72, 'skip': 0, 'bytes': 176039018}
2026-07-25T01:44:16Z progress done=1366 stats={'ok': 1293, 'parking': 0, 'fail': 73, 'skip': 0, 'bytes': 176508580}
2026-07-25T01:44:24Z progress done=1371 stats={'ok': 1298, 'parking': 0, 'fail': 73, 'skip': 0, 'bytes': 177109352}
2026-07-25T01:44:49Z progress done=1376 stats={'ok': 1302, 'parking': 0, 'fail': 74, 'skip': 0, 'bytes': 177588984}
2026-07-25T01:44:58Z progress done=1381 stats={'ok': 1307, 'parking': 0, 'fail': 74, 'skip': 0, 'bytes': 178179401}
2026-07-25T01:45:46Z progress done=1386 stats={'ok': 1312, 'parking': 0, 'fail': 74, 'skip': 0, 'bytes': 178803487}
2026-07-25T01:45:54Z progress done=1391 stats={'ok': 1317, 'parking': 0, 'fail': 74, 'skip': 0, 'bytes': 179400291}
2026-07-25T01:46:02Z progress done=1396 stats={'ok': 1322, 'parking': 0, 'fail': 74, 'skip': 0, 'bytes': 179985555}
2026-07-25T01:46:24Z progress done=1401 stats={'ok': 1326, 'parking': 0, 'fail': 75, 'skip': 0, 'bytes': 180463240}
2026-07-25T01:46:49Z progress done=1406 stats={'ok': 1330, 'parking': 0, 'fail': 76, 'skip': 0, 'bytes': 180926095}
2026-07-25T01:46:56Z progress done=1411 stats={'ok': 1335, 'parking': 0, 'fail': 76, 'skip': 0, 'bytes': 181530554}
2026-07-25T01:47:10Z progress done=1416 stats={'ok': 1340, 'parking': 0, 'fail': 76, 'skip': 0, 'bytes': 182113386}
2026-07-25T01:47:33Z progress done=1421 stats={'ok': 1345, 'parking': 0, 'fail': 76, 'skip': 0, 'bytes': 182702398}
2026-07-25T01:47:58Z progress done=1426 stats={'ok': 1349, 'parking': 0, 'fail': 77, 'skip': 0, 'bytes': 183166690}
2026-07-25T01:48:07Z progress done=1431 stats={'ok': 1354, 'parking': 0, 'fail': 77, 'skip': 0, 'bytes': 183753453}
2026-07-25T01:48:28Z progress done=1436 stats={'ok': 1358, 'parking': 0, 'fail': 78, 'skip': 0, 'bytes': 184238726}
2026-07-25T01:48:42Z progress done=1441 stats={'ok': 1363, 'parking': 0, 'fail': 78, 'skip': 0, 'bytes': 184830222}
2026-07-25T01:49:04Z progress done=1446 stats={'ok': 1368, 'parking': 0, 'fail': 78, 'skip': 0, 'bytes': 185430391}
2026-07-25T01:49:28Z progress done=1451 stats={'ok': 1372, 'parking': 0, 'fail': 79, 'skip': 0, 'bytes': 185910757}
2026-07-25T01:49:37Z progress done=1456 stats={'ok': 1377, 'parking': 0, 'fail': 79, 'skip': 0, 'bytes': 186502643}
2026-07-25T01:49:49Z progress done=1461 stats={'ok': 1382, 'parking': 0, 'fail': 79, 'skip': 0, 'bytes': 187081158}
2026-07-25T01:50:13Z progress done=1466 stats={'ok': 1387, 'parking': 0, 'fail': 79, 'skip': 0, 'bytes': 187680147}
2026-07-25T01:50:39Z progress done=1471 stats={'ok': 1391, 'parking': 0, 'fail': 80, 'skip': 0, 'bytes': 188146792}
2026-07-25T01:50:47Z progress done=1476 stats={'ok': 1396, 'parking': 0, 'fail': 80, 'skip': 0, 'bytes': 188745978}
2026-07-25T01:50:54Z progress done=1481 stats={'ok': 1401, 'parking': 0, 'fail': 80, 'skip': 0, 'bytes': 189350616}
2026-07-25T01:51:16Z progress done=1486 stats={'ok': 1406, 'parking': 0, 'fail': 80, 'skip': 0, 'bytes': 189939877}
2026-07-25T01:51:47Z progress done=1491 stats={'ok': 1410, 'parking': 0, 'fail': 81, 'skip': 0, 'bytes': 190413659}
2026-07-25T01:51:55Z progress done=1496 stats={'ok': 1415, 'parking': 0, 'fail': 81, 'skip': 0, 'bytes': 191010708}
2026-07-25T01:52:02Z progress done=1501 stats={'ok': 1420, 'parking': 0, 'fail': 81, 'skip': 0, 'bytes': 191615538}
2026-07-25T01:52:37Z progress done=1506 stats={'ok': 1424, 'parking': 0, 'fail': 82, 'skip': 0, 'bytes': 192119487}
2026-07-25T01:52:50Z progress done=1511 stats={'ok': 1429, 'parking': 0, 'fail': 82, 'skip': 0, 'bytes': 192710361}
2026-07-25T01:52:58Z progress done=1516 stats={'ok': 1434, 'parking': 0, 'fail': 82, 'skip': 0, 'bytes': 193308252}
2026-07-25T01:53:21Z progress done=1521 stats={'ok': 1438, 'parking': 0, 'fail': 83, 'skip': 0, 'bytes': 193778319}
2026-07-25T01:53:44Z progress done=1526 stats={'ok': 1442, 'parking': 0, 'fail': 84, 'skip': 0, 'bytes': 194244497}
2026-07-25T01:53:52Z progress done=1531 stats={'ok': 1447, 'parking': 0, 'fail': 84, 'skip': 0, 'bytes': 194852965}
2026-07-25T01:54:00Z progress done=1536 stats={'ok': 1452, 'parking': 0, 'fail': 84, 'skip': 0, 'bytes': 195456061}
2026-07-25T01:54:32Z progress done=1541 stats={'ok': 1456, 'parking': 0, 'fail': 85, 'skip': 0, 'bytes': 195931071}
2026-07-25T01:54:48Z progress done=1546 stats={'ok': 1461, 'parking': 0, 'fail': 85, 'skip': 0, 'bytes': 196520468}
2026-07-25T01:54:56Z progress done=1551 stats={'ok': 1466, 'parking': 0, 'fail': 85, 'skip': 0, 'bytes': 197126610}
2026-07-25T01:55:10Z progress done=1556 stats={'ok': 1471, 'parking': 0, 'fail': 85, 'skip': 0, 'bytes': 197706620}
2026-07-25T01:57:06Z progress done=1561 stats={'ok': 1475, 'parking': 0, 'fail': 86, 'skip': 0, 'bytes': 198189995}
2026-07-25T01:57:13Z progress done=1566 stats={'ok': 1480, 'parking': 0, 'fail': 86, 'skip': 0, 'bytes': 198802799}
2026-07-25T01:57:20Z progress done=1571 stats={'ok': 1485, 'parking': 0, 'fail': 86, 'skip': 0, 'bytes': 199402045}
2026-07-25T01:57:27Z progress done=1576 stats={'ok': 1490, 'parking': 0, 'fail': 86, 'skip': 0, 'bytes': 200008272}
2026-07-25T01:58:10Z progress done=1581 stats={'ok': 1493, 'parking': 0, 'fail': 88, 'skip': 0, 'bytes': 200372892}
2026-07-25T01:58:20Z progress done=1586 stats={'ok': 1498, 'parking': 0, 'fail': 88, 'skip': 0, 'bytes': 200968433}
2026-07-25T01:58:38Z progress done=1591 stats={'ok': 1503, 'parking': 0, 'fail': 88, 'skip': 0, 'bytes': 201558740}
2026-07-25T01:58:49Z progress done=1596 stats={'ok': 1508, 'parking': 0, 'fail': 88, 'skip': 0, 'bytes': 202170112}
2026-07-25T01:59:17Z progress done=1601 stats={'ok': 1512, 'parking': 0, 'fail': 89, 'skip': 0, 'bytes': 202645866}
2026-07-25T01:59:24Z progress done=1606 stats={'ok': 1517, 'parking': 0, 'fail': 89, 'skip': 0, 'bytes': 203266945}
2026-07-25T01:59:46Z progress done=1611 stats={'ok': 1522, 'parking': 0, 'fail': 89, 'skip': 0, 'bytes': 203850934}
2026-07-25T01:59:53Z progress done=1616 stats={'ok': 1527, 'parking': 0, 'fail': 89, 'skip': 0, 'bytes': 204458365}
2026-07-25T02:00:23Z progress done=1621 stats={'ok': 1531, 'parking': 0, 'fail': 90, 'skip': 0, 'bytes': 204937878}
2026-07-25T02:00:30Z progress done=1626 stats={'ok': 1536, 'parking': 0, 'fail': 90, 'skip': 0, 'bytes': 205544038}
2026-07-25T02:00:53Z progress done=1631 stats={'ok': 1540, 'parking': 0, 'fail': 91, 'skip': 0, 'bytes': 206027715}
2026-07-25T02:01:22Z progress done=1636 stats={'ok': 1544, 'parking': 0, 'fail': 92, 'skip': 0, 'bytes': 206497909}
2026-07-25T02:01:30Z progress done=1641 stats={'ok': 1549, 'parking': 0, 'fail': 92, 'skip': 0, 'bytes': 207093780}
2026-07-25T02:01:39Z progress done=1646 stats={'ok': 1554, 'parking': 0, 'fail': 92, 'skip': 0, 'bytes': 207704137}
2026-07-25T02:02:00Z progress done=1651 stats={'ok': 1558, 'parking': 0, 'fail': 93, 'skip': 0, 'bytes': 208175118}
2026-07-25T02:02:23Z progress done=1656 stats={'ok': 1562, 'parking': 0, 'fail': 94, 'skip': 0, 'bytes': 208635699}
2026-07-25T02:02:31Z progress done=1661 stats={'ok': 1567, 'parking': 0, 'fail': 94, 'skip': 0, 'bytes': 209230405}
2026-07-25T02:02:58Z progress done=1666 stats={'ok': 1571, 'parking': 0, 'fail': 95, 'skip': 0, 'bytes': 209704207}
2026-07-25T02:03:06Z progress done=1671 stats={'ok': 1576, 'parking': 0, 'fail': 95, 'skip': 0, 'bytes': 210291753}
2026-07-25T02:03:29Z progress done=1676 stats={'ok': 1580, 'parking': 0, 'fail': 96, 'skip': 0, 'bytes': 210773246}
2026-07-25T02:03:35Z progress done=1681 stats={'ok': 1585, 'parking': 0, 'fail': 96, 'skip': 0, 'bytes': 211368448}
2026-07-25T02:04:07Z progress done=1686 stats={'ok': 1589, 'parking': 0, 'fail': 97, 'skip': 0, 'bytes': 211845189}
2026-07-25T02:04:15Z progress done=1691 stats={'ok': 1594, 'parking': 0, 'fail': 97, 'skip': 0, 'bytes': 212434614}
2026-07-25T02:04:36Z progress done=1696 stats={'ok': 1598, 'parking': 0, 'fail': 98, 'skip': 0, 'bytes': 212909039}
2026-07-25T02:04:47Z progress done=1701 stats={'ok': 1603, 'parking': 0, 'fail': 98, 'skip': 0, 'bytes': 213509850}
2026-07-25T02:05:10Z progress done=1706 stats={'ok': 1607, 'parking': 0, 'fail': 99, 'skip': 0, 'bytes': 213981459}
2026-07-25T02:05:23Z progress done=1711 stats={'ok': 1612, 'parking': 0, 'fail': 99, 'skip': 0, 'bytes': 214578092}
2026-07-25T02:05:45Z progress done=1716 stats={'ok': 1616, 'parking': 0, 'fail': 100, 'skip': 0, 'bytes': 215035984}
2026-07-25T02:06:07Z progress done=1721 stats={'ok': 1620, 'parking': 0, 'fail': 101, 'skip': 0, 'bytes': 215511250}
2026-07-25T02:06:17Z progress done=1726 stats={'ok': 1625, 'parking': 0, 'fail': 101, 'skip': 0, 'bytes': 216112864}
2026-07-25T02:06:43Z progress done=1731 stats={'ok': 1629, 'parking': 0, 'fail': 102, 'skip': 0, 'bytes': 216590175}
2026-07-25T02:06:50Z progress done=1736 stats={'ok': 1634, 'parking': 0, 'fail': 102, 'skip': 0, 'bytes': 217180817}
2026-07-25T02:07:13Z progress done=1741 stats={'ok': 1638, 'parking': 0, 'fail': 103, 'skip': 0, 'bytes': 217644427}
2026-07-25T02:07:21Z progress done=1746 stats={'ok': 1643, 'parking': 0, 'fail': 103, 'skip': 0, 'bytes': 218231665}
2026-07-25T02:07:43Z progress done=1751 stats={'ok': 1647, 'parking': 0, 'fail': 104, 'skip': 0, 'bytes': 218700822}
2026-07-25T02:07:53Z progress done=1756 stats={'ok': 1652, 'parking': 0, 'fail': 104, 'skip': 0, 'bytes': 219296767}
2026-07-25T02:08:18Z progress done=1761 stats={'ok': 1656, 'parking': 0, 'fail': 105, 'skip': 0, 'bytes': 219781656}
2026-07-25T02:08:26Z progress done=1766 stats={'ok': 1661, 'parking': 0, 'fail': 105, 'skip': 0, 'bytes': 220365952}
2026-07-25T02:08:48Z progress done=1771 stats={'ok': 1665, 'parking': 0, 'fail': 106, 'skip': 0, 'bytes': 220840740}
2026-07-25T02:08:54Z progress done=1776 stats={'ok': 1670, 'parking': 0, 'fail': 106, 'skip': 0, 'bytes': 221435045}
2026-07-25T02:09:18Z progress done=1781 stats={'ok': 1674, 'parking': 0, 'fail': 107, 'skip': 0, 'bytes': 221914579}
2026-07-25T02:09:25Z progress done=1786 stats={'ok': 1679, 'parking': 0, 'fail': 107, 'skip': 0, 'bytes': 222495245}
2026-07-25T02:09:48Z progress done=1791 stats={'ok': 1683, 'parking': 0, 'fail': 108, 'skip': 0, 'bytes': 222952464}
2026-07-25T02:09:59Z progress done=1796 stats={'ok': 1688, 'parking': 0, 'fail': 108, 'skip': 0, 'bytes': 223527983}
2026-07-25T02:10:23Z progress done=1801 stats={'ok': 1692, 'parking': 0, 'fail': 109, 'skip': 0, 'bytes': 223993794}
2026-07-25T02:10:31Z progress done=1806 stats={'ok': 1697, 'parking': 0, 'fail': 109, 'skip': 0, 'bytes': 224595989}
2026-07-25T02:10:53Z progress done=1811 stats={'ok': 1701, 'parking': 0, 'fail': 110, 'skip': 0, 'bytes': 225093560}
2026-07-25T02:11:01Z progress done=1816 stats={'ok': 1706, 'parking': 0, 'fail': 110, 'skip': 0, 'bytes': 225684414}
2026-07-25T02:11:24Z progress done=1821 stats={'ok': 1710, 'parking': 0, 'fail': 111, 'skip': 0, 'bytes': 226155213}
2026-07-25T02:11:37Z progress done=1826 stats={'ok': 1715, 'parking': 0, 'fail': 111, 'skip': 0, 'bytes': 226763308}
2026-07-25T02:11:59Z progress done=1831 stats={'ok': 1719, 'parking': 0, 'fail': 112, 'skip': 0, 'bytes': 227242948}
2026-07-25T02:12:07Z progress done=1836 stats={'ok': 1724, 'parking': 0, 'fail': 112, 'skip': 0, 'bytes': 227828201}
2026-07-25T02:12:32Z progress done=1841 stats={'ok': 1728, 'parking': 0, 'fail': 113, 'skip': 0, 'bytes': 228311762}
2026-07-25T02:13:03Z progress done=1846 stats={'ok': 1732, 'parking': 0, 'fail': 114, 'skip': 0, 'bytes': 228765222}
2026-07-25T02:13:14Z progress done=1851 stats={'ok': 1737, 'parking': 0, 'fail': 114, 'skip': 0, 'bytes': 229371356}
2026-07-25T02:13:21Z progress done=1856 stats={'ok': 1742, 'parking': 0, 'fail': 114, 'skip': 0, 'bytes': 229952280}
2026-07-25T02:13:31Z progress done=1861 stats={'ok': 1747, 'parking': 0, 'fail': 114, 'skip': 0, 'bytes': 230563089}
2026-07-25T02:13:48Z progress done=1866 stats={'ok': 1752, 'parking': 0, 'fail': 114, 'skip': 0, 'bytes': 231158191}
2026-07-25T02:14:17Z progress done=1871 stats={'ok': 1756, 'parking': 0, 'fail': 115, 'skip': 0, 'bytes': 231628182}
2026-07-25T02:14:25Z progress done=1876 stats={'ok': 1761, 'parking': 0, 'fail': 115, 'skip': 0, 'bytes': 232224952}
2026-07-25T02:14:37Z progress done=1881 stats={'ok': 1766, 'parking': 0, 'fail': 115, 'skip': 0, 'bytes': 232836120}
2026-07-25T02:14:51Z progress done=1886 stats={'ok': 1771, 'parking': 0, 'fail': 115, 'skip': 0, 'bytes': 233422600}
2026-07-25T02:15:19Z progress done=1891 stats={'ok': 1775, 'parking': 0, 'fail': 116, 'skip': 0, 'bytes': 233929143}
2026-07-25T02:15:47Z progress done=1896 stats={'ok': 1780, 'parking': 0, 'fail': 116, 'skip': 0, 'bytes': 234520226}
2026-07-25T02:15:53Z progress done=1901 stats={'ok': 1785, 'parking': 0, 'fail': 116, 'skip': 0, 'bytes': 235100115}
2026-07-25T02:16:08Z progress done=1906 stats={'ok': 1790, 'parking': 0, 'fail': 116, 'skip': 0, 'bytes': 235694025}
2026-07-25T02:16:45Z progress done=1911 stats={'ok': 1793, 'parking': 0, 'fail': 118, 'skip': 0, 'bytes': 236039879}
2026-07-25T02:16:52Z progress done=1916 stats={'ok': 1798, 'parking': 0, 'fail': 118, 'skip': 0, 'bytes': 236630597}
2026-07-25T02:17:00Z progress done=1921 stats={'ok': 1803, 'parking': 0, 'fail': 118, 'skip': 0, 'bytes': 237227227}
2026-07-25T02:17:10Z progress done=1926 stats={'ok': 1808, 'parking': 0, 'fail': 118, 'skip': 0, 'bytes': 237822649}
2026-07-25T02:17:40Z progress done=1931 stats={'ok': 1813, 'parking': 0, 'fail': 118, 'skip': 0, 'bytes': 238431368}
2026-07-25T02:18:00Z progress done=1936 stats={'ok': 1818, 'parking': 0, 'fail': 118, 'skip': 0, 'bytes': 239010954}
2026-07-25T02:18:10Z progress done=1941 stats={'ok': 1823, 'parking': 0, 'fail': 118, 'skip': 0, 'bytes': 239595050}
2026-07-25T02:18:25Z progress done=1946 stats={'ok': 1828, 'parking': 0, 'fail': 118, 'skip': 0, 'bytes': 240178487}
2026-07-25T02:18:53Z progress done=1951 stats={'ok': 1832, 'parking': 0, 'fail': 119, 'skip': 0, 'bytes': 240645418}
2026-07-25T02:19:06Z progress done=1956 stats={'ok': 1837, 'parking': 0, 'fail': 119, 'skip': 0, 'bytes': 241229452}
2026-07-25T02:19:13Z progress done=1961 stats={'ok': 1842, 'parking': 0, 'fail': 119, 'skip': 0, 'bytes': 241821500}
2026-07-25T02:19:57Z progress done=1966 stats={'ok': 1846, 'parking': 0, 'fail': 120, 'skip': 0, 'bytes': 242320475}
2026-07-25T02:20:13Z progress done=1971 stats={'ok': 1851, 'parking': 0, 'fail': 120, 'skip': 0, 'bytes': 242920529}
2026-07-25T02:20:24Z progress done=1976 stats={'ok': 1856, 'parking': 0, 'fail': 120, 'skip': 0, 'bytes': 243520047}
2026-07-25T02:20:32Z progress done=1981 stats={'ok': 1861, 'parking': 0, 'fail': 120, 'skip': 0, 'bytes': 244105955}
2026-07-25T02:21:01Z progress done=1986 stats={'ok': 1865, 'parking': 0, 'fail': 121, 'skip': 0, 'bytes': 244575469}
2026-07-25T02:21:17Z progress done=1991 stats={'ok': 1870, 'parking': 0, 'fail': 121, 'skip': 0, 'bytes': 245143089}
2026-07-25T02:21:32Z progress done=1996 stats={'ok': 1875, 'parking': 0, 'fail': 121, 'skip': 0, 'bytes': 245733298}
2026-07-25T02:21:54Z progress done=2001 stats={'ok': 1880, 'parking': 0, 'fail': 121, 'skip': 0, 'bytes': 246331098}
2026-07-25T02:22:12Z progress done=2006 stats={'ok': 1885, 'parking': 0, 'fail': 121, 'skip': 0, 'bytes': 246920657}
2026-07-25T02:22:24Z progress done=2011 stats={'ok': 1890, 'parking': 0, 'fail': 121, 'skip': 0, 'bytes': 247511828}
2026-07-25T02:22:46Z progress done=2016 stats={'ok': 1895, 'parking': 0, 'fail': 121, 'skip': 0, 'bytes': 248092229}
2026-07-25T02:23:07Z progress done=2021 stats={'ok': 1899, 'parking': 0, 'fail': 122, 'skip': 0, 'bytes': 248569414}
2026-07-25T02:23:18Z progress done=2026 stats={'ok': 1904, 'parking': 0, 'fail': 122, 'skip': 0, 'bytes': 249161589}
2026-07-25T02:23:27Z progress done=2031 stats={'ok': 1909, 'parking': 0, 'fail': 122, 'skip': 0, 'bytes': 249748742}
2026-07-25T02:23:49Z progress done=2036 stats={'ok': 1914, 'parking': 0, 'fail': 122, 'skip': 0, 'bytes': 250351861}
2026-07-25T02:24:14Z progress done=2041 stats={'ok': 1919, 'parking': 0, 'fail': 122, 'skip': 0, 'bytes': 250944524}
2026-07-25T02:24:42Z progress done=2046 stats={'ok': 1923, 'parking': 0, 'fail': 123, 'skip': 0, 'bytes': 251407857}
2026-07-25T02:24:51Z progress done=2051 stats={'ok': 1928, 'parking': 0, 'fail': 123, 'skip': 0, 'bytes': 251980215}
2026-07-25T02:24:58Z progress done=2056 stats={'ok': 1933, 'parking': 0, 'fail': 123, 'skip': 0, 'bytes': 252590206}
2026-07-25T02:25:22Z progress done=2061 stats={'ok': 1938, 'parking': 0, 'fail': 123, 'skip': 0, 'bytes': 253173009}
2026-07-25T02:25:47Z progress done=2066 stats={'ok': 1942, 'parking': 0, 'fail': 124, 'skip': 0, 'bytes': 253651007}
2026-07-25T02:25:55Z progress done=2071 stats={'ok': 1947, 'parking': 0, 'fail': 124, 'skip': 0, 'bytes': 254245306}
2026-07-25T02:26:19Z progress done=2076 stats={'ok': 1951, 'parking': 0, 'fail': 125, 'skip': 0, 'bytes': 254730447}
2026-07-25T02:26:26Z progress done=2081 stats={'ok': 1956, 'parking': 0, 'fail': 125, 'skip': 0, 'bytes': 255324464}
2026-07-25T02:26:51Z progress done=2086 stats={'ok': 1960, 'parking': 0, 'fail': 126, 'skip': 0, 'bytes': 255798607}
2026-07-25T02:27:02Z progress done=2091 stats={'ok': 1965, 'parking': 0, 'fail': 126, 'skip': 0, 'bytes': 256401864}
2026-07-25T02:27:25Z progress done=2096 stats={'ok': 1969, 'parking': 0, 'fail': 127, 'skip': 0, 'bytes': 256866347}
2026-07-25T02:27:32Z progress done=2101 stats={'ok': 1974, 'parking': 0, 'fail': 127, 'skip': 0, 'bytes': 257449594}
2026-07-25T02:28:01Z progress done=2106 stats={'ok': 1978, 'parking': 0, 'fail': 128, 'skip': 0, 'bytes': 257939460}
2026-07-25T02:28:09Z progress done=2111 stats={'ok': 1983, 'parking': 0, 'fail': 128, 'skip': 0, 'bytes': 258537958}
2026-07-25T02:28:27Z progress done=2116 stats={'ok': 1988, 'parking': 0, 'fail': 128, 'skip': 0, 'bytes': 259144621}
2026-07-25T02:28:34Z progress done=2121 stats={'ok': 1993, 'parking': 0, 'fail': 128, 'skip': 0, 'bytes': 259733276}
2026-07-25T02:29:05Z progress done=2126 stats={'ok': 1997, 'parking': 0, 'fail': 129, 'skip': 0, 'bytes': 260201298}
2026-07-25T02:29:28Z progress done=2131 stats={'ok': 2001, 'parking': 0, 'fail': 130, 'skip': 0, 'bytes': 260679829}
2026-07-25T02:29:35Z progress done=2136 stats={'ok': 2006, 'parking': 0, 'fail': 130, 'skip': 0, 'bytes': 261267934}
2026-07-25T02:29:43Z progress done=2141 stats={'ok': 2011, 'parking': 0, 'fail': 130, 'skip': 0, 'bytes': 261855396}
2026-07-25T02:30:02Z progress done=2146 stats={'ok': 2016, 'parking': 0, 'fail': 130, 'skip': 0, 'bytes': 262465921}
2026-07-25T02:30:27Z progress done=2151 stats={'ok': 2020, 'parking': 0, 'fail': 131, 'skip': 0, 'bytes': 262945941}
2026-07-25T02:30:39Z progress done=2156 stats={'ok': 2025, 'parking': 0, 'fail': 131, 'skip': 0, 'bytes': 263541166}
2026-07-25T02:30:48Z progress done=2161 stats={'ok': 2030, 'parking': 0, 'fail': 131, 'skip': 0, 'bytes': 264135173}
2026-07-25T02:31:10Z progress done=2166 stats={'ok': 2034, 'parking': 0, 'fail': 132, 'skip': 0, 'bytes': 264606684}
2026-07-25T02:31:24Z progress done=2171 stats={'ok': 2039, 'parking': 0, 'fail': 132, 'skip': 0, 'bytes': 265198556}
2026-07-25T02:31:45Z progress done=2176 stats={'ok': 2044, 'parking': 0, 'fail': 132, 'skip': 0, 'bytes': 265787763}
2026-07-25T02:32:07Z progress done=2181 stats={'ok': 2048, 'parking': 0, 'fail': 133, 'skip': 0, 'bytes': 266267719}
2026-07-25T02:32:14Z progress done=2186 stats={'ok': 2053, 'parking': 0, 'fail': 133, 'skip': 0, 'bytes': 266861235}
2026-07-25T02:32:37Z progress done=2191 stats={'ok': 2058, 'parking': 0, 'fail': 133, 'skip': 0, 'bytes': 267450293}
2026-07-25T02:32:50Z progress done=2196 stats={'ok': 2063, 'parking': 0, 'fail': 133, 'skip': 0, 'bytes': 268036770}
2026-07-25T02:33:14Z progress done=2201 stats={'ok': 2067, 'parking': 0, 'fail': 134, 'skip': 0, 'bytes': 268501994}
2026-07-25T02:33:21Z progress done=2206 stats={'ok': 2072, 'parking': 0, 'fail': 134, 'skip': 0, 'bytes': 269099911}
2026-07-25T02:33:42Z progress done=2211 stats={'ok': 2077, 'parking': 0, 'fail': 134, 'skip': 0, 'bytes': 269682564}
2026-07-25T02:33:59Z progress done=2216 stats={'ok': 2082, 'parking': 0, 'fail': 134, 'skip': 0, 'bytes': 270259168}
2026-07-25T02:34:17Z progress done=2221 stats={'ok': 2087, 'parking': 0, 'fail': 134, 'skip': 0, 'bytes': 270869982}
2026-07-25T02:34:26Z progress done=2226 stats={'ok': 2092, 'parking': 0, 'fail': 134, 'skip': 0, 'bytes': 271465435}
2026-07-25T02:34:47Z progress done=2231 stats={'ok': 2097, 'parking': 0, 'fail': 134, 'skip': 0, 'bytes': 272074551}
2026-07-25T02:35:13Z progress done=2236 stats={'ok': 2102, 'parking': 0, 'fail': 134, 'skip': 0, 'bytes': 272665049}
2026-07-25T02:35:27Z progress done=2241 stats={'ok': 2107, 'parking': 0, 'fail': 134, 'skip': 0, 'bytes': 273270084}
2026-07-25T02:35:49Z progress done=2246 stats={'ok': 2111, 'parking': 0, 'fail': 135, 'skip': 0, 'bytes': 273745048}
2026-07-25T02:35:57Z progress done=2251 stats={'ok': 2116, 'parking': 0, 'fail': 135, 'skip': 0, 'bytes': 274337223}
2026-07-25T02:36:23Z progress done=2256 stats={'ok': 2120, 'parking': 0, 'fail': 136, 'skip': 0, 'bytes': 274829031}
2026-07-25T02:36:30Z progress done=2261 stats={'ok': 2125, 'parking': 0, 'fail': 136, 'skip': 0, 'bytes': 275428713}
2026-07-25T02:36:52Z progress done=2266 stats={'ok': 2129, 'parking': 0, 'fail': 137, 'skip': 0, 'bytes': 275900415}
2026-07-25T02:37:00Z progress done=2271 stats={'ok': 2134, 'parking': 0, 'fail': 137, 'skip': 0, 'bytes': 276497314}
2026-07-25T02:37:25Z progress done=2276 stats={'ok': 2139, 'parking': 0, 'fail': 137, 'skip': 0, 'bytes': 277097171}
2026-07-25T02:37:32Z progress done=2281 stats={'ok': 2144, 'parking': 0, 'fail': 137, 'skip': 0, 'bytes': 277698127}
2026-07-25T02:37:55Z progress done=2286 stats={'ok': 2148, 'parking': 0, 'fail': 138, 'skip': 0, 'bytes': 278169839}
2026-07-25T02:38:03Z progress done=2291 stats={'ok': 2153, 'parking': 0, 'fail': 138, 'skip': 0, 'bytes': 278770864}
2026-07-25T02:38:28Z progress done=2296 stats={'ok': 2158, 'parking': 0, 'fail': 138, 'skip': 0, 'bytes': 279376320}
2026-07-25T02:38:57Z progress done=2301 stats={'ok': 2162, 'parking': 0, 'fail': 139, 'skip': 0, 'bytes': 279853029}
2026-07-25T02:39:03Z progress done=2306 stats={'ok': 2167, 'parking': 0, 'fail': 139, 'skip': 0, 'bytes': 280427605}
2026-07-25T02:39:10Z progress done=2311 stats={'ok': 2172, 'parking': 0, 'fail': 139, 'skip': 0, 'bytes': 281019562}
2026-07-25T02:39:33Z progress done=2316 stats={'ok': 2176, 'parking': 0, 'fail': 140, 'skip': 0, 'bytes': 281496205}
2026-07-25T02:39:58Z progress done=2321 stats={'ok': 2180, 'parking': 0, 'fail': 141, 'skip': 0, 'bytes': 281968960}
2026-07-25T02:40:07Z progress done=2326 stats={'ok': 2185, 'parking': 0, 'fail': 141, 'skip': 0, 'bytes': 282550923}
2026-07-25T02:40:29Z progress done=2331 stats={'ok': 2189, 'parking': 0, 'fail': 142, 'skip': 0, 'bytes': 283017198}
2026-07-25T02:40:36Z progress done=2336 stats={'ok': 2194, 'parking': 0, 'fail': 142, 'skip': 0, 'bytes': 283630417}
2026-07-25T02:40:44Z progress done=2341 stats={'ok': 2199, 'parking': 0, 'fail': 142, 'skip': 0, 'bytes': 284240146}
2026-07-25T02:41:06Z progress done=2346 stats={'ok': 2203, 'parking': 0, 'fail': 143, 'skip': 0, 'bytes': 284727670}
2026-07-25T02:41:30Z progress done=2351 stats={'ok': 2207, 'parking': 0, 'fail': 144, 'skip': 0, 'bytes': 285200118}
2026-07-25T02:41:37Z progress done=2356 stats={'ok': 2212, 'parking': 0, 'fail': 144, 'skip': 0, 'bytes': 285779732}
2026-07-25T02:41:45Z progress done=2361 stats={'ok': 2217, 'parking': 0, 'fail': 144, 'skip': 0, 'bytes': 286368198}
2026-07-25T02:42:10Z progress done=2366 stats={'ok': 2221, 'parking': 0, 'fail': 145, 'skip': 0, 'bytes': 286846351}
2026-07-25T02:42:36Z progress done=2371 stats={'ok': 2225, 'parking': 0, 'fail': 146, 'skip': 0, 'bytes': 287312965}
2026-07-25T02:42:43Z progress done=2376 stats={'ok': 2230, 'parking': 0, 'fail': 146, 'skip': 0, 'bytes': 287902978}
2026-07-25T02:43:06Z progress done=2381 stats={'ok': 2234, 'parking': 0, 'fail': 147, 'skip': 0, 'bytes': 288377877}
2026-07-25T02:43:33Z progress done=2386 stats={'ok': 2238, 'parking': 0, 'fail': 148, 'skip': 0, 'bytes': 288852979}
2026-07-25T02:43:41Z progress done=2391 stats={'ok': 2243, 'parking': 0, 'fail': 148, 'skip': 0, 'bytes': 289443978}
2026-07-25T02:43:51Z progress done=2396 stats={'ok': 2248, 'parking': 0, 'fail': 148, 'skip': 0, 'bytes': 290044889}
2026-07-25T02:44:06Z progress done=2401 stats={'ok': 2253, 'parking': 0, 'fail': 148, 'skip': 0, 'bytes': 290631311}
2026-07-25T02:44:37Z progress done=2406 stats={'ok': 2257, 'parking': 0, 'fail': 149, 'skip': 0, 'bytes': 291097281}
2026-07-25T02:44:47Z progress done=2411 stats={'ok': 2262, 'parking': 0, 'fail': 149, 'skip': 0, 'bytes': 291688576}
2026-07-25T02:44:55Z progress done=2416 stats={'ok': 2267, 'parking': 0, 'fail': 149, 'skip': 0, 'bytes': 292267501}
2026-07-25T02:45:16Z progress done=2421 stats={'ok': 2272, 'parking': 0, 'fail': 149, 'skip': 0, 'bytes': 292850774}
2026-07-25T02:45:39Z progress done=2426 stats={'ok': 2276, 'parking': 0, 'fail': 150, 'skip': 0, 'bytes': 293323535}
2026-07-25T02:45:48Z progress done=2431 stats={'ok': 2281, 'parking': 0, 'fail': 150, 'skip': 0, 'bytes': 293926450}
2026-07-25T02:45:56Z progress done=2436 stats={'ok': 2286, 'parking': 0, 'fail': 150, 'skip': 0, 'bytes': 294524154}
2026-07-25T02:46:23Z progress done=2441 stats={'ok': 2291, 'parking': 0, 'fail': 150, 'skip': 0, 'bytes': 295116665}
2026-07-25T02:46:45Z progress done=2446 stats={'ok': 2295, 'parking': 0, 'fail': 151, 'skip': 0, 'bytes': 295598780}
2026-07-25T02:46:53Z progress done=2451 stats={'ok': 2300, 'parking': 0, 'fail': 151, 'skip': 0, 'bytes': 296189272}
2026-07-25T02:47:08Z progress done=2456 stats={'ok': 2305, 'parking': 0, 'fail': 151, 'skip': 0, 'bytes': 296767382}
2026-07-25T02:47:23Z progress done=2461 stats={'ok': 2310, 'parking': 0, 'fail': 151, 'skip': 0, 'bytes': 297375260}
2026-07-25T02:47:49Z progress done=2466 stats={'ok': 2314, 'parking': 0, 'fail': 152, 'skip': 0, 'bytes': 297846869}
2026-07-25T02:48:12Z progress done=2471 stats={'ok': 2318, 'parking': 0, 'fail': 153, 'skip': 0, 'bytes': 298321777}
2026-07-25T02:48:20Z progress done=2476 stats={'ok': 2323, 'parking': 0, 'fail': 153, 'skip': 0, 'bytes': 298913727}
2026-07-25T02:48:27Z progress done=2481 stats={'ok': 2328, 'parking': 0, 'fail': 153, 'skip': 0, 'bytes': 299520838}
2026-07-25T02:48:48Z progress done=2486 stats={'ok': 2333, 'parking': 0, 'fail': 153, 'skip': 0, 'bytes': 300122111}
2026-07-25T02:49:16Z progress done=2491 stats={'ok': 2337, 'parking': 0, 'fail': 154, 'skip': 0, 'bytes': 300591395}
2026-07-25T02:49:29Z progress done=2496 stats={'ok': 2342, 'parking': 0, 'fail': 154, 'skip': 0, 'bytes': 301195559}
2026-07-25T02:49:47Z progress done=2501 stats={'ok': 2347, 'parking': 0, 'fail': 154, 'skip': 0, 'bytes': 301792830}
2026-07-25T02:49:54Z progress done=2506 stats={'ok': 2352, 'parking': 0, 'fail': 154, 'skip': 0, 'bytes': 302372190}
2026-07-25T02:50:20Z progress done=2511 stats={'ok': 2356, 'parking': 0, 'fail': 155, 'skip': 0, 'bytes': 302834158}
2026-07-25T02:50:44Z progress done=2516 stats={'ok': 2360, 'parking': 0, 'fail': 156, 'skip': 0, 'bytes': 303309332}
2026-07-25T02:50:57Z progress done=2521 stats={'ok': 2365, 'parking': 0, 'fail': 156, 'skip': 0, 'bytes': 303912081}
2026-07-25T02:51:04Z progress done=2526 stats={'ok': 2370, 'parking': 0, 'fail': 156, 'skip': 0, 'bytes': 304524233}
2026-07-25T02:51:19Z progress done=2531 stats={'ok': 2375, 'parking': 0, 'fail': 156, 'skip': 0, 'bytes': 305109087}
2026-07-25T02:51:53Z progress done=2536 stats={'ok': 2379, 'parking': 0, 'fail': 157, 'skip': 0, 'bytes': 305595649}
2026-07-25T02:52:01Z progress done=2541 stats={'ok': 2384, 'parking': 0, 'fail': 157, 'skip': 0, 'bytes': 306206126}
2026-07-25T02:52:10Z progress done=2546 stats={'ok': 2389, 'parking': 0, 'fail': 157, 'skip': 0, 'bytes': 306802169}
2026-07-25T02:52:26Z progress done=2551 stats={'ok': 2394, 'parking': 0, 'fail': 157, 'skip': 0, 'bytes': 307418967}
2026-07-25T02:52:49Z progress done=2556 stats={'ok': 2398, 'parking': 0, 'fail': 158, 'skip': 0, 'bytes': 307900378}
2026-07-25T02:53:03Z progress done=2561 stats={'ok': 2403, 'parking': 0, 'fail': 158, 'skip': 0, 'bytes': 308492546}
2026-07-25T02:53:25Z progress done=2566 stats={'ok': 2408, 'parking': 0, 'fail': 158, 'skip': 0, 'bytes': 309101949}
2026-07-25T02:53:36Z progress done=2571 stats={'ok': 2413, 'parking': 0, 'fail': 158, 'skip': 0, 'bytes': 309711071}
2026-07-25T02:53:57Z progress done=2576 stats={'ok': 2418, 'parking': 0, 'fail': 158, 'skip': 0, 'bytes': 310320770}
2026-07-25T02:54:21Z progress done=2581 stats={'ok': 2422, 'parking': 0, 'fail': 159, 'skip': 0, 'bytes': 310800497}
2026-07-25T02:54:31Z progress done=2586 stats={'ok': 2427, 'parking': 0, 'fail': 159, 'skip': 0, 'bytes': 311413147}
2026-07-25T02:54:48Z progress done=2591 stats={'ok': 2432, 'parking': 0, 'fail': 159, 'skip': 0, 'bytes': 312002031}
2026-07-25T02:55:04Z progress done=2596 stats={'ok': 2437, 'parking': 0, 'fail': 159, 'skip': 0, 'bytes': 312602098}
2026-07-25T02:55:38Z progress done=2601 stats={'ok': 2441, 'parking': 0, 'fail': 160, 'skip': 0, 'bytes': 313088283}
2026-07-25T02:55:45Z progress done=2606 stats={'ok': 2446, 'parking': 0, 'fail': 160, 'skip': 0, 'bytes': 313682641}
2026-07-25T02:55:53Z progress done=2611 stats={'ok': 2451, 'parking': 0, 'fail': 160, 'skip': 0, 'bytes': 314267748}
2026-07-25T02:56:11Z progress done=2616 stats={'ok': 2456, 'parking': 0, 'fail': 160, 'skip': 0, 'bytes': 314889778}
2026-07-25T02:56:36Z progress done=2621 stats={'ok': 2460, 'parking': 0, 'fail': 161, 'skip': 0, 'bytes': 315369437}
2026-07-25T02:56:48Z progress done=2626 stats={'ok': 2465, 'parking': 0, 'fail': 161, 'skip': 0, 'bytes': 315970397}
2026-07-25T02:56:58Z progress done=2631 stats={'ok': 2470, 'parking': 0, 'fail': 161, 'skip': 0, 'bytes': 316556734}
2026-07-25T02:57:23Z progress done=2636 stats={'ok': 2475, 'parking': 0, 'fail': 161, 'skip': 0, 'bytes': 317151306}
2026-07-25T02:57:45Z progress done=2641 stats={'ok': 2480, 'parking': 0, 'fail': 161, 'skip': 0, 'bytes': 317743276}
2026-07-25T02:57:53Z progress done=2646 stats={'ok': 2485, 'parking': 0, 'fail': 161, 'skip': 0, 'bytes': 318349661}
2026-07-25T02:58:13Z progress done=2651 stats={'ok': 2490, 'parking': 0, 'fail': 161, 'skip': 0, 'bytes': 318942630}
2026-07-25T02:58:32Z progress done=2656 stats={'ok': 2495, 'parking': 0, 'fail': 161, 'skip': 0, 'bytes': 319554373}
2026-07-25T02:59:05Z progress done=2661 stats={'ok': 2500, 'parking': 0, 'fail': 161, 'skip': 0, 'bytes': 320167134}
2026-07-25T02:59:13Z progress done=2666 stats={'ok': 2505, 'parking': 0, 'fail': 161, 'skip': 0, 'bytes': 320777784}
2026-07-25T02:59:22Z progress done=2671 stats={'ok': 2510, 'parking': 0, 'fail': 161, 'skip': 0, 'bytes': 321369747}
2026-07-25T02:59:47Z progress done=2676 stats={'ok': 2514, 'parking': 0, 'fail': 162, 'skip': 0, 'bytes': 321855914}
2026-07-25T03:00:06Z progress done=2681 stats={'ok': 2519, 'parking': 0, 'fail': 162, 'skip': 0, 'bytes': 322455328}
2026-07-25T03:00:17Z progress done=2686 stats={'ok': 2524, 'parking': 0, 'fail': 162, 'skip': 0, 'bytes': 323061634}
2026-07-25T03:00:35Z progress done=2691 stats={'ok': 2529, 'parking': 0, 'fail': 162, 'skip': 0, 'bytes': 323672230}
2026-07-25T03:00:56Z progress done=2696 stats={'ok': 2534, 'parking': 0, 'fail': 162, 'skip': 0, 'bytes': 324272665}
2026-07-25T03:01:12Z progress done=2701 stats={'ok': 2539, 'parking': 0, 'fail': 162, 'skip': 0, 'bytes': 324855887}
2026-07-25T03:01:39Z progress done=2706 stats={'ok': 2544, 'parking': 0, 'fail': 162, 'skip': 0, 'bytes': 325453505}
2026-07-25T03:02:00Z progress done=2711 stats={'ok': 2549, 'parking': 0, 'fail': 162, 'skip': 0, 'bytes': 326046505}
2026-07-25T03:02:14Z progress done=2716 stats={'ok': 2554, 'parking': 0, 'fail': 162, 'skip': 0, 'bytes': 326639672}
2026-07-25T03:02:20Z progress done=2721 stats={'ok': 2559, 'parking': 0, 'fail': 162, 'skip': 0, 'bytes': 327225763}
2026-07-25T03:02:42Z progress done=2726 stats={'ok': 2564, 'parking': 0, 'fail': 162, 'skip': 0, 'bytes': 327820175}
2026-07-25T03:03:10Z progress done=2731 stats={'ok': 2568, 'parking': 0, 'fail': 163, 'skip': 0, 'bytes': 328307154}
2026-07-25T03:03:18Z progress done=2736 stats={'ok': 2573, 'parking': 0, 'fail': 163, 'skip': 0, 'bytes': 328905248}
2026-07-25T03:03:37Z progress done=2741 stats={'ok': 2578, 'parking': 0, 'fail': 163, 'skip': 0, 'bytes': 329522618}
2026-07-25T03:03:48Z progress done=2746 stats={'ok': 2583, 'parking': 0, 'fail': 163, 'skip': 0, 'bytes': 330124952}
2026-07-25T03:04:12Z progress done=2751 stats={'ok': 2587, 'parking': 0, 'fail': 164, 'skip': 0, 'bytes': 330596334}
2026-07-25T03:04:24Z progress done=2756 stats={'ok': 2592, 'parking': 0, 'fail': 164, 'skip': 0, 'bytes': 331197830}
2026-07-25T03:04:45Z progress done=2761 stats={'ok': 2596, 'parking': 0, 'fail': 165, 'skip': 0, 'bytes': 331675903}
2026-07-25T03:04:58Z progress done=2766 stats={'ok': 2601, 'parking': 0, 'fail': 165, 'skip': 0, 'bytes': 332289203}
2026-07-25T03:05:17Z progress done=2771 stats={'ok': 2606, 'parking': 0, 'fail': 165, 'skip': 0, 'bytes': 332893174}
2026-07-25T03:05:42Z progress done=2776 stats={'ok': 2610, 'parking': 0, 'fail': 166, 'skip': 0, 'bytes': 333385602}
2026-07-25T03:05:51Z progress done=2781 stats={'ok': 2615, 'parking': 0, 'fail': 166, 'skip': 0, 'bytes': 333967278}
2026-07-25T03:06:00Z progress done=2786 stats={'ok': 2620, 'parking': 0, 'fail': 166, 'skip': 0, 'bytes': 334557545}
2026-07-25T03:06:22Z progress done=2791 stats={'ok': 2625, 'parking': 0, 'fail': 166, 'skip': 0, 'bytes': 335147695}
2026-07-25T03:06:44Z progress done=2796 stats={'ok': 2629, 'parking': 0, 'fail': 167, 'skip': 0, 'bytes': 335634954}
2026-07-25T03:06:52Z progress done=2801 stats={'ok': 2634, 'parking': 0, 'fail': 167, 'skip': 0, 'bytes': 336217085}
2026-07-25T03:07:17Z progress done=2806 stats={'ok': 2638, 'parking': 0, 'fail': 168, 'skip': 0, 'bytes': 336694281}
2026-07-25T03:07:34Z progress done=2811 stats={'ok': 2643, 'parking': 0, 'fail': 168, 'skip': 0, 'bytes': 337305261}
2026-07-25T03:07:49Z progress done=2816 stats={'ok': 2648, 'parking': 0, 'fail': 168, 'skip': 0, 'bytes': 337908046}
2026-07-25T03:07:56Z progress done=2821 stats={'ok': 2653, 'parking': 0, 'fail': 168, 'skip': 0, 'bytes': 338516079}
2026-07-25T03:08:21Z progress done=2826 stats={'ok': 2657, 'parking': 0, 'fail': 169, 'skip': 0, 'bytes': 338984646}
2026-07-25T03:08:43Z progress done=2831 stats={'ok': 2661, 'parking': 0, 'fail': 170, 'skip': 0, 'bytes': 339474574}
2026-07-25T03:08:51Z progress done=2836 stats={'ok': 2666, 'parking': 0, 'fail': 170, 'skip': 0, 'bytes': 340080368}
2026-07-25T03:09:03Z progress done=2841 stats={'ok': 2671, 'parking': 0, 'fail': 170, 'skip': 0, 'bytes': 340676854}
2026-07-25T03:09:26Z progress done=2846 stats={'ok': 2675, 'parking': 0, 'fail': 171, 'skip': 0, 'bytes': 341166851}
2026-07-25T03:09:48Z progress done=2851 stats={'ok': 2679, 'parking': 0, 'fail': 172, 'skip': 0, 'bytes': 341652425}
2026-07-25T03:09:56Z progress done=2856 stats={'ok': 2684, 'parking': 0, 'fail': 172, 'skip': 0, 'bytes': 342259198}
2026-07-25T03:10:20Z progress done=2861 stats={'ok': 2688, 'parking': 0, 'fail': 173, 'skip': 0, 'bytes': 342725590}
2026-07-25T03:10:29Z progress done=2866 stats={'ok': 2693, 'parking': 0, 'fail': 173, 'skip': 0, 'bytes': 343315879}
2026-07-25T03:10:52Z progress done=2871 stats={'ok': 2697, 'parking': 0, 'fail': 174, 'skip': 0, 'bytes': 343800915}
2026-07-25T03:10:58Z progress done=2876 stats={'ok': 2702, 'parking': 0, 'fail': 174, 'skip': 0, 'bytes': 344398091}
2026-07-25T03:11:11Z progress done=2881 stats={'ok': 2707, 'parking': 0, 'fail': 174, 'skip': 0, 'bytes': 344991749}
2026-07-25T03:11:35Z progress done=2886 stats={'ok': 2711, 'parking': 0, 'fail': 175, 'skip': 0, 'bytes': 345483503}
2026-07-25T03:11:58Z progress done=2891 stats={'ok': 2715, 'parking': 0, 'fail': 176, 'skip': 0, 'bytes': 345959336}
2026-07-25T03:12:05Z progress done=2896 stats={'ok': 2720, 'parking': 0, 'fail': 176, 'skip': 0, 'bytes': 346558714}
2026-07-25T03:12:29Z progress done=2901 stats={'ok': 2724, 'parking': 0, 'fail': 177, 'skip': 0, 'bytes': 347043081}
2026-07-25T03:12:37Z progress done=2906 stats={'ok': 2729, 'parking': 0, 'fail': 177, 'skip': 0, 'bytes': 347645849}
2026-07-25T03:13:00Z progress done=2911 stats={'ok': 2733, 'parking': 0, 'fail': 178, 'skip': 0, 'bytes': 348130776}
2026-07-25T03:13:11Z progress done=2916 stats={'ok': 2738, 'parking': 0, 'fail': 178, 'skip': 0, 'bytes': 348739150}
2026-07-25T03:13:32Z progress done=2921 stats={'ok': 2742, 'parking': 0, 'fail': 179, 'skip': 0, 'bytes': 349223752}
2026-07-25T03:13:44Z progress done=2926 stats={'ok': 2747, 'parking': 0, 'fail': 179, 'skip': 0, 'bytes': 349832708}
2026-07-25T03:14:02Z progress done=2931 stats={'ok': 2752, 'parking': 0, 'fail': 179, 'skip': 0, 'bytes': 350438765}
2026-07-25T03:14:12Z progress done=2936 stats={'ok': 2757, 'parking': 0, 'fail': 179, 'skip': 0, 'bytes': 351047874}
2026-07-25T03:14:39Z progress done=2941 stats={'ok': 2761, 'parking': 0, 'fail': 180, 'skip': 0, 'bytes': 351542149}
2026-07-25T03:14:46Z progress done=2946 stats={'ok': 2766, 'parking': 0, 'fail': 180, 'skip': 0, 'bytes': 352150333}
2026-07-25T03:15:12Z progress done=2951 stats={'ok': 2770, 'parking': 0, 'fail': 181, 'skip': 0, 'bytes': 352642217}
2026-07-25T03:15:37Z progress done=2956 stats={'ok': 2774, 'parking': 0, 'fail': 182, 'skip': 0, 'bytes': 353129653}
2026-07-25T03:15:45Z progress done=2961 stats={'ok': 2779, 'parking': 0, 'fail': 182, 'skip': 0, 'bytes': 353736054}
2026-07-25T03:15:53Z progress done=2966 stats={'ok': 2784, 'parking': 0, 'fail': 182, 'skip': 0, 'bytes': 354337444}
2026-07-25T03:16:16Z progress done=2971 stats={'ok': 2788, 'parking': 0, 'fail': 183, 'skip': 0, 'bytes': 354820940}
2026-07-25T03:16:40Z progress done=2976 stats={'ok': 2792, 'parking': 0, 'fail': 184, 'skip': 0, 'bytes': 355311801}
2026-07-25T03:16:50Z progress done=2981 stats={'ok': 2797, 'parking': 0, 'fail': 184, 'skip': 0, 'bytes': 355909558}
2026-07-25T03:16:58Z progress done=2986 stats={'ok': 2802, 'parking': 0, 'fail': 184, 'skip': 0, 'bytes': 356503034}
2026-07-25T03:17:22Z progress done=2991 stats={'ok': 2806, 'parking': 0, 'fail': 185, 'skip': 0, 'bytes': 356977766}
2026-07-25T03:17:45Z progress done=2996 stats={'ok': 2810, 'parking': 0, 'fail': 186, 'skip': 0, 'bytes': 357461546}
2026-07-25T03:17:53Z progress done=3001 stats={'ok': 2815, 'parking': 0, 'fail': 186, 'skip': 0, 'bytes': 358073420}
2026-07-25T03:18:02Z progress done=3006 stats={'ok': 2820, 'parking': 0, 'fail': 186, 'skip': 0, 'bytes': 358653517}
2026-07-25T03:18:26Z progress done=3011 stats={'ok': 2824, 'parking': 0, 'fail': 187, 'skip': 0, 'bytes': 359125727}
2026-07-25T03:18:33Z progress done=3016 stats={'ok': 2829, 'parking': 0, 'fail': 187, 'skip': 0, 'bytes': 359719729}
2026-07-25T03:18:57Z progress done=3021 stats={'ok': 2833, 'parking': 0, 'fail': 188, 'skip': 0, 'bytes': 360175408}
2026-07-25T03:19:21Z progress done=3026 stats={'ok': 2837, 'parking': 0, 'fail': 189, 'skip': 0, 'bytes': 360648568}
2026-07-25T03:19:29Z progress done=3031 stats={'ok': 2842, 'parking': 0, 'fail': 189, 'skip': 0, 'bytes': 361244478}
2026-07-25T03:19:36Z progress done=3036 stats={'ok': 2847, 'parking': 0, 'fail': 189, 'skip': 0, 'bytes': 361839872}
2026-07-25T03:20:13Z progress done=3041 stats={'ok': 2851, 'parking': 0, 'fail': 190, 'skip': 0, 'bytes': 362307216}
2026-07-25T03:20:29Z progress done=3046 stats={'ok': 2856, 'parking': 0, 'fail': 190, 'skip': 0, 'bytes': 362880096}
2026-07-25T03:20:37Z progress done=3051 stats={'ok': 2861, 'parking': 0, 'fail': 190, 'skip': 0, 'bytes': 363475278}
2026-07-25T03:20:59Z progress done=3056 stats={'ok': 2865, 'parking': 0, 'fail': 191, 'skip': 0, 'bytes': 363964075}
2026-07-25T03:21:12Z progress done=3061 stats={'ok': 2870, 'parking': 0, 'fail': 191, 'skip': 0, 'bytes': 364552621}
2026-07-25T03:21:31Z progress done=3066 stats={'ok': 2875, 'parking': 0, 'fail': 191, 'skip': 0, 'bytes': 365133200}
2026-07-25T03:21:45Z progress done=3071 stats={'ok': 2880, 'parking': 0, 'fail': 191, 'skip': 0, 'bytes': 365716849}
2026-07-25T03:22:06Z progress done=3076 stats={'ok': 2884, 'parking': 0, 'fail': 192, 'skip': 0, 'bytes': 366183231}
2026-07-25T03:22:13Z progress done=3081 stats={'ok': 2889, 'parking': 0, 'fail': 192, 'skip': 0, 'bytes': 366773703}
2026-07-25T03:22:35Z progress done=3086 stats={'ok': 2894, 'parking': 0, 'fail': 192, 'skip': 0, 'bytes': 367370174}
2026-07-25T03:23:15Z progress done=3091 stats={'ok': 2899, 'parking': 0, 'fail': 192, 'skip': 0, 'bytes': 367973421}
2026-07-25T03:23:25Z progress done=3096 stats={'ok': 2904, 'parking': 0, 'fail': 192, 'skip': 0, 'bytes': 368560086}
2026-07-25T03:23:34Z progress done=3101 stats={'ok': 2909, 'parking': 0, 'fail': 192, 'skip': 0, 'bytes': 369148017}
2026-07-25T03:23:43Z progress done=3106 stats={'ok': 2914, 'parking': 0, 'fail': 192, 'skip': 0, 'bytes': 369733447}
2026-07-25T03:24:20Z progress done=3111 stats={'ok': 2918, 'parking': 0, 'fail': 193, 'skip': 0, 'bytes': 370204558}
2026-07-25T03:24:35Z progress done=3116 stats={'ok': 2923, 'parking': 0, 'fail': 193, 'skip': 0, 'bytes': 370800793}
2026-07-25T03:24:52Z progress done=3121 stats={'ok': 2928, 'parking': 0, 'fail': 193, 'skip': 0, 'bytes': 371402507}
2026-07-25T03:25:10Z progress done=3126 stats={'ok': 2933, 'parking': 0, 'fail': 193, 'skip': 0, 'bytes': 372001487}
2026-07-25T03:25:31Z progress done=3131 stats={'ok': 2938, 'parking': 0, 'fail': 193, 'skip': 0, 'bytes': 372599774}
2026-07-25T03:25:51Z progress done=3136 stats={'ok': 2943, 'parking': 0, 'fail': 193, 'skip': 0, 'bytes': 373215675}
2026-07-25T03:26:01Z progress done=3141 stats={'ok': 2948, 'parking': 0, 'fail': 193, 'skip': 0, 'bytes': 373838974}
2026-07-25T03:26:13Z progress done=3146 stats={'ok': 2953, 'parking': 0, 'fail': 193, 'skip': 0, 'bytes': 374436872}
2026-07-25T03:26:35Z progress done=3151 stats={'ok': 2957, 'parking': 0, 'fail': 194, 'skip': 0, 'bytes': 374915545}
2026-07-25T03:26:52Z progress done=3156 stats={'ok': 2962, 'parking': 0, 'fail': 194, 'skip': 0, 'bytes': 375514723}
2026-07-25T03:27:03Z progress done=3161 stats={'ok': 2967, 'parking': 0, 'fail': 194, 'skip': 0, 'bytes': 376125723}
2026-07-25T03:27:32Z progress done=3166 stats={'ok': 2971, 'parking': 0, 'fail': 195, 'skip': 0, 'bytes': 376612113}
2026-07-25T03:27:39Z progress done=3171 stats={'ok': 2976, 'parking': 0, 'fail': 195, 'skip': 0, 'bytes': 377210071}
2026-07-25T03:27:54Z progress done=3176 stats={'ok': 2981, 'parking': 0, 'fail': 195, 'skip': 0, 'bytes': 377815755}
2026-07-25T03:28:15Z progress done=3181 stats={'ok': 2986, 'parking': 0, 'fail': 195, 'skip': 0, 'bytes': 378409577}
2026-07-25T03:28:35Z progress done=3186 stats={'ok': 2991, 'parking': 0, 'fail': 195, 'skip': 0, 'bytes': 378996984}
2026-07-25T03:28:45Z progress done=3191 stats={'ok': 2996, 'parking': 0, 'fail': 195, 'skip': 0, 'bytes': 379600345}
2026-07-25T03:29:04Z progress done=3196 stats={'ok': 3001, 'parking': 0, 'fail': 195, 'skip': 0, 'bytes': 380192491}
2026-07-25T03:29:21Z progress done=3201 stats={'ok': 3006, 'parking': 0, 'fail': 195, 'skip': 0, 'bytes': 380785307}
2026-07-25T03:29:42Z progress done=3206 stats={'ok': 3011, 'parking': 0, 'fail': 195, 'skip': 0, 'bytes': 381374583}
2026-07-25T03:29:54Z progress done=3211 stats={'ok': 3016, 'parking': 0, 'fail': 195, 'skip': 0, 'bytes': 381998614}
2026-07-25T03:30:19Z progress done=3216 stats={'ok': 3020, 'parking': 0, 'fail': 196, 'skip': 0, 'bytes': 382479195}
2026-07-25T03:30:28Z progress done=3221 stats={'ok': 3025, 'parking': 0, 'fail': 196, 'skip': 0, 'bytes': 383083819}
2026-07-25T03:30:44Z progress done=3226 stats={'ok': 3030, 'parking': 0, 'fail': 196, 'skip': 0, 'bytes': 383681737}
2026-07-25T03:31:14Z progress done=3231 stats={'ok': 3034, 'parking': 0, 'fail': 197, 'skip': 0, 'bytes': 384169806}
2026-07-25T03:31:27Z progress done=3236 stats={'ok': 3039, 'parking': 0, 'fail': 197, 'skip': 0, 'bytes': 384768768}
2026-07-25T03:31:44Z progress done=3241 stats={'ok': 3044, 'parking': 0, 'fail': 197, 'skip': 0, 'bytes': 385388454}
2026-07-25T03:31:55Z progress done=3246 stats={'ok': 3049, 'parking': 0, 'fail': 197, 'skip': 0, 'bytes': 385989704}
2026-07-25T03:32:22Z progress done=3251 stats={'ok': 3053, 'parking': 0, 'fail': 198, 'skip': 0, 'bytes': 386465709}
2026-07-25T03:32:46Z progress done=3256 stats={'ok': 3058, 'parking': 0, 'fail': 198, 'skip': 0, 'bytes': 387067076}
2026-07-25T03:32:53Z progress done=3261 stats={'ok': 3063, 'parking': 0, 'fail': 198, 'skip': 0, 'bytes': 387665157}
2026-07-25T03:33:15Z progress done=3266 stats={'ok': 3067, 'parking': 0, 'fail': 199, 'skip': 0, 'bytes': 388148843}
2026-07-25T03:33:29Z progress done=3271 stats={'ok': 3072, 'parking': 0, 'fail': 199, 'skip': 0, 'bytes': 388743994}
2026-07-25T03:33:54Z progress done=3276 stats={'ok': 3076, 'parking': 0, 'fail': 200, 'skip': 0, 'bytes': 389215219}
2026-07-25T03:34:17Z progress done=3281 stats={'ok': 3080, 'parking': 0, 'fail': 201, 'skip': 0, 'bytes': 389687386}
2026-07-25T03:34:27Z progress done=3286 stats={'ok': 3085, 'parking': 0, 'fail': 201, 'skip': 0, 'bytes': 390285875}
2026-07-25T03:34:34Z progress done=3291 stats={'ok': 3090, 'parking': 0, 'fail': 201, 'skip': 0, 'bytes': 390881759}
2026-07-25T03:34:58Z progress done=3296 stats={'ok': 3095, 'parking': 0, 'fail': 201, 'skip': 0, 'bytes': 391488248}
2026-07-25T03:35:08Z progress done=3301 stats={'ok': 3100, 'parking': 0, 'fail': 201, 'skip': 0, 'bytes': 392087308}
2026-07-25T03:35:30Z progress done=3306 stats={'ok': 3104, 'parking': 0, 'fail': 202, 'skip': 0, 'bytes': 392587314}
2026-07-25T03:35:49Z progress done=3311 stats={'ok': 3109, 'parking': 0, 'fail': 202, 'skip': 0, 'bytes': 393194666}
2026-07-25T03:36:02Z progress done=3316 stats={'ok': 3114, 'parking': 0, 'fail': 202, 'skip': 0, 'bytes': 393807306}
2026-07-25T03:36:10Z progress done=3321 stats={'ok': 3119, 'parking': 0, 'fail': 202, 'skip': 0, 'bytes': 394406000}
2026-07-25T03:36:33Z progress done=3326 stats={'ok': 3123, 'parking': 0, 'fail': 203, 'skip': 0, 'bytes': 394891646}
2026-07-25T03:36:51Z progress done=3331 stats={'ok': 3128, 'parking': 0, 'fail': 203, 'skip': 0, 'bytes': 395507950}
2026-07-25T03:37:03Z progress done=3336 stats={'ok': 3133, 'parking': 0, 'fail': 203, 'skip': 0, 'bytes': 396137104}
2026-07-25T03:37:28Z progress done=3341 stats={'ok': 3137, 'parking': 0, 'fail': 204, 'skip': 0, 'bytes': 396621485}
2026-07-25T03:37:36Z progress done=3346 stats={'ok': 3142, 'parking': 0, 'fail': 204, 'skip': 0, 'bytes': 397228101}
2026-07-25T03:37:44Z progress done=3351 stats={'ok': 3147, 'parking': 0, 'fail': 204, 'skip': 0, 'bytes': 397845084}
2026-07-25T03:38:04Z progress done=3356 stats={'ok': 3152, 'parking': 0, 'fail': 204, 'skip': 0, 'bytes': 398459546}
2026-07-25T03:38:29Z progress done=3361 stats={'ok': 3156, 'parking': 0, 'fail': 205, 'skip': 0, 'bytes': 398939508}
2026-07-25T03:38:38Z progress done=3366 stats={'ok': 3161, 'parking': 0, 'fail': 205, 'skip': 0, 'bytes': 399559283}
2026-07-25T03:38:46Z progress done=3371 stats={'ok': 3166, 'parking': 0, 'fail': 205, 'skip': 0, 'bytes': 400166476}
2026-07-25T03:39:10Z progress done=3376 stats={'ok': 3171, 'parking': 0, 'fail': 205, 'skip': 0, 'bytes': 400764089}
2026-07-25T03:39:35Z progress done=3381 stats={'ok': 3175, 'parking': 0, 'fail': 206, 'skip': 0, 'bytes': 401264159}
2026-07-25T03:39:43Z progress done=3386 stats={'ok': 3180, 'parking': 0, 'fail': 206, 'skip': 0, 'bytes': 401878958}
2026-07-25T03:40:04Z progress done=3391 stats={'ok': 3185, 'parking': 0, 'fail': 206, 'skip': 0, 'bytes': 402478900}
2026-07-25T03:41:56Z progress done=3396 stats={'ok': 3189, 'parking': 0, 'fail': 207, 'skip': 0, 'bytes': 402963870}
2026-07-25T03:42:03Z progress done=3401 stats={'ok': 3194, 'parking': 0, 'fail': 207, 'skip': 0, 'bytes': 403562549}
2026-07-25T03:42:11Z progress done=3406 stats={'ok': 3199, 'parking': 0, 'fail': 207, 'skip': 0, 'bytes': 404185649}
2026-07-25T03:42:18Z progress done=3411 stats={'ok': 3204, 'parking': 0, 'fail': 207, 'skip': 0, 'bytes': 404783529}
2026-07-25T03:43:02Z progress done=3416 stats={'ok': 3207, 'parking': 0, 'fail': 209, 'skip': 0, 'bytes': 405145507}
2026-07-25T03:43:09Z progress done=3421 stats={'ok': 3212, 'parking': 0, 'fail': 209, 'skip': 0, 'bytes': 405751000}
2026-07-25T03:43:20Z progress done=3426 stats={'ok': 3217, 'parking': 0, 'fail': 209, 'skip': 0, 'bytes': 406353624}
2026-07-25T03:43:30Z progress done=3431 stats={'ok': 3222, 'parking': 0, 'fail': 209, 'skip': 0, 'bytes': 406973038}
2026-07-25T03:44:06Z progress done=3436 stats={'ok': 3226, 'parking': 0, 'fail': 210, 'skip': 0, 'bytes': 407462944}
2026-07-25T03:44:18Z progress done=3441 stats={'ok': 3231, 'parking': 0, 'fail': 210, 'skip': 0, 'bytes': 408093708}
2026-07-25T03:44:27Z progress done=3446 stats={'ok': 3236, 'parking': 0, 'fail': 210, 'skip': 0, 'bytes': 408694148}
2026-07-25T03:44:37Z progress done=3451 stats={'ok': 3241, 'parking': 0, 'fail': 210, 'skip': 0, 'bytes': 409300573}
2026-07-25T03:45:15Z progress done=3456 stats={'ok': 3246, 'parking': 0, 'fail': 210, 'skip': 0, 'bytes': 409906482}
2026-07-25T03:45:26Z progress done=3461 stats={'ok': 3251, 'parking': 0, 'fail': 210, 'skip': 0, 'bytes': 410526569}
2026-07-25T03:45:35Z progress done=3466 stats={'ok': 3256, 'parking': 0, 'fail': 210, 'skip': 0, 'bytes': 411141042}
2026-07-25T03:45:48Z progress done=3471 stats={'ok': 3261, 'parking': 0, 'fail': 210, 'skip': 0, 'bytes': 411747917}
2026-07-25T03:46:19Z progress done=3476 stats={'ok': 3266, 'parking': 0, 'fail': 210, 'skip': 0, 'bytes': 412339280}
2026-07-25T03:46:34Z progress done=3481 stats={'ok': 3271, 'parking': 0, 'fail': 210, 'skip': 0, 'bytes': 412924862}
2026-07-25T03:46:46Z progress done=3486 stats={'ok': 3276, 'parking': 0, 'fail': 210, 'skip': 0, 'bytes': 413512357}
2026-07-25T03:47:08Z progress done=3491 stats={'ok': 3281, 'parking': 0, 'fail': 210, 'skip': 0, 'bytes': 414120374}
2026-07-25T03:47:23Z progress done=3496 stats={'ok': 3286, 'parking': 0, 'fail': 210, 'skip': 0, 'bytes': 414704487}
2026-07-25T03:47:45Z progress done=3501 stats={'ok': 3291, 'parking': 0, 'fail': 210, 'skip': 0, 'bytes': 415292187}
2026-07-25T03:48:02Z progress done=3506 stats={'ok': 3296, 'parking': 0, 'fail': 210, 'skip': 0, 'bytes': 415909602}
2026-07-25T03:48:17Z progress done=3511 stats={'ok': 3301, 'parking': 0, 'fail': 210, 'skip': 0, 'bytes': 416511217}
2026-07-25T06:37:28Z P2 start sleep=0.85s max=unlimited done_already=3514
2026-07-25T06:37:28Z queue size after filters: 59422
2026-07-25T06:37:45Z progress done=3519 stats={'ok': 3309, 'parking': 0, 'fail': 210, 'skip': 0, 'bytes': 417469749}
2026-07-25T06:37:54Z progress done=3524 stats={'ok': 3314, 'parking': 0, 'fail': 210, 'skip': 0, 'bytes': 418067252}
2026-07-25T06:38:03Z progress done=3529 stats={'ok': 3319, 'parking': 0, 'fail': 210, 'skip': 0, 'bytes': 418667389}
2026-07-25T06:38:14Z progress done=3534 stats={'ok': 3324, 'parking': 0, 'fail': 210, 'skip': 0, 'bytes': 419267363}
2026-07-25T06:38:51Z progress done=3539 stats={'ok': 3327, 'parking': 0, 'fail': 212, 'skip': 0, 'bytes': 419636852}
2026-07-25T06:39:02Z progress done=3544 stats={'ok': 3332, 'parking': 0, 'fail': 212, 'skip': 0, 'bytes': 420228946}
2026-07-25T06:39:15Z progress done=3549 stats={'ok': 3337, 'parking': 0, 'fail': 212, 'skip': 0, 'bytes': 420830983}
2026-07-25T06:39:26Z progress done=3554 stats={'ok': 3342, 'parking': 0, 'fail': 212, 'skip': 0, 'bytes': 421421234}
2026-07-25T06:39:55Z progress done=3559 stats={'ok': 3346, 'parking': 0, 'fail': 213, 'skip': 0, 'bytes': 421895364}
2026-07-25T06:40:13Z progress done=3564 stats={'ok': 3351, 'parking': 0, 'fail': 213, 'skip': 0, 'bytes': 422486548}
2026-07-25T06:40:22Z progress done=3569 stats={'ok': 3356, 'parking': 0, 'fail': 213, 'skip': 0, 'bytes': 423091885}
2026-07-25T06:40:37Z progress done=3574 stats={'ok': 3361, 'parking': 0, 'fail': 213, 'skip': 0, 'bytes': 423708002}
2026-07-25T06:41:05Z progress done=3579 stats={'ok': 3366, 'parking': 0, 'fail': 213, 'skip': 0, 'bytes': 424327264}
2026-07-25T06:41:19Z progress done=3584 stats={'ok': 3371, 'parking': 0, 'fail': 213, 'skip': 0, 'bytes': 424931292}
2026-07-25T06:41:35Z progress done=3589 stats={'ok': 3376, 'parking': 0, 'fail': 213, 'skip': 0, 'bytes': 425538605}
2026-07-25T06:41:47Z progress done=3594 stats={'ok': 3381, 'parking': 0, 'fail': 213, 'skip': 0, 'bytes': 426171088}
2026-07-25T06:42:12Z progress done=3599 stats={'ok': 3385, 'parking': 0, 'fail': 214, 'skip': 0, 'bytes': 426656055}
2026-07-25T06:42:21Z progress done=3604 stats={'ok': 3390, 'parking': 0, 'fail': 214, 'skip': 0, 'bytes': 427257190}
2026-07-25T06:42:43Z progress done=3609 stats={'ok': 3394, 'parking': 0, 'fail': 215, 'skip': 0, 'bytes': 427734173}
2026-07-25T06:43:01Z progress done=3614 stats={'ok': 3399, 'parking': 0, 'fail': 215, 'skip': 0, 'bytes': 428329652}
2026-07-25T06:43:18Z progress done=3619 stats={'ok': 3404, 'parking': 0, 'fail': 215, 'skip': 0, 'bytes': 428923822}
2026-07-25T06:43:45Z progress done=3624 stats={'ok': 3408, 'parking': 0, 'fail': 216, 'skip': 0, 'bytes': 429405108}
2026-07-25T06:43:51Z progress done=3629 stats={'ok': 3413, 'parking': 0, 'fail': 216, 'skip': 0, 'bytes': 430008865}
2026-07-25T06:44:09Z progress done=3634 stats={'ok': 3418, 'parking': 0, 'fail': 216, 'skip': 0, 'bytes': 430621793}
2026-07-25T06:44:26Z progress done=3639 stats={'ok': 3423, 'parking': 0, 'fail': 216, 'skip': 0, 'bytes': 431212820}
2026-07-25T06:44:48Z progress done=3644 stats={'ok': 3428, 'parking': 0, 'fail': 216, 'skip': 0, 'bytes': 431819390}
2026-07-25T06:45:01Z progress done=3649 stats={'ok': 3433, 'parking': 0, 'fail': 216, 'skip': 0, 'bytes': 432411809}
2026-07-25T06:45:26Z progress done=3654 stats={'ok': 3437, 'parking': 0, 'fail': 217, 'skip': 0, 'bytes': 432889215}
2026-07-25T06:45:34Z progress done=3659 stats={'ok': 3442, 'parking': 0, 'fail': 217, 'skip': 0, 'bytes': 433491506}
2026-07-25T06:45:51Z progress done=3664 stats={'ok': 3447, 'parking': 0, 'fail': 217, 'skip': 0, 'bytes': 434092795}
2026-07-25T06:46:07Z progress done=3669 stats={'ok': 3452, 'parking': 0, 'fail': 217, 'skip': 0, 'bytes': 434708461}
2026-07-25T06:46:30Z progress done=3674 stats={'ok': 3456, 'parking': 0, 'fail': 218, 'skip': 0, 'bytes': 435191260}
2026-07-25T06:46:38Z progress done=3679 stats={'ok': 3461, 'parking': 0, 'fail': 218, 'skip': 0, 'bytes': 435794832}
2026-07-25T06:46:53Z progress done=3684 stats={'ok': 3466, 'parking': 0, 'fail': 218, 'skip': 0, 'bytes': 436409613}
2026-07-25T06:47:24Z progress done=3689 stats={'ok': 3471, 'parking': 0, 'fail': 218, 'skip': 0, 'bytes': 437014737}
2026-07-25T06:47:35Z progress done=3694 stats={'ok': 3476, 'parking': 0, 'fail': 218, 'skip': 0, 'bytes': 437621286}
2026-07-25T06:47:44Z progress done=3699 stats={'ok': 3481, 'parking': 0, 'fail': 218, 'skip': 0, 'bytes': 438227748}
2026-07-25T06:48:11Z progress done=3704 stats={'ok': 3486, 'parking': 0, 'fail': 218, 'skip': 0, 'bytes': 438835198}
2026-07-25T06:48:34Z progress done=3709 stats={'ok': 3491, 'parking': 0, 'fail': 218, 'skip': 0, 'bytes': 439436179}
2026-07-25T06:48:46Z progress done=3714 stats={'ok': 3496, 'parking': 0, 'fail': 218, 'skip': 0, 'bytes': 440049570}
2026-07-25T06:49:00Z progress done=3719 stats={'ok': 3501, 'parking': 0, 'fail': 218, 'skip': 0, 'bytes': 440662860}
2026-07-25T06:49:22Z progress done=3724 stats={'ok': 3505, 'parking': 0, 'fail': 219, 'skip': 0, 'bytes': 441148701}
2026-07-25T06:49:41Z progress done=3729 stats={'ok': 3510, 'parking': 0, 'fail': 219, 'skip': 0, 'bytes': 441761062}
2026-07-25T06:49:53Z progress done=3734 stats={'ok': 3515, 'parking': 0, 'fail': 219, 'skip': 0, 'bytes': 442373855}
2026-07-25T06:50:15Z progress done=3739 stats={'ok': 3520, 'parking': 0, 'fail': 219, 'skip': 0, 'bytes': 443015687}
2026-07-25T06:50:29Z progress done=3744 stats={'ok': 3525, 'parking': 0, 'fail': 219, 'skip': 0, 'bytes': 443623213}
2026-07-25T06:50:54Z progress done=3749 stats={'ok': 3530, 'parking': 0, 'fail': 219, 'skip': 0, 'bytes': 444231721}
2026-07-25T06:51:07Z progress done=3754 stats={'ok': 3535, 'parking': 0, 'fail': 219, 'skip': 0, 'bytes': 444835816}
2026-07-25T06:51:21Z progress done=3759 stats={'ok': 3540, 'parking': 0, 'fail': 219, 'skip': 0, 'bytes': 445440740}
2026-07-25T06:51:44Z progress done=3764 stats={'ok': 3544, 'parking': 0, 'fail': 220, 'skip': 0, 'bytes': 445924122}
2026-07-25T06:52:04Z progress done=3769 stats={'ok': 3549, 'parking': 0, 'fail': 220, 'skip': 0, 'bytes': 446531428}
2026-07-25T06:52:13Z progress done=3774 stats={'ok': 3554, 'parking': 0, 'fail': 220, 'skip': 0, 'bytes': 447136408}
2026-07-25T06:52:29Z progress done=3779 stats={'ok': 3559, 'parking': 0, 'fail': 220, 'skip': 0, 'bytes': 447740032}
2026-07-25T06:52:51Z progress done=3784 stats={'ok': 3563, 'parking': 0, 'fail': 221, 'skip': 0, 'bytes': 448235076}
2026-07-25T06:53:06Z progress done=3789 stats={'ok': 3568, 'parking': 0, 'fail': 221, 'skip': 0, 'bytes': 448851833}
2026-07-25T06:53:17Z progress done=3794 stats={'ok': 3573, 'parking': 0, 'fail': 221, 'skip': 0, 'bytes': 449466261}
2026-07-25T06:54:52Z progress done=3799 stats={'ok': 3578, 'parking': 0, 'fail': 221, 'skip': 0, 'bytes': 450076722}
2026-07-25T06:55:02Z progress done=3804 stats={'ok': 3583, 'parking': 0, 'fail': 221, 'skip': 0, 'bytes': 450671552}
2026-07-25T06:55:10Z progress done=3809 stats={'ok': 3588, 'parking': 0, 'fail': 221, 'skip': 0, 'bytes': 451290541}
2026-07-25T06:55:17Z progress done=3814 stats={'ok': 3593, 'parking': 0, 'fail': 221, 'skip': 0, 'bytes': 451891851}
2026-07-25T06:55:53Z progress done=3819 stats={'ok': 3596, 'parking': 0, 'fail': 223, 'skip': 0, 'bytes': 452255930}
2026-07-25T06:56:01Z progress done=3824 stats={'ok': 3601, 'parking': 0, 'fail': 223, 'skip': 0, 'bytes': 452866377}
2026-07-25T06:56:12Z progress done=3829 stats={'ok': 3606, 'parking': 0, 'fail': 223, 'skip': 0, 'bytes': 453479548}
2026-07-25T06:56:20Z progress done=3834 stats={'ok': 3611, 'parking': 0, 'fail': 223, 'skip': 0, 'bytes': 454084977}
2026-07-25T06:56:39Z progress done=3839 stats={'ok': 3616, 'parking': 0, 'fail': 223, 'skip': 0, 'bytes': 454659538}
2026-07-25T06:57:02Z progress done=3844 stats={'ok': 3620, 'parking': 0, 'fail': 224, 'skip': 0, 'bytes': 455151916}
2026-07-25T06:57:14Z progress done=3849 stats={'ok': 3625, 'parking': 0, 'fail': 224, 'skip': 0, 'bytes': 455752891}
2026-07-25T06:57:23Z progress done=3854 stats={'ok': 3630, 'parking': 0, 'fail': 224, 'skip': 0, 'bytes': 456361597}
2026-07-25T06:57:57Z progress done=3859 stats={'ok': 3634, 'parking': 0, 'fail': 225, 'skip': 0, 'bytes': 456843412}
2026-07-25T06:58:05Z progress done=3864 stats={'ok': 3639, 'parking': 0, 'fail': 225, 'skip': 0, 'bytes': 457448289}
2026-07-25T06:58:27Z progress done=3869 stats={'ok': 3644, 'parking': 0, 'fail': 225, 'skip': 0, 'bytes': 458057235}
2026-07-25T06:58:37Z progress done=3874 stats={'ok': 3649, 'parking': 0, 'fail': 225, 'skip': 0, 'bytes': 458658686}
2026-07-25T06:58:47Z progress done=3879 stats={'ok': 3654, 'parking': 0, 'fail': 225, 'skip': 0, 'bytes': 459250034}
2026-07-25T06:59:11Z progress done=3884 stats={'ok': 3658, 'parking': 0, 'fail': 226, 'skip': 0, 'bytes': 459728275}
2026-07-25T06:59:29Z progress done=3889 stats={'ok': 3663, 'parking': 0, 'fail': 226, 'skip': 0, 'bytes': 460330933}
2026-07-25T06:59:41Z progress done=3894 stats={'ok': 3668, 'parking': 0, 'fail': 226, 'skip': 0, 'bytes': 460936043}
2026-07-25T07:00:04Z progress done=3899 stats={'ok': 3672, 'parking': 0, 'fail': 227, 'skip': 0, 'bytes': 461419430}
2026-07-25T07:00:26Z progress done=3904 stats={'ok': 3677, 'parking': 0, 'fail': 227, 'skip': 0, 'bytes': 462013403}
2026-07-25T07:00:41Z progress done=3909 stats={'ok': 3682, 'parking': 0, 'fail': 227, 'skip': 0, 'bytes': 462617711}
2026-07-25T07:00:49Z progress done=3914 stats={'ok': 3687, 'parking': 0, 'fail': 227, 'skip': 0, 'bytes': 463209231}
2026-07-25T07:01:12Z progress done=3919 stats={'ok': 3691, 'parking': 0, 'fail': 228, 'skip': 0, 'bytes': 463692387}
2026-07-25T07:01:28Z progress done=3924 stats={'ok': 3696, 'parking': 0, 'fail': 228, 'skip': 0, 'bytes': 464300040}
2026-07-25T07:01:41Z progress done=3929 stats={'ok': 3701, 'parking': 0, 'fail': 228, 'skip': 0, 'bytes': 464900171}
2026-07-25T07:01:56Z progress done=3934 stats={'ok': 3706, 'parking': 0, 'fail': 228, 'skip': 0, 'bytes': 465513774}
2026-07-25T07:02:23Z progress done=3939 stats={'ok': 3710, 'parking': 0, 'fail': 229, 'skip': 0, 'bytes': 466013099}
2026-07-25T07:02:33Z progress done=3944 stats={'ok': 3715, 'parking': 0, 'fail': 229, 'skip': 0, 'bytes': 466621786}
2026-07-25T07:02:48Z progress done=3949 stats={'ok': 3720, 'parking': 0, 'fail': 229, 'skip': 0, 'bytes': 467224847}
2026-07-25T07:03:17Z progress done=3954 stats={'ok': 3724, 'parking': 0, 'fail': 230, 'skip': 0, 'bytes': 467703606}
2026-07-25T07:03:26Z progress done=3959 stats={'ok': 3729, 'parking': 0, 'fail': 230, 'skip': 0, 'bytes': 468303336}
2026-07-25T07:03:49Z progress done=3964 stats={'ok': 3734, 'parking': 0, 'fail': 230, 'skip': 0, 'bytes': 468904653}
2026-07-25T07:04:04Z progress done=3969 stats={'ok': 3739, 'parking': 0, 'fail': 230, 'skip': 0, 'bytes': 469509265}
2026-07-25T07:04:24Z progress done=3974 stats={'ok': 3744, 'parking': 0, 'fail': 230, 'skip': 0, 'bytes': 470120772}
2026-07-25T07:04:32Z progress done=3979 stats={'ok': 3749, 'parking': 0, 'fail': 230, 'skip': 0, 'bytes': 470723455}
2026-07-25T07:04:51Z progress done=3984 stats={'ok': 3754, 'parking': 0, 'fail': 230, 'skip': 0, 'bytes': 471343578}
2026-07-25T07:05:09Z progress done=3989 stats={'ok': 3759, 'parking': 0, 'fail': 230, 'skip': 0, 'bytes': 471966975}
2026-07-25T07:05:32Z progress done=3994 stats={'ok': 3763, 'parking': 0, 'fail': 231, 'skip': 0, 'bytes': 472449545}
2026-07-25T07:05:40Z progress done=3999 stats={'ok': 3768, 'parking': 0, 'fail': 231, 'skip': 0, 'bytes': 473054722}
2026-07-25T07:05:59Z progress done=4004 stats={'ok': 3773, 'parking': 0, 'fail': 231, 'skip': 0, 'bytes': 473681536}
2026-07-25T07:06:21Z progress done=4009 stats={'ok': 3777, 'parking': 0, 'fail': 232, 'skip': 0, 'bytes': 474161140}
2026-07-25T07:06:37Z progress done=4014 stats={'ok': 3782, 'parking': 0, 'fail': 232, 'skip': 0, 'bytes': 474814939}
2026-07-25T07:06:59Z progress done=4019 stats={'ok': 3786, 'parking': 0, 'fail': 233, 'skip': 0, 'bytes': 475290132}
2026-07-25T07:07:09Z progress done=4024 stats={'ok': 3791, 'parking': 0, 'fail': 233, 'skip': 0, 'bytes': 475883947}
2026-07-25T07:07:24Z progress done=4029 stats={'ok': 3796, 'parking': 0, 'fail': 233, 'skip': 0, 'bytes': 476481329}
2026-07-25T07:07:59Z progress done=4034 stats={'ok': 3800, 'parking': 0, 'fail': 234, 'skip': 0, 'bytes': 476966835}
2026-07-25T07:08:09Z progress done=4039 stats={'ok': 3805, 'parking': 0, 'fail': 234, 'skip': 0, 'bytes': 477549435}
2026-07-25T07:08:26Z progress done=4044 stats={'ok': 3810, 'parking': 0, 'fail': 234, 'skip': 0, 'bytes': 478143838}
2026-07-25T07:08:39Z progress done=4049 stats={'ok': 3815, 'parking': 0, 'fail': 234, 'skip': 0, 'bytes': 478753989}
2026-07-25T07:09:09Z progress done=4054 stats={'ok': 3819, 'parking': 0, 'fail': 235, 'skip': 0, 'bytes': 479257254}
2026-07-25T07:09:18Z progress done=4059 stats={'ok': 3824, 'parking': 0, 'fail': 235, 'skip': 0, 'bytes': 479859246}
2026-07-25T07:09:40Z progress done=4064 stats={'ok': 3829, 'parking': 0, 'fail': 235, 'skip': 0, 'bytes': 480452017}
2026-07-25T07:09:54Z progress done=4069 stats={'ok': 3834, 'parking': 0, 'fail': 235, 'skip': 0, 'bytes': 481049391}
2026-07-25T07:10:17Z progress done=4074 stats={'ok': 3839, 'parking': 0, 'fail': 235, 'skip': 0, 'bytes': 481633766}
2026-07-25T07:10:27Z progress done=4079 stats={'ok': 3844, 'parking': 0, 'fail': 235, 'skip': 0, 'bytes': 482233678}
2026-07-25T07:10:43Z progress done=4084 stats={'ok': 3849, 'parking': 0, 'fail': 235, 'skip': 0, 'bytes': 482833904}
2026-07-25T07:11:00Z progress done=4089 stats={'ok': 3854, 'parking': 0, 'fail': 235, 'skip': 0, 'bytes': 483443522}
2026-07-25T07:11:24Z progress done=4094 stats={'ok': 3859, 'parking': 0, 'fail': 235, 'skip': 0, 'bytes': 484033633}
2026-07-25T07:11:46Z progress done=4099 stats={'ok': 3864, 'parking': 0, 'fail': 235, 'skip': 0, 'bytes': 484638380}
2026-07-25T07:12:00Z progress done=4104 stats={'ok': 3869, 'parking': 0, 'fail': 235, 'skip': 0, 'bytes': 485239683}
2026-07-25T07:12:15Z progress done=4109 stats={'ok': 3874, 'parking': 0, 'fail': 235, 'skip': 0, 'bytes': 485840899}
2026-07-25T07:12:45Z progress done=4114 stats={'ok': 3878, 'parking': 0, 'fail': 236, 'skip': 0, 'bytes': 486340667}
2026-07-25T07:13:00Z progress done=4119 stats={'ok': 3883, 'parking': 0, 'fail': 236, 'skip': 0, 'bytes': 486948698}
2026-07-25T07:13:18Z progress done=4124 stats={'ok': 3888, 'parking': 0, 'fail': 236, 'skip': 0, 'bytes': 487547921}
2026-07-25T07:13:28Z progress done=4129 stats={'ok': 3893, 'parking': 0, 'fail': 236, 'skip': 0, 'bytes': 488165938}
2026-07-25T07:13:51Z progress done=4134 stats={'ok': 3897, 'parking': 0, 'fail': 237, 'skip': 0, 'bytes': 488656835}
2026-07-25T07:14:01Z progress done=4139 stats={'ok': 3902, 'parking': 0, 'fail': 237, 'skip': 0, 'bytes': 489246658}
2026-07-25T07:14:31Z progress done=4144 stats={'ok': 3906, 'parking': 0, 'fail': 238, 'skip': 0, 'bytes': 489735961}
2026-07-25T07:14:40Z progress done=4149 stats={'ok': 3911, 'parking': 0, 'fail': 238, 'skip': 0, 'bytes': 490332955}
2026-07-25T07:14:48Z progress done=4154 stats={'ok': 3916, 'parking': 0, 'fail': 238, 'skip': 0, 'bytes': 490947513}
2026-07-25T07:15:11Z progress done=4159 stats={'ok': 3921, 'parking': 0, 'fail': 238, 'skip': 0, 'bytes': 491531044}
2026-07-25T07:15:34Z progress done=4164 stats={'ok': 3925, 'parking': 0, 'fail': 239, 'skip': 0, 'bytes': 491997160}
2026-07-25T07:15:41Z progress done=4169 stats={'ok': 3930, 'parking': 0, 'fail': 239, 'skip': 0, 'bytes': 492635208}
2026-07-25T07:15:49Z progress done=4174 stats={'ok': 3935, 'parking': 0, 'fail': 239, 'skip': 0, 'bytes': 493234776}
2026-07-25T07:16:13Z progress done=4179 stats={'ok': 3940, 'parking': 0, 'fail': 239, 'skip': 0, 'bytes': 493843174}
2026-07-25T07:16:38Z progress done=4184 stats={'ok': 3944, 'parking': 0, 'fail': 240, 'skip': 0, 'bytes': 494335221}
2026-07-25T07:16:46Z progress done=4189 stats={'ok': 3949, 'parking': 0, 'fail': 240, 'skip': 0, 'bytes': 494936507}
2026-07-25T07:17:10Z progress done=4194 stats={'ok': 3953, 'parking': 0, 'fail': 241, 'skip': 0, 'bytes': 495419829}
2026-07-25T07:17:32Z progress done=4199 stats={'ok': 3957, 'parking': 0, 'fail': 242, 'skip': 0, 'bytes': 495899127}
2026-07-25T07:17:43Z progress done=4204 stats={'ok': 3962, 'parking': 0, 'fail': 242, 'skip': 0, 'bytes': 496522917}
2026-07-25T07:17:49Z progress done=4209 stats={'ok': 3967, 'parking': 0, 'fail': 242, 'skip': 0, 'bytes': 497137273}
2026-07-25T07:18:13Z progress done=4214 stats={'ok': 3971, 'parking': 0, 'fail': 243, 'skip': 0, 'bytes': 497619371}
2026-07-25T07:18:35Z progress done=4219 stats={'ok': 3975, 'parking': 0, 'fail': 244, 'skip': 0, 'bytes': 498103959}
2026-07-25T07:18:47Z progress done=4224 stats={'ok': 3980, 'parking': 0, 'fail': 244, 'skip': 0, 'bytes': 498697640}
2026-07-25T07:19:09Z progress done=4229 stats={'ok': 3984, 'parking': 0, 'fail': 245, 'skip': 0, 'bytes': 499167974}
2026-07-25T07:19:16Z progress done=4234 stats={'ok': 3989, 'parking': 0, 'fail': 245, 'skip': 0, 'bytes': 499776683}
2026-07-25T07:19:38Z progress done=4239 stats={'ok': 3993, 'parking': 0, 'fail': 246, 'skip': 0, 'bytes': 500253164}
2026-07-25T07:19:50Z progress done=4244 stats={'ok': 3998, 'parking': 0, 'fail': 246, 'skip': 0, 'bytes': 500846992}
2026-07-25T07:20:19Z progress done=4249 stats={'ok': 4002, 'parking': 0, 'fail': 247, 'skip': 0, 'bytes': 501321404}
2026-07-25T07:20:27Z progress done=4254 stats={'ok': 4007, 'parking': 0, 'fail': 247, 'skip': 0, 'bytes': 501907102}
2026-07-25T07:20:49Z progress done=4259 stats={'ok': 4011, 'parking': 0, 'fail': 248, 'skip': 0, 'bytes': 502373875}
2026-07-25T07:21:12Z progress done=4264 stats={'ok': 4015, 'parking': 0, 'fail': 249, 'skip': 0, 'bytes': 502860781}
2026-07-25T07:21:24Z progress done=4269 stats={'ok': 4020, 'parking': 0, 'fail': 249, 'skip': 0, 'bytes': 503468911}
2026-07-25T07:21:46Z progress done=4274 stats={'ok': 4024, 'parking': 0, 'fail': 250, 'skip': 0, 'bytes': 503951922}
2026-07-25T07:23:03Z progress done=4279 stats={'ok': 4029, 'parking': 0, 'fail': 250, 'skip': 0, 'bytes': 504537777}
2026-07-25T07:23:10Z progress done=4284 stats={'ok': 4034, 'parking': 0, 'fail': 250, 'skip': 0, 'bytes': 505135836}
2026-07-25T07:23:18Z progress done=4289 stats={'ok': 4039, 'parking': 0, 'fail': 250, 'skip': 0, 'bytes': 505728246}
2026-07-25T07:23:26Z progress done=4294 stats={'ok': 4044, 'parking': 0, 'fail': 250, 'skip': 0, 'bytes': 506334494}
2026-07-25T07:23:47Z progress done=4299 stats={'ok': 4048, 'parking': 0, 'fail': 251, 'skip': 0, 'bytes': 506801800}
2026-07-25T07:24:09Z progress done=4304 stats={'ok': 4052, 'parking': 0, 'fail': 252, 'skip': 0, 'bytes': 507273351}
2026-07-25T07:24:20Z progress done=4309 stats={'ok': 4057, 'parking': 0, 'fail': 252, 'skip': 0, 'bytes': 507890234}
2026-07-25T07:24:30Z progress done=4314 stats={'ok': 4062, 'parking': 0, 'fail': 252, 'skip': 0, 'bytes': 508479967}
2026-07-25T07:24:40Z progress done=4319 stats={'ok': 4067, 'parking': 0, 'fail': 252, 'skip': 0, 'bytes': 509099153}
2026-07-25T07:25:17Z progress done=4324 stats={'ok': 4070, 'parking': 0, 'fail': 254, 'skip': 0, 'bytes': 509459078}
2026-07-25T07:25:41Z progress done=4329 stats={'ok': 4075, 'parking': 0, 'fail': 254, 'skip': 0, 'bytes': 510069433}
2026-07-25T07:25:48Z progress done=4334 stats={'ok': 4080, 'parking': 0, 'fail': 254, 'skip': 0, 'bytes': 510687181}
2026-07-25T07:25:56Z progress done=4339 stats={'ok': 4085, 'parking': 0, 'fail': 254, 'skip': 0, 'bytes': 511283867}
2026-07-25T07:26:18Z progress done=4344 stats={'ok': 4089, 'parking': 0, 'fail': 255, 'skip': 0, 'bytes': 511773526}
2026-07-25T07:26:40Z progress done=4349 stats={'ok': 4093, 'parking': 0, 'fail': 256, 'skip': 0, 'bytes': 512254115}
2026-07-25T07:26:51Z progress done=4354 stats={'ok': 4098, 'parking': 0, 'fail': 256, 'skip': 0, 'bytes': 512868426}
2026-07-25T07:27:14Z progress done=4359 stats={'ok': 4103, 'parking': 0, 'fail': 256, 'skip': 0, 'bytes': 513464867}
2026-07-25T07:27:24Z progress done=4364 stats={'ok': 4108, 'parking': 0, 'fail': 256, 'skip': 0, 'bytes': 514077635}
2026-07-25T07:27:48Z progress done=4369 stats={'ok': 4112, 'parking': 0, 'fail': 257, 'skip': 0, 'bytes': 514580897}
2026-07-25T07:27:56Z progress done=4374 stats={'ok': 4117, 'parking': 0, 'fail': 257, 'skip': 0, 'bytes': 515181803}
2026-07-25T07:28:22Z progress done=4379 stats={'ok': 4122, 'parking': 0, 'fail': 257, 'skip': 0, 'bytes': 515784824}
2026-07-25T07:28:52Z progress done=4384 stats={'ok': 4126, 'parking': 0, 'fail': 258, 'skip': 0, 'bytes': 516252163}
2026-07-25T07:29:04Z progress done=4389 stats={'ok': 4131, 'parking': 0, 'fail': 258, 'skip': 0, 'bytes': 516859555}
2026-07-25T07:29:14Z progress done=4394 stats={'ok': 4136, 'parking': 0, 'fail': 258, 'skip': 0, 'bytes': 517475962}
2026-07-25T07:29:27Z progress done=4399 stats={'ok': 4141, 'parking': 0, 'fail': 258, 'skip': 0, 'bytes': 518073272}
2026-07-25T07:29:56Z progress done=4404 stats={'ok': 4145, 'parking': 0, 'fail': 259, 'skip': 0, 'bytes': 518541807}
2026-07-25T07:30:08Z progress done=4409 stats={'ok': 4150, 'parking': 0, 'fail': 259, 'skip': 0, 'bytes': 519146223}
2026-07-25T07:30:26Z progress done=4414 stats={'ok': 4155, 'parking': 0, 'fail': 259, 'skip': 0, 'bytes': 519750401}
2026-07-25T07:30:40Z progress done=4419 stats={'ok': 4160, 'parking': 0, 'fail': 259, 'skip': 0, 'bytes': 520346183}
2026-07-25T07:31:06Z progress done=4424 stats={'ok': 4165, 'parking': 0, 'fail': 259, 'skip': 0, 'bytes': 520947218}
2026-07-25T07:31:29Z progress done=4429 stats={'ok': 4170, 'parking': 0, 'fail': 259, 'skip': 0, 'bytes': 521547155}
2026-07-25T07:31:36Z progress done=4434 stats={'ok': 4175, 'parking': 0, 'fail': 259, 'skip': 0, 'bytes': 522153117}
2026-07-25T07:32:52Z progress done=4439 stats={'ok': 4180, 'parking': 0, 'fail': 259, 'skip': 0, 'bytes': 522760207}
2026-07-25T07:32:59Z progress done=4444 stats={'ok': 4185, 'parking': 0, 'fail': 259, 'skip': 0, 'bytes': 523358472}
2026-07-25T07:33:07Z progress done=4449 stats={'ok': 4190, 'parking': 0, 'fail': 259, 'skip': 0, 'bytes': 523982274}
2026-07-25T07:33:14Z progress done=4454 stats={'ok': 4195, 'parking': 0, 'fail': 259, 'skip': 0, 'bytes': 524595239}
2026-07-25T07:33:36Z progress done=4459 stats={'ok': 4199, 'parking': 0, 'fail': 260, 'skip': 0, 'bytes': 525071390}
2026-07-25T07:33:59Z progress done=4464 stats={'ok': 4203, 'parking': 0, 'fail': 261, 'skip': 0, 'bytes': 525549791}
2026-07-25T07:34:12Z progress done=4469 stats={'ok': 4208, 'parking': 0, 'fail': 261, 'skip': 0, 'bytes': 526159559}
2026-07-25T07:34:20Z progress done=4474 stats={'ok': 4213, 'parking': 0, 'fail': 261, 'skip': 0, 'bytes': 526749605}
2026-07-25T07:34:49Z progress done=4479 stats={'ok': 4217, 'parking': 0, 'fail': 262, 'skip': 0, 'bytes': 527241771}
2026-07-25T07:35:06Z progress done=4484 stats={'ok': 4222, 'parking': 0, 'fail': 262, 'skip': 0, 'bytes': 527857712}
2026-07-25T07:35:18Z progress done=4489 stats={'ok': 4227, 'parking': 0, 'fail': 262, 'skip': 0, 'bytes': 528482745}
2026-07-25T07:35:32Z progress done=4494 stats={'ok': 4232, 'parking': 0, 'fail': 262, 'skip': 0, 'bytes': 529083577}
2026-07-25T07:35:57Z progress done=4499 stats={'ok': 4236, 'parking': 0, 'fail': 263, 'skip': 0, 'bytes': 529557923}
2026-07-25T07:36:08Z progress done=4504 stats={'ok': 4241, 'parking': 0, 'fail': 263, 'skip': 0, 'bytes': 530177765}
2026-07-25T07:36:20Z progress done=4509 stats={'ok': 4246, 'parking': 0, 'fail': 263, 'skip': 0, 'bytes': 530766338}
2026-07-25T07:36:34Z progress done=4514 stats={'ok': 4251, 'parking': 0, 'fail': 263, 'skip': 0, 'bytes': 531377752}
2026-07-25T07:36:42Z progress done=4519 stats={'ok': 4256, 'parking': 0, 'fail': 263, 'skip': 0, 'bytes': 531997881}
2026-07-25T07:37:12Z progress done=4524 stats={'ok': 4260, 'parking': 0, 'fail': 264, 'skip': 0, 'bytes': 532484682}
2026-07-25T07:37:33Z progress done=4529 stats={'ok': 4264, 'parking': 0, 'fail': 265, 'skip': 0, 'bytes': 532955848}
2026-07-25T07:37:42Z progress done=4534 stats={'ok': 4269, 'parking': 0, 'fail': 265, 'skip': 0, 'bytes': 533580836}
2026-07-25T07:38:06Z progress done=4539 stats={'ok': 4273, 'parking': 0, 'fail': 266, 'skip': 0, 'bytes': 534060531}
2026-07-25T07:38:28Z progress done=4544 stats={'ok': 4277, 'parking': 0, 'fail': 267, 'skip': 0, 'bytes': 534542351}
2026-07-25T07:38:34Z progress done=4549 stats={'ok': 4282, 'parking': 0, 'fail': 267, 'skip': 0, 'bytes': 535143178}
2026-07-25T07:38:44Z progress done=4554 stats={'ok': 4287, 'parking': 0, 'fail': 267, 'skip': 0, 'bytes': 535755793}
2026-07-25T07:39:09Z progress done=4559 stats={'ok': 4291, 'parking': 0, 'fail': 268, 'skip': 0, 'bytes': 536266816}
2026-07-25T07:39:21Z progress done=4564 stats={'ok': 4296, 'parking': 0, 'fail': 268, 'skip': 0, 'bytes': 536868013}
2026-07-25T07:39:39Z progress done=4569 stats={'ok': 4301, 'parking': 0, 'fail': 268, 'skip': 0, 'bytes': 537501298}
2026-07-25T07:40:03Z progress done=4574 stats={'ok': 4305, 'parking': 0, 'fail': 269, 'skip': 0, 'bytes': 537975093}
2026-07-25T07:40:14Z progress done=4579 stats={'ok': 4310, 'parking': 0, 'fail': 269, 'skip': 0, 'bytes': 538569777}
2026-07-25T07:40:24Z progress done=4584 stats={'ok': 4315, 'parking': 0, 'fail': 269, 'skip': 0, 'bytes': 539183757}
2026-07-25T07:40:46Z progress done=4589 stats={'ok': 4320, 'parking': 0, 'fail': 269, 'skip': 0, 'bytes': 539795537}
2026-07-25T07:41:10Z progress done=4594 stats={'ok': 4324, 'parking': 0, 'fail': 270, 'skip': 0, 'bytes': 540273641}
2026-07-25T07:41:18Z progress done=4599 stats={'ok': 4329, 'parking': 0, 'fail': 270, 'skip': 0, 'bytes': 540871313}
2026-07-25T07:41:43Z progress done=4604 stats={'ok': 4333, 'parking': 0, 'fail': 271, 'skip': 0, 'bytes': 541365740}
2026-07-25T07:41:50Z progress done=4609 stats={'ok': 4338, 'parking': 0, 'fail': 271, 'skip': 0, 'bytes': 541986743}
2026-07-25T07:42:14Z progress done=4614 stats={'ok': 4342, 'parking': 0, 'fail': 272, 'skip': 0, 'bytes': 542453791}
2026-07-25T07:42:22Z progress done=4619 stats={'ok': 4347, 'parking': 0, 'fail': 272, 'skip': 0, 'bytes': 543079307}
2026-07-25T07:42:46Z progress done=4624 stats={'ok': 4351, 'parking': 0, 'fail': 273, 'skip': 0, 'bytes': 543572449}
2026-07-25T07:42:54Z progress done=4629 stats={'ok': 4356, 'parking': 0, 'fail': 273, 'skip': 0, 'bytes': 544169195}
2026-07-25T07:43:19Z progress done=4634 stats={'ok': 4360, 'parking': 0, 'fail': 274, 'skip': 0, 'bytes': 544668848}
2026-07-25T07:43:29Z progress done=4639 stats={'ok': 4365, 'parking': 0, 'fail': 274, 'skip': 0, 'bytes': 545260917}
2026-07-25T07:43:51Z progress done=4644 stats={'ok': 4369, 'parking': 0, 'fail': 275, 'skip': 0, 'bytes': 545740690}
2026-07-25T07:44:00Z progress done=4649 stats={'ok': 4374, 'parking': 0, 'fail': 275, 'skip': 0, 'bytes': 546328555}
2026-07-25T07:44:22Z progress done=4654 stats={'ok': 4378, 'parking': 0, 'fail': 276, 'skip': 0, 'bytes': 546821400}
2026-07-25T07:44:30Z progress done=4659 stats={'ok': 4383, 'parking': 0, 'fail': 276, 'skip': 0, 'bytes': 547437468}
2026-07-25T07:44:52Z progress done=4664 stats={'ok': 4387, 'parking': 0, 'fail': 277, 'skip': 0, 'bytes': 547915363}
2026-07-25T07:45:17Z progress done=4669 stats={'ok': 4391, 'parking': 0, 'fail': 278, 'skip': 0, 'bytes': 548407300}
2026-07-25T07:45:30Z progress done=4674 stats={'ok': 4396, 'parking': 0, 'fail': 278, 'skip': 0, 'bytes': 549003830}
2026-07-25T07:45:38Z progress done=4679 stats={'ok': 4401, 'parking': 0, 'fail': 278, 'skip': 0, 'bytes': 549619987}
2026-07-25T07:46:02Z progress done=4684 stats={'ok': 4405, 'parking': 0, 'fail': 279, 'skip': 0, 'bytes': 550103638}
2026-07-25T07:46:25Z progress done=4689 stats={'ok': 4409, 'parking': 0, 'fail': 280, 'skip': 0, 'bytes': 550575569}
2026-07-25T07:46:37Z progress done=4694 stats={'ok': 4414, 'parking': 0, 'fail': 280, 'skip': 0, 'bytes': 551167398}
2026-07-25T07:46:59Z progress done=4699 stats={'ok': 4418, 'parking': 0, 'fail': 281, 'skip': 0, 'bytes': 551644195}
2026-07-25T07:47:30Z progress done=4704 stats={'ok': 4422, 'parking': 0, 'fail': 282, 'skip': 0, 'bytes': 552126432}
2026-07-25T07:47:40Z progress done=4709 stats={'ok': 4427, 'parking': 0, 'fail': 282, 'skip': 0, 'bytes': 552734381}
2026-07-25T07:47:54Z progress done=4714 stats={'ok': 4432, 'parking': 0, 'fail': 282, 'skip': 0, 'bytes': 553341658}
2026-07-25T07:48:02Z progress done=4719 stats={'ok': 4437, 'parking': 0, 'fail': 282, 'skip': 0, 'bytes': 553933513}
2026-07-25T07:48:26Z progress done=4724 stats={'ok': 4441, 'parking': 0, 'fail': 283, 'skip': 0, 'bytes': 554414318}
2026-07-25T07:48:58Z progress done=4729 stats={'ok': 4446, 'parking': 0, 'fail': 283, 'skip': 0, 'bytes': 555033557}
2026-07-25T07:49:14Z progress done=4734 stats={'ok': 4451, 'parking': 0, 'fail': 283, 'skip': 0, 'bytes': 555652854}
2026-07-25T07:49:21Z progress done=4739 stats={'ok': 4456, 'parking': 0, 'fail': 283, 'skip': 0, 'bytes': 556264134}
2026-07-25T07:49:29Z progress done=4744 stats={'ok': 4461, 'parking': 0, 'fail': 283, 'skip': 0, 'bytes': 556878592}
2026-07-25T07:50:07Z progress done=4749 stats={'ok': 4465, 'parking': 0, 'fail': 284, 'skip': 0, 'bytes': 557378604}
2026-07-25T07:50:15Z progress done=4754 stats={'ok': 4470, 'parking': 0, 'fail': 284, 'skip': 0, 'bytes': 557977546}
2026-07-25T07:50:29Z progress done=4759 stats={'ok': 4475, 'parking': 0, 'fail': 284, 'skip': 0, 'bytes': 558592469}
2026-07-25T07:50:41Z progress done=4764 stats={'ok': 4480, 'parking': 0, 'fail': 284, 'skip': 0, 'bytes': 559202403}
2026-07-25T07:50:57Z progress done=4769 stats={'ok': 4485, 'parking': 0, 'fail': 284, 'skip': 0, 'bytes': 559799558}
2026-07-25T07:51:19Z progress done=4774 stats={'ok': 4489, 'parking': 0, 'fail': 285, 'skip': 0, 'bytes': 560280622}
2026-07-25T07:51:35Z progress done=4779 stats={'ok': 4494, 'parking': 0, 'fail': 285, 'skip': 0, 'bytes': 560888452}
2026-07-25T07:51:52Z progress done=4784 stats={'ok': 4499, 'parking': 0, 'fail': 285, 'skip': 0, 'bytes': 561489401}
2026-07-25T07:52:00Z progress done=4789 stats={'ok': 4504, 'parking': 0, 'fail': 285, 'skip': 0, 'bytes': 562080207}
2026-07-25T07:52:23Z progress done=4794 stats={'ok': 4508, 'parking': 0, 'fail': 286, 'skip': 0, 'bytes': 562574919}
2026-07-25T07:52:37Z progress done=4799 stats={'ok': 4513, 'parking': 0, 'fail': 286, 'skip': 0, 'bytes': 563182040}
2026-07-25T07:53:01Z progress done=4804 stats={'ok': 4517, 'parking': 0, 'fail': 287, 'skip': 0, 'bytes': 563659926}
2026-07-25T07:53:24Z progress done=4809 stats={'ok': 4521, 'parking': 0, 'fail': 288, 'skip': 0, 'bytes': 564144542}
2026-07-25T07:53:32Z progress done=4814 stats={'ok': 4526, 'parking': 0, 'fail': 288, 'skip': 0, 'bytes': 564726980}
2026-07-25T07:53:39Z progress done=4819 stats={'ok': 4531, 'parking': 0, 'fail': 288, 'skip': 0, 'bytes': 565339963}
2026-07-25T07:54:08Z progress done=4824 stats={'ok': 4535, 'parking': 0, 'fail': 289, 'skip': 0, 'bytes': 565835888}
2026-07-25T07:54:30Z progress done=4829 stats={'ok': 4539, 'parking': 0, 'fail': 290, 'skip': 0, 'bytes': 566321700}
2026-07-25T07:54:40Z progress done=4834 stats={'ok': 4544, 'parking': 0, 'fail': 290, 'skip': 0, 'bytes': 566927595}
2026-07-25T07:54:54Z progress done=4839 stats={'ok': 4549, 'parking': 0, 'fail': 290, 'skip': 0, 'bytes': 567537687}
2026-07-25T07:55:10Z progress done=4844 stats={'ok': 4554, 'parking': 0, 'fail': 290, 'skip': 0, 'bytes': 568143304}
2026-07-25T07:55:33Z progress done=4849 stats={'ok': 4558, 'parking': 0, 'fail': 291, 'skip': 0, 'bytes': 568634968}
2026-07-25T07:55:46Z progress done=4854 stats={'ok': 4563, 'parking': 0, 'fail': 291, 'skip': 0, 'bytes': 569244417}
2026-07-25T07:56:08Z progress done=4859 stats={'ok': 4567, 'parking': 0, 'fail': 292, 'skip': 0, 'bytes': 569725590}
2026-07-25T07:56:16Z progress done=4864 stats={'ok': 4572, 'parking': 0, 'fail': 292, 'skip': 0, 'bytes': 570335614}
2026-07-25T07:56:39Z progress done=4869 stats={'ok': 4577, 'parking': 0, 'fail': 292, 'skip': 0, 'bytes': 570941944}
2026-07-25T07:57:04Z progress done=4874 stats={'ok': 4581, 'parking': 0, 'fail': 293, 'skip': 0, 'bytes': 571421730}
2026-07-25T07:57:18Z progress done=4879 stats={'ok': 4586, 'parking': 0, 'fail': 293, 'skip': 0, 'bytes': 572034512}
2026-07-25T07:57:29Z progress done=4884 stats={'ok': 4591, 'parking': 0, 'fail': 293, 'skip': 0, 'bytes': 572621100}
2026-07-25T07:57:43Z progress done=4889 stats={'ok': 4596, 'parking': 0, 'fail': 293, 'skip': 0, 'bytes': 573237841}
2026-07-25T07:58:13Z progress done=4894 stats={'ok': 4600, 'parking': 0, 'fail': 294, 'skip': 0, 'bytes': 573729317}
2026-07-25T07:58:24Z progress done=4899 stats={'ok': 4605, 'parking': 0, 'fail': 294, 'skip': 0, 'bytes': 574342951}
2026-07-25T07:58:45Z progress done=4904 stats={'ok': 4610, 'parking': 0, 'fail': 294, 'skip': 0, 'bytes': 574952635}
2026-07-25T07:58:53Z progress done=4909 stats={'ok': 4615, 'parking': 0, 'fail': 294, 'skip': 0, 'bytes': 575566713}
2026-07-25T07:59:17Z progress done=4914 stats={'ok': 4620, 'parking': 0, 'fail': 294, 'skip': 0, 'bytes': 576185099}
2026-07-25T07:59:27Z progress done=4919 stats={'ok': 4625, 'parking': 0, 'fail': 294, 'skip': 0, 'bytes': 576794062}
2026-07-25T07:59:50Z progress done=4924 stats={'ok': 4630, 'parking': 0, 'fail': 294, 'skip': 0, 'bytes': 577408477}
2026-07-25T08:00:11Z progress done=4929 stats={'ok': 4635, 'parking': 0, 'fail': 294, 'skip': 0, 'bytes': 578019381}
2026-07-25T08:00:26Z progress done=4934 stats={'ok': 4640, 'parking': 0, 'fail': 294, 'skip': 0, 'bytes': 578619427}
2026-07-25T08:00:49Z progress done=4939 stats={'ok': 4644, 'parking': 0, 'fail': 295, 'skip': 0, 'bytes': 579118934}
2026-07-25T08:00:58Z progress done=4944 stats={'ok': 4649, 'parking': 0, 'fail': 295, 'skip': 0, 'bytes': 579722689}
2026-07-25T08:02:30Z progress done=4949 stats={'ok': 4654, 'parking': 0, 'fail': 295, 'skip': 0, 'bytes': 580344561}
2026-07-25T08:02:41Z progress done=4954 stats={'ok': 4659, 'parking': 0, 'fail': 295, 'skip': 0, 'bytes': 580936630}
2026-07-25T08:02:49Z progress done=4959 stats={'ok': 4664, 'parking': 0, 'fail': 295, 'skip': 0, 'bytes': 581535240}
2026-07-25T08:02:56Z progress done=4964 stats={'ok': 4669, 'parking': 0, 'fail': 295, 'skip': 0, 'bytes': 582152294}
2026-07-25T08:03:33Z progress done=4969 stats={'ok': 4672, 'parking': 0, 'fail': 297, 'skip': 0, 'bytes': 582523171}
2026-07-25T08:03:47Z progress done=4974 stats={'ok': 4677, 'parking': 0, 'fail': 297, 'skip': 0, 'bytes': 583158219}
2026-07-25T08:03:56Z progress done=4979 stats={'ok': 4682, 'parking': 0, 'fail': 297, 'skip': 0, 'bytes': 583759528}
2026-07-25T08:04:12Z progress done=4984 stats={'ok': 4687, 'parking': 0, 'fail': 297, 'skip': 0, 'bytes': 584361138}
2026-07-25T08:04:29Z progress done=4989 stats={'ok': 4692, 'parking': 0, 'fail': 297, 'skip': 0, 'bytes': 584958059}
2026-07-25T08:04:51Z progress done=4994 stats={'ok': 4697, 'parking': 0, 'fail': 297, 'skip': 0, 'bytes': 585566483}
2026-07-25T08:04:57Z progress done=4999 stats={'ok': 4702, 'parking': 0, 'fail': 297, 'skip': 0, 'bytes': 586184627}
2026-07-25T08:05:19Z progress done=5004 stats={'ok': 4707, 'parking': 0, 'fail': 297, 'skip': 0, 'bytes': 586793562}
2026-07-25T08:05:40Z progress done=5009 stats={'ok': 4712, 'parking': 0, 'fail': 297, 'skip': 0, 'bytes': 587376697}
2026-07-25T08:06:01Z progress done=5014 stats={'ok': 4716, 'parking': 0, 'fail': 298, 'skip': 0, 'bytes': 587865007}
2026-07-25T08:06:11Z progress done=5019 stats={'ok': 4721, 'parking': 0, 'fail': 298, 'skip': 0, 'bytes': 588467935}
2026-07-25T08:06:25Z progress done=5024 stats={'ok': 4726, 'parking': 0, 'fail': 298, 'skip': 0, 'bytes': 589072781}
2026-07-25T08:06:49Z progress done=5029 stats={'ok': 4730, 'parking': 0, 'fail': 299, 'skip': 0, 'bytes': 589565820}
2026-07-25T08:07:03Z progress done=5034 stats={'ok': 4735, 'parking': 0, 'fail': 299, 'skip': 0, 'bytes': 590157302}
2026-07-25T08:07:15Z progress done=5039 stats={'ok': 4740, 'parking': 0, 'fail': 299, 'skip': 0, 'bytes': 590762102}
2026-07-25T08:07:32Z progress done=5044 stats={'ok': 4745, 'parking': 0, 'fail': 299, 'skip': 0, 'bytes': 591382870}
2026-07-25T08:07:56Z progress done=5049 stats={'ok': 4749, 'parking': 0, 'fail': 300, 'skip': 0, 'bytes': 591872010}
2026-07-25T08:08:08Z progress done=5054 stats={'ok': 4754, 'parking': 0, 'fail': 300, 'skip': 0, 'bytes': 592501590}
2026-07-25T08:08:29Z progress done=5059 stats={'ok': 4759, 'parking': 0, 'fail': 300, 'skip': 0, 'bytes': 593108673}
2026-07-25T08:08:39Z progress done=5064 stats={'ok': 4764, 'parking': 0, 'fail': 300, 'skip': 0, 'bytes': 593718086}
2026-07-25T08:09:02Z progress done=5069 stats={'ok': 4768, 'parking': 0, 'fail': 301, 'skip': 0, 'bytes': 594206577}
2026-07-25T08:09:16Z progress done=5074 stats={'ok': 4773, 'parking': 0, 'fail': 301, 'skip': 0, 'bytes': 594806734}
2026-07-25T08:09:35Z progress done=5079 stats={'ok': 4778, 'parking': 0, 'fail': 301, 'skip': 0, 'bytes': 595418102}
2026-07-25T08:09:43Z progress done=5084 stats={'ok': 4783, 'parking': 0, 'fail': 301, 'skip': 0, 'bytes': 596025806}
2026-07-25T08:10:07Z progress done=5089 stats={'ok': 4787, 'parking': 0, 'fail': 302, 'skip': 0, 'bytes': 596501488}
2026-07-25T08:10:25Z progress done=5094 stats={'ok': 4792, 'parking': 0, 'fail': 302, 'skip': 0, 'bytes': 597109667}
2026-07-25T08:10:39Z progress done=5099 stats={'ok': 4797, 'parking': 0, 'fail': 302, 'skip': 0, 'bytes': 597723268}
2026-07-25T08:10:50Z progress done=5104 stats={'ok': 4802, 'parking': 0, 'fail': 302, 'skip': 0, 'bytes': 598359898}
2026-07-25T08:11:12Z progress done=5109 stats={'ok': 4806, 'parking': 0, 'fail': 303, 'skip': 0, 'bytes': 598843850}
2026-07-25T08:11:37Z progress done=5114 stats={'ok': 4811, 'parking': 0, 'fail': 303, 'skip': 0, 'bytes': 599440210}
2026-07-25T08:11:47Z progress done=5119 stats={'ok': 4816, 'parking': 0, 'fail': 303, 'skip': 0, 'bytes': 600051300}
2026-07-25T08:12:12Z progress done=5124 stats={'ok': 4821, 'parking': 0, 'fail': 303, 'skip': 0, 'bytes': 600663583}
2026-07-25T08:12:19Z progress done=5129 stats={'ok': 4826, 'parking': 0, 'fail': 303, 'skip': 0, 'bytes': 601281165}
2026-07-25T08:12:48Z progress done=5134 stats={'ok': 4830, 'parking': 0, 'fail': 304, 'skip': 0, 'bytes': 601778591}
2026-07-25T08:13:05Z progress done=5139 stats={'ok': 4835, 'parking': 0, 'fail': 304, 'skip': 0, 'bytes': 602387081}
2026-07-25T08:13:17Z progress done=5144 stats={'ok': 4840, 'parking': 0, 'fail': 304, 'skip': 0, 'bytes': 603005201}
2026-07-25T08:13:44Z progress done=5149 stats={'ok': 4845, 'parking': 0, 'fail': 304, 'skip': 0, 'bytes': 603615551}
2026-07-25T08:13:54Z progress done=5154 stats={'ok': 4850, 'parking': 0, 'fail': 304, 'skip': 0, 'bytes': 604227993}
2026-07-25T08:14:08Z progress done=5159 stats={'ok': 4855, 'parking': 0, 'fail': 304, 'skip': 0, 'bytes': 604829268}
2026-07-25T08:14:38Z progress done=5164 stats={'ok': 4860, 'parking': 0, 'fail': 304, 'skip': 0, 'bytes': 605462205}
2026-07-25T08:14:48Z progress done=5169 stats={'ok': 4865, 'parking': 0, 'fail': 304, 'skip': 0, 'bytes': 606076153}
2026-07-25T08:14:58Z progress done=5174 stats={'ok': 4870, 'parking': 0, 'fail': 304, 'skip': 0, 'bytes': 606687322}
2026-07-25T08:15:20Z progress done=5179 stats={'ok': 4874, 'parking': 0, 'fail': 305, 'skip': 0, 'bytes': 607196180}
2026-07-25T08:15:45Z progress done=5184 stats={'ok': 4878, 'parking': 0, 'fail': 306, 'skip': 0, 'bytes': 607688322}
2026-07-25T08:15:52Z progress done=5189 stats={'ok': 4883, 'parking': 0, 'fail': 306, 'skip': 0, 'bytes': 608296576}
2026-07-25T08:16:14Z progress done=5194 stats={'ok': 4887, 'parking': 0, 'fail': 307, 'skip': 0, 'bytes': 608783555}
2026-07-25T08:16:22Z progress done=5199 stats={'ok': 4892, 'parking': 0, 'fail': 307, 'skip': 0, 'bytes': 609387550}
2026-07-25T08:16:31Z progress done=5204 stats={'ok': 4897, 'parking': 0, 'fail': 307, 'skip': 0, 'bytes': 609985586}
2026-07-25T08:16:57Z progress done=5209 stats={'ok': 4901, 'parking': 0, 'fail': 308, 'skip': 0, 'bytes': 610467435}
2026-07-25T08:17:27Z progress done=5214 stats={'ok': 4905, 'parking': 0, 'fail': 309, 'skip': 0, 'bytes': 610963968}
2026-07-25T08:17:35Z progress done=5219 stats={'ok': 4910, 'parking': 0, 'fail': 309, 'skip': 0, 'bytes': 611580367}
2026-07-25T08:17:49Z progress done=5224 stats={'ok': 4915, 'parking': 0, 'fail': 309, 'skip': 0, 'bytes': 612182556}
2026-07-25T08:18:00Z progress done=5229 stats={'ok': 4920, 'parking': 0, 'fail': 309, 'skip': 0, 'bytes': 612796639}
2026-07-25T08:18:32Z progress done=5234 stats={'ok': 4924, 'parking': 0, 'fail': 310, 'skip': 0, 'bytes': 613284465}
2026-07-25T08:18:49Z progress done=5239 stats={'ok': 4929, 'parking': 0, 'fail': 310, 'skip': 0, 'bytes': 613906556}
2026-07-25T08:19:06Z progress done=5244 stats={'ok': 4934, 'parking': 0, 'fail': 310, 'skip': 0, 'bytes': 614530059}
2026-07-25T08:19:27Z progress done=5249 stats={'ok': 4939, 'parking': 0, 'fail': 310, 'skip': 0, 'bytes': 615121249}
2026-07-25T08:19:39Z progress done=5254 stats={'ok': 4944, 'parking': 0, 'fail': 310, 'skip': 0, 'bytes': 615752269}
2026-07-25T08:19:55Z progress done=5259 stats={'ok': 4949, 'parking': 0, 'fail': 310, 'skip': 0, 'bytes': 616353964}
2026-07-25T08:20:11Z progress done=5264 stats={'ok': 4954, 'parking': 0, 'fail': 310, 'skip': 0, 'bytes': 616963490}
2026-07-25T08:20:33Z progress done=5269 stats={'ok': 4958, 'parking': 0, 'fail': 311, 'skip': 0, 'bytes': 617444672}
2026-07-25T08:20:48Z progress done=5274 stats={'ok': 4963, 'parking': 0, 'fail': 311, 'skip': 0, 'bytes': 618059629}
2026-07-25T08:21:02Z progress done=5279 stats={'ok': 4968, 'parking': 0, 'fail': 311, 'skip': 0, 'bytes': 618655043}
2026-07-25T08:21:39Z progress done=5284 stats={'ok': 4972, 'parking': 0, 'fail': 312, 'skip': 0, 'bytes': 619124868}
2026-07-25T08:21:46Z progress done=5289 stats={'ok': 4977, 'parking': 0, 'fail': 312, 'skip': 0, 'bytes': 619713269}
2026-07-25T08:21:55Z progress done=5294 stats={'ok': 4982, 'parking': 0, 'fail': 312, 'skip': 0, 'bytes': 620323902}
2026-07-25T08:22:10Z progress done=5299 stats={'ok': 4987, 'parking': 0, 'fail': 312, 'skip': 0, 'bytes': 620915894}
2026-07-25T08:22:27Z progress done=5304 stats={'ok': 4992, 'parking': 0, 'fail': 312, 'skip': 0, 'bytes': 621518667}
2026-07-25T08:22:50Z progress done=5309 stats={'ok': 4996, 'parking': 0, 'fail': 313, 'skip': 0, 'bytes': 621997785}
2026-07-25T08:23:17Z progress done=5314 stats={'ok': 5000, 'parking': 0, 'fail': 314, 'skip': 0, 'bytes': 622479192}
2026-07-25T08:23:24Z progress done=5319 stats={'ok': 5005, 'parking': 0, 'fail': 314, 'skip': 0, 'bytes': 623086805}
2026-07-25T08:23:41Z progress done=5324 stats={'ok': 5010, 'parking': 0, 'fail': 314, 'skip': 0, 'bytes': 623699245}
2026-07-25T08:23:52Z progress done=5329 stats={'ok': 5015, 'parking': 0, 'fail': 314, 'skip': 0, 'bytes': 624321978}
2026-07-25T08:24:19Z progress done=5334 stats={'ok': 5019, 'parking': 0, 'fail': 315, 'skip': 0, 'bytes': 624796268}
2026-07-25T08:24:30Z progress done=5339 stats={'ok': 5024, 'parking': 0, 'fail': 315, 'skip': 0, 'bytes': 625389480}
2026-07-25T08:24:44Z progress done=5344 stats={'ok': 5029, 'parking': 0, 'fail': 315, 'skip': 0, 'bytes': 625983777}
2026-07-25T08:25:06Z progress done=5349 stats={'ok': 5034, 'parking': 0, 'fail': 315, 'skip': 0, 'bytes': 626607409}
2026-07-25T08:25:27Z progress done=5354 stats={'ok': 5039, 'parking': 0, 'fail': 315, 'skip': 0, 'bytes': 627218104}
2026-07-25T08:25:43Z progress done=5359 stats={'ok': 5044, 'parking': 0, 'fail': 315, 'skip': 0, 'bytes': 627820080}
2026-07-25T08:25:58Z progress done=5364 stats={'ok': 5049, 'parking': 0, 'fail': 315, 'skip': 0, 'bytes': 628440227}
2026-07-25T08:26:20Z progress done=5369 stats={'ok': 5054, 'parking': 0, 'fail': 315, 'skip': 0, 'bytes': 629041545}
2026-07-25T08:26:30Z progress done=5374 stats={'ok': 5059, 'parking': 0, 'fail': 315, 'skip': 0, 'bytes': 629642615}
2026-07-25T08:26:47Z progress done=5379 stats={'ok': 5064, 'parking': 0, 'fail': 315, 'skip': 0, 'bytes': 630253490}
2026-07-25T08:27:18Z progress done=5384 stats={'ok': 5068, 'parking': 0, 'fail': 316, 'skip': 0, 'bytes': 630738834}
2026-07-25T08:27:29Z progress done=5389 stats={'ok': 5073, 'parking': 0, 'fail': 316, 'skip': 0, 'bytes': 631347906}
2026-07-25T08:27:42Z progress done=5394 stats={'ok': 5078, 'parking': 0, 'fail': 316, 'skip': 0, 'bytes': 631970230}
2026-07-25T08:27:48Z progress done=5399 stats={'ok': 5083, 'parking': 0, 'fail': 316, 'skip': 0, 'bytes': 632584447}
2026-07-25T08:28:03Z progress done=5404 stats={'ok': 5088, 'parking': 0, 'fail': 316, 'skip': 0, 'bytes': 633216794}
2026-07-25T08:28:28Z progress done=5409 stats={'ok': 5092, 'parking': 0, 'fail': 317, 'skip': 0, 'bytes': 633690497}
2026-07-25T08:28:52Z progress done=5414 stats={'ok': 5096, 'parking': 0, 'fail': 318, 'skip': 0, 'bytes': 633984418}
2026-07-25T08:29:08Z progress done=5419 stats={'ok': 5101, 'parking': 0, 'fail': 318, 'skip': 0, 'bytes': 634110430}
2026-07-25T08:29:16Z progress done=5424 stats={'ok': 5106, 'parking': 0, 'fail': 318, 'skip': 0, 'bytes': 634620627}
2026-07-25T08:29:50Z progress done=5429 stats={'ok': 5110, 'parking': 0, 'fail': 319, 'skip': 0, 'bytes': 635098383}
2026-07-25T08:29:58Z progress done=5434 stats={'ok': 5115, 'parking': 0, 'fail': 319, 'skip': 0, 'bytes': 635700309}
2026-07-25T08:30:11Z progress done=5439 stats={'ok': 5120, 'parking': 0, 'fail': 319, 'skip': 0, 'bytes': 636312785}
2026-07-25T08:30:20Z progress done=5444 stats={'ok': 5125, 'parking': 0, 'fail': 319, 'skip': 0, 'bytes': 636918491}
2026-07-25T08:30:57Z progress done=5449 stats={'ok': 5129, 'parking': 0, 'fail': 320, 'skip': 0, 'bytes': 637393715}
2026-07-25T08:31:06Z progress done=5454 stats={'ok': 5134, 'parking': 0, 'fail': 320, 'skip': 0, 'bytes': 637994095}
2026-07-25T08:31:21Z progress done=5459 stats={'ok': 5139, 'parking': 0, 'fail': 320, 'skip': 0, 'bytes': 638583492}
2026-07-25T08:31:37Z progress done=5464 stats={'ok': 5144, 'parking': 0, 'fail': 320, 'skip': 0, 'bytes': 639168050}
2026-07-25T08:31:59Z progress done=5469 stats={'ok': 5148, 'parking': 0, 'fail': 321, 'skip': 0, 'bytes': 639646894}
2026-07-25T08:32:18Z progress done=5474 stats={'ok': 5153, 'parking': 0, 'fail': 321, 'skip': 0, 'bytes': 640246429}
2026-07-25T08:32:28Z progress done=5479 stats={'ok': 5158, 'parking': 0, 'fail': 321, 'skip': 0, 'bytes': 640845509}
2026-07-25T08:32:43Z progress done=5484 stats={'ok': 5163, 'parking': 0, 'fail': 321, 'skip': 0, 'bytes': 641446693}
2026-07-25T08:33:14Z progress done=5489 stats={'ok': 5167, 'parking': 0, 'fail': 322, 'skip': 0, 'bytes': 641926603}
2026-07-25T08:33:25Z progress done=5494 stats={'ok': 5172, 'parking': 0, 'fail': 322, 'skip': 0, 'bytes': 642518680}
2026-07-25T08:33:37Z progress done=5499 stats={'ok': 5177, 'parking': 0, 'fail': 322, 'skip': 0, 'bytes': 643114173}
2026-07-25T08:33:55Z progress done=5504 stats={'ok': 5182, 'parking': 0, 'fail': 322, 'skip': 0, 'bytes': 643695923}
2026-07-25T08:34:17Z progress done=5509 stats={'ok': 5186, 'parking': 0, 'fail': 323, 'skip': 0, 'bytes': 644168095}
2026-07-25T08:34:38Z progress done=5514 stats={'ok': 5191, 'parking': 0, 'fail': 323, 'skip': 0, 'bytes': 644770397}
2026-07-25T08:34:46Z progress done=5519 stats={'ok': 5196, 'parking': 0, 'fail': 323, 'skip': 0, 'bytes': 645369468}
2026-07-25T08:35:18Z progress done=5524 stats={'ok': 5200, 'parking': 0, 'fail': 324, 'skip': 0, 'bytes': 645840952}
2026-07-25T08:35:24Z progress done=5529 stats={'ok': 5205, 'parking': 0, 'fail': 324, 'skip': 0, 'bytes': 646449504}
2026-07-25T08:35:57Z progress done=5534 stats={'ok': 5209, 'parking': 0, 'fail': 325, 'skip': 0, 'bytes': 646915175}
2026-07-25T08:36:04Z progress done=5539 stats={'ok': 5214, 'parking': 0, 'fail': 325, 'skip': 0, 'bytes': 647507612}
2026-07-25T08:36:18Z progress done=5544 stats={'ok': 5219, 'parking': 0, 'fail': 325, 'skip': 0, 'bytes': 648101198}
2026-07-25T08:36:26Z progress done=5549 stats={'ok': 5224, 'parking': 0, 'fail': 325, 'skip': 0, 'bytes': 648692979}
2026-07-25T08:37:00Z progress done=5554 stats={'ok': 5228, 'parking': 0, 'fail': 326, 'skip': 0, 'bytes': 649163754}
2026-07-25T08:37:15Z progress done=5559 stats={'ok': 5233, 'parking': 0, 'fail': 326, 'skip': 0, 'bytes': 649785691}
2026-07-25T08:37:27Z progress done=5564 stats={'ok': 5238, 'parking': 0, 'fail': 326, 'skip': 0, 'bytes': 650370445}
2026-07-25T08:37:35Z progress done=5569 stats={'ok': 5243, 'parking': 0, 'fail': 326, 'skip': 0, 'bytes': 650963482}
2026-07-25T08:39:25Z progress done=5574 stats={'ok': 5248, 'parking': 0, 'fail': 326, 'skip': 0, 'bytes': 651561751}
2026-07-25T08:39:31Z progress done=5579 stats={'ok': 5253, 'parking': 0, 'fail': 326, 'skip': 0, 'bytes': 652164501}
2026-07-25T08:39:40Z progress done=5584 stats={'ok': 5258, 'parking': 0, 'fail': 326, 'skip': 0, 'bytes': 652758576}
2026-07-25T08:39:49Z progress done=5589 stats={'ok': 5263, 'parking': 0, 'fail': 326, 'skip': 0, 'bytes': 653360998}
2026-07-25T08:40:27Z progress done=5594 stats={'ok': 5266, 'parking': 0, 'fail': 328, 'skip': 0, 'bytes': 653721699}
2026-07-25T08:40:33Z progress done=5599 stats={'ok': 5271, 'parking': 0, 'fail': 328, 'skip': 0, 'bytes': 654346427}
2026-07-25T08:40:43Z progress done=5604 stats={'ok': 5276, 'parking': 0, 'fail': 328, 'skip': 0, 'bytes': 654931531}
2026-07-25T08:41:13Z progress done=5609 stats={'ok': 5281, 'parking': 0, 'fail': 328, 'skip': 0, 'bytes': 655510301}
2026-07-25T08:41:30Z progress done=5614 stats={'ok': 5286, 'parking': 0, 'fail': 328, 'skip': 0, 'bytes': 656090753}
2026-07-25T08:41:44Z progress done=5619 stats={'ok': 5291, 'parking': 0, 'fail': 328, 'skip': 0, 'bytes': 656669528}
2026-07-25T08:42:02Z progress done=5624 stats={'ok': 5296, 'parking': 0, 'fail': 328, 'skip': 0, 'bytes': 657247883}
2026-07-25T08:42:23Z progress done=5629 stats={'ok': 5301, 'parking': 0, 'fail': 328, 'skip': 0, 'bytes': 657822716}
2026-07-25T08:42:43Z progress done=5634 stats={'ok': 5306, 'parking': 0, 'fail': 328, 'skip': 0, 'bytes': 658411308}
2026-07-25T08:42:53Z progress done=5639 stats={'ok': 5311, 'parking': 0, 'fail': 328, 'skip': 0, 'bytes': 659000957}
2026-07-25T08:43:16Z progress done=5644 stats={'ok': 5316, 'parking': 0, 'fail': 328, 'skip': 0, 'bytes': 659587523}
2026-07-25T08:43:30Z progress done=5649 stats={'ok': 5321, 'parking': 0, 'fail': 328, 'skip': 0, 'bytes': 660182136}
2026-07-25T08:43:54Z progress done=5654 stats={'ok': 5325, 'parking': 0, 'fail': 329, 'skip': 0, 'bytes': 660663558}
2026-07-25T08:44:09Z progress done=5659 stats={'ok': 5330, 'parking': 0, 'fail': 329, 'skip': 0, 'bytes': 661236804}
2026-07-25T08:44:25Z progress done=5664 stats={'ok': 5335, 'parking': 0, 'fail': 329, 'skip': 0, 'bytes': 661836067}
2026-07-25T08:44:36Z progress done=5669 stats={'ok': 5340, 'parking': 0, 'fail': 329, 'skip': 0, 'bytes': 662437953}
2026-07-25T08:44:57Z progress done=5674 stats={'ok': 5345, 'parking': 0, 'fail': 329, 'skip': 0, 'bytes': 663023067}
2026-07-25T08:45:12Z progress done=5679 stats={'ok': 5350, 'parking': 0, 'fail': 329, 'skip': 0, 'bytes': 663618128}
2026-07-25T08:45:37Z progress done=5684 stats={'ok': 5354, 'parking': 0, 'fail': 330, 'skip': 0, 'bytes': 664098754}
2026-07-25T08:45:45Z progress done=5689 stats={'ok': 5359, 'parking': 0, 'fail': 330, 'skip': 0, 'bytes': 664696090}
2026-07-25T08:45:58Z progress done=5694 stats={'ok': 5364, 'parking': 0, 'fail': 330, 'skip': 0, 'bytes': 665301653}
2026-07-25T08:46:14Z progress done=5699 stats={'ok': 5369, 'parking': 0, 'fail': 330, 'skip': 0, 'bytes': 665896229}
2026-07-25T08:46:37Z progress done=5704 stats={'ok': 5373, 'parking': 0, 'fail': 331, 'skip': 0, 'bytes': 666375155}
2026-07-25T08:46:47Z progress done=5709 stats={'ok': 5378, 'parking': 0, 'fail': 331, 'skip': 0, 'bytes': 666979211}
2026-07-25T08:47:11Z progress done=5714 stats={'ok': 5383, 'parking': 0, 'fail': 331, 'skip': 0, 'bytes': 667579156}
2026-07-25T08:47:34Z progress done=5719 stats={'ok': 5388, 'parking': 0, 'fail': 331, 'skip': 0, 'bytes': 668164533}
2026-07-25T08:47:44Z progress done=5724 stats={'ok': 5393, 'parking': 0, 'fail': 331, 'skip': 0, 'bytes': 668756273}
2026-07-25T08:48:06Z progress done=5729 stats={'ok': 5397, 'parking': 0, 'fail': 332, 'skip': 0, 'bytes': 669143847}
2026-07-25T08:48:15Z progress done=5734 stats={'ok': 5402, 'parking': 0, 'fail': 332, 'skip': 0, 'bytes': 669907811}
2026-07-25T08:48:35Z progress done=5739 stats={'ok': 5407, 'parking': 0, 'fail': 332, 'skip': 0, 'bytes': 670652308}
2026-07-25T08:48:47Z progress done=5744 stats={'ok': 5412, 'parking': 0, 'fail': 332, 'skip': 0, 'bytes': 671393953}
2026-07-25T08:49:11Z progress done=5749 stats={'ok': 5416, 'parking': 0, 'fail': 333, 'skip': 0, 'bytes': 672003696}
2026-07-25T08:49:18Z progress done=5754 stats={'ok': 5421, 'parking': 0, 'fail': 333, 'skip': 0, 'bytes': 672761966}
2026-07-25T08:49:40Z progress done=5759 stats={'ok': 5426, 'parking': 0, 'fail': 333, 'skip': 0, 'bytes': 673502609}
2026-07-25T08:49:50Z progress done=5764 stats={'ok': 5431, 'parking': 0, 'fail': 333, 'skip': 0, 'bytes': 674264825}
2026-07-25T08:50:13Z progress done=5769 stats={'ok': 5435, 'parking': 0, 'fail': 334, 'skip': 0, 'bytes': 674855369}
2026-07-25T08:50:21Z progress done=5774 stats={'ok': 5440, 'parking': 0, 'fail': 334, 'skip': 0, 'bytes': 675583190}
2026-07-25T08:50:40Z progress done=5779 stats={'ok': 5445, 'parking': 0, 'fail': 334, 'skip': 0, 'bytes': 676351403}
2026-07-25T08:50:48Z progress done=5784 stats={'ok': 5450, 'parking': 0, 'fail': 334, 'skip': 0, 'bytes': 677100978}
2026-07-25T08:51:15Z progress done=5789 stats={'ok': 5454, 'parking': 0, 'fail': 335, 'skip': 0, 'bytes': 677706643}
2026-07-25T08:51:33Z progress done=5794 stats={'ok': 5459, 'parking': 0, 'fail': 335, 'skip': 0, 'bytes': 678444851}
2026-07-25T08:51:47Z progress done=5799 stats={'ok': 5464, 'parking': 0, 'fail': 335, 'skip': 0, 'bytes': 679176049}
2026-07-25T08:51:58Z progress done=5804 stats={'ok': 5469, 'parking': 0, 'fail': 335, 'skip': 0, 'bytes': 679918208}
2026-07-25T08:52:22Z progress done=5809 stats={'ok': 5473, 'parking': 0, 'fail': 336, 'skip': 0, 'bytes': 680521639}
2026-07-25T08:52:44Z progress done=5814 stats={'ok': 5477, 'parking': 0, 'fail': 337, 'skip': 0, 'bytes': 681127688}
2026-07-25T08:52:51Z progress done=5819 stats={'ok': 5482, 'parking': 0, 'fail': 337, 'skip': 0, 'bytes': 681868042}
2026-07-25T08:53:04Z progress done=5824 stats={'ok': 5487, 'parking': 0, 'fail': 337, 'skip': 0, 'bytes': 682611136}
2026-07-25T08:53:26Z progress done=5829 stats={'ok': 5491, 'parking': 0, 'fail': 338, 'skip': 0, 'bytes': 683209637}
2026-07-25T08:53:36Z progress done=5834 stats={'ok': 5496, 'parking': 0, 'fail': 338, 'skip': 0, 'bytes': 683958371}
2026-07-25T08:53:59Z progress done=5839 stats={'ok': 5500, 'parking': 0, 'fail': 339, 'skip': 0, 'bytes': 684549610}
2026-07-25T08:54:21Z progress done=5844 stats={'ok': 5504, 'parking': 0, 'fail': 340, 'skip': 0, 'bytes': 685131101}
2026-07-25T08:54:29Z progress done=5849 stats={'ok': 5509, 'parking': 0, 'fail': 340, 'skip': 0, 'bytes': 685881204}
2026-07-25T08:54:55Z progress done=5854 stats={'ok': 5513, 'parking': 0, 'fail': 341, 'skip': 0, 'bytes': 686490690}
2026-07-25T08:55:01Z progress done=5859 stats={'ok': 5518, 'parking': 0, 'fail': 341, 'skip': 0, 'bytes': 687231322}
2026-07-25T08:55:24Z progress done=5864 stats={'ok': 5522, 'parking': 0, 'fail': 342, 'skip': 0, 'bytes': 687821407}
2026-07-25T08:55:31Z progress done=5869 stats={'ok': 5527, 'parking': 0, 'fail': 342, 'skip': 0, 'bytes': 688574453}
2026-07-25T08:55:57Z progress done=5874 stats={'ok': 5531, 'parking': 0, 'fail': 343, 'skip': 0, 'bytes': 689168651}
2026-07-25T08:56:07Z progress done=5879 stats={'ok': 5536, 'parking': 0, 'fail': 343, 'skip': 0, 'bytes': 689903899}
2026-07-25T08:56:30Z progress done=5884 stats={'ok': 5540, 'parking': 0, 'fail': 344, 'skip': 0, 'bytes': 690509714}
2026-07-25T08:56:38Z progress done=5889 stats={'ok': 5545, 'parking': 0, 'fail': 344, 'skip': 0, 'bytes': 691253661}
2026-07-25T08:56:59Z progress done=5894 stats={'ok': 5550, 'parking': 0, 'fail': 344, 'skip': 0, 'bytes': 691986009}
2026-07-25T08:57:10Z progress done=5899 stats={'ok': 5555, 'parking': 0, 'fail': 344, 'skip': 0, 'bytes': 692716487}
2026-07-25T08:57:34Z progress done=5904 stats={'ok': 5559, 'parking': 0, 'fail': 345, 'skip': 0, 'bytes': 693313941}
2026-07-25T08:57:43Z progress done=5909 stats={'ok': 5564, 'parking': 0, 'fail': 345, 'skip': 0, 'bytes': 694068875}
2026-07-25T08:58:05Z progress done=5914 stats={'ok': 5568, 'parking': 0, 'fail': 346, 'skip': 0, 'bytes': 694663526}
2026-07-25T08:58:12Z progress done=5919 stats={'ok': 5573, 'parking': 0, 'fail': 346, 'skip': 0, 'bytes': 695400187}
2026-07-25T08:58:27Z progress done=5924 stats={'ok': 5578, 'parking': 0, 'fail': 346, 'skip': 0, 'bytes': 696134064}
2026-07-25T08:58:45Z progress done=5929 stats={'ok': 5583, 'parking': 0, 'fail': 346, 'skip': 0, 'bytes': 696867105}
2026-07-25T08:59:18Z progress done=5934 stats={'ok': 5587, 'parking': 0, 'fail': 347, 'skip': 0, 'bytes': 697457079}
2026-07-25T08:59:25Z progress done=5939 stats={'ok': 5592, 'parking': 0, 'fail': 347, 'skip': 0, 'bytes': 698193801}
2026-07-25T08:59:43Z progress done=5944 stats={'ok': 5597, 'parking': 0, 'fail': 347, 'skip': 0, 'bytes': 698938494}
2026-07-25T08:59:59Z progress done=5949 stats={'ok': 5602, 'parking': 0, 'fail': 347, 'skip': 0, 'bytes': 699688001}
2026-07-25T09:00:21Z progress done=5954 stats={'ok': 5607, 'parking': 0, 'fail': 347, 'skip': 0, 'bytes': 700435748}
2026-07-25T09:00:33Z progress done=5959 stats={'ok': 5612, 'parking': 0, 'fail': 347, 'skip': 0, 'bytes': 701195119}
2026-07-25T09:00:48Z progress done=5964 stats={'ok': 5617, 'parking': 0, 'fail': 347, 'skip': 0, 'bytes': 701939307}
2026-07-25T09:01:11Z progress done=5969 stats={'ok': 5621, 'parking': 0, 'fail': 348, 'skip': 0, 'bytes': 702523745}
2026-07-25T09:01:26Z progress done=5974 stats={'ok': 5626, 'parking': 0, 'fail': 348, 'skip': 0, 'bytes': 703278314}
2026-07-25T09:01:35Z progress done=5979 stats={'ok': 5631, 'parking': 0, 'fail': 348, 'skip': 0, 'bytes': 704021780}
2026-07-25T09:01:57Z progress done=5984 stats={'ok': 5635, 'parking': 0, 'fail': 349, 'skip': 0, 'bytes': 704611318}
2026-07-25T09:02:22Z progress done=5989 stats={'ok': 5639, 'parking': 0, 'fail': 350, 'skip': 0, 'bytes': 705238194}
2026-07-25T09:02:33Z progress done=5994 stats={'ok': 5644, 'parking': 0, 'fail': 350, 'skip': 0, 'bytes': 705973530}
2026-07-25T09:02:42Z progress done=5999 stats={'ok': 5649, 'parking': 0, 'fail': 350, 'skip': 0, 'bytes': 706721949}
2026-07-25T09:03:06Z progress done=6004 stats={'ok': 5653, 'parking': 0, 'fail': 351, 'skip': 0, 'bytes': 707313031}
2026-07-25T09:03:28Z progress done=6009 stats={'ok': 5656, 'parking': 0, 'fail': 353, 'skip': 0, 'bytes': 707760200}
2026-07-25T09:03:35Z progress done=6014 stats={'ok': 5661, 'parking': 0, 'fail': 353, 'skip': 0, 'bytes': 708502840}
2026-07-25T09:03:52Z progress done=6019 stats={'ok': 5666, 'parking': 0, 'fail': 353, 'skip': 0, 'bytes': 709263116}
2026-07-25T09:04:13Z progress done=6024 stats={'ok': 5671, 'parking': 0, 'fail': 353, 'skip': 0, 'bytes': 710011819}
2026-07-25T09:04:41Z progress done=6029 stats={'ok': 5675, 'parking': 0, 'fail': 354, 'skip': 0, 'bytes': 710606821}
2026-07-25T09:04:49Z progress done=6034 stats={'ok': 5680, 'parking': 0, 'fail': 354, 'skip': 0, 'bytes': 711360690}
2026-07-25T09:05:04Z progress done=6039 stats={'ok': 5685, 'parking': 0, 'fail': 354, 'skip': 0, 'bytes': 712104901}
2026-07-25T09:05:35Z progress done=6044 stats={'ok': 5689, 'parking': 0, 'fail': 355, 'skip': 0, 'bytes': 712701558}
2026-07-25T09:05:48Z progress done=6049 stats={'ok': 5694, 'parking': 0, 'fail': 355, 'skip': 0, 'bytes': 713457080}
2026-07-25T09:06:02Z progress done=6054 stats={'ok': 5699, 'parking': 0, 'fail': 355, 'skip': 0, 'bytes': 714208665}
2026-07-25T09:06:10Z progress done=6059 stats={'ok': 5704, 'parking': 0, 'fail': 355, 'skip': 0, 'bytes': 714959413}
2026-07-25T09:06:48Z progress done=6064 stats={'ok': 5708, 'parking': 0, 'fail': 356, 'skip': 0, 'bytes': 715552642}
2026-07-25T09:06:57Z progress done=6069 stats={'ok': 5713, 'parking': 0, 'fail': 356, 'skip': 0, 'bytes': 716300688}
2026-07-25T09:07:11Z progress done=6074 stats={'ok': 5718, 'parking': 0, 'fail': 356, 'skip': 0, 'bytes': 717038156}
2026-07-25T09:07:18Z progress done=6079 stats={'ok': 5723, 'parking': 0, 'fail': 356, 'skip': 0, 'bytes': 717781490}
2026-07-25T09:07:50Z progress done=6084 stats={'ok': 5727, 'parking': 0, 'fail': 357, 'skip': 0, 'bytes': 718381262}
2026-07-25T09:08:06Z progress done=6089 stats={'ok': 5732, 'parking': 0, 'fail': 357, 'skip': 0, 'bytes': 719117834}
2026-07-25T09:08:52Z progress done=6094 stats={'ok': 5736, 'parking': 0, 'fail': 358, 'skip': 0, 'bytes': 719713222}
2026-07-25T09:08:59Z progress done=6099 stats={'ok': 5741, 'parking': 0, 'fail': 358, 'skip': 0, 'bytes': 720448426}
2026-07-25T09:09:06Z progress done=6104 stats={'ok': 5746, 'parking': 0, 'fail': 358, 'skip': 0, 'bytes': 721185911}
2026-07-25T09:09:25Z progress done=6109 stats={'ok': 5751, 'parking': 0, 'fail': 358, 'skip': 0, 'bytes': 721939042}
2026-07-25T09:09:53Z progress done=6114 stats={'ok': 5755, 'parking': 0, 'fail': 359, 'skip': 0, 'bytes': 722525723}
2026-07-25T09:10:08Z progress done=6119 stats={'ok': 5760, 'parking': 0, 'fail': 359, 'skip': 0, 'bytes': 723266969}
2026-07-25T09:10:18Z progress done=6124 stats={'ok': 5765, 'parking': 0, 'fail': 359, 'skip': 0, 'bytes': 724008384}
2026-07-25T09:10:33Z progress done=6129 stats={'ok': 5770, 'parking': 0, 'fail': 359, 'skip': 0, 'bytes': 724740612}
2026-07-25T09:11:12Z progress done=6134 stats={'ok': 5773, 'parking': 0, 'fail': 361, 'skip': 0, 'bytes': 725180771}
2026-07-25T09:11:23Z progress done=6139 stats={'ok': 5778, 'parking': 0, 'fail': 361, 'skip': 0, 'bytes': 725937308}
2026-07-25T09:11:32Z progress done=6144 stats={'ok': 5783, 'parking': 0, 'fail': 361, 'skip': 0, 'bytes': 726683048}
2026-07-25T09:11:54Z progress done=6149 stats={'ok': 5787, 'parking': 0, 'fail': 362, 'skip': 0, 'bytes': 727274309}
2026-07-25T09:12:15Z progress done=6154 stats={'ok': 5791, 'parking': 0, 'fail': 363, 'skip': 0, 'bytes': 727872194}
2026-07-25T09:12:32Z progress done=6159 stats={'ok': 5796, 'parking': 0, 'fail': 363, 'skip': 0, 'bytes': 728619115}
2026-07-25T09:12:45Z progress done=6164 stats={'ok': 5801, 'parking': 0, 'fail': 363, 'skip': 0, 'bytes': 729363837}
2026-07-25T09:13:02Z progress done=6169 stats={'ok': 5806, 'parking': 0, 'fail': 363, 'skip': 0, 'bytes': 730117501}
2026-07-25T09:13:20Z progress done=6174 stats={'ok': 5811, 'parking': 0, 'fail': 363, 'skip': 0, 'bytes': 730877444}
2026-07-25T09:13:36Z progress done=6179 stats={'ok': 5816, 'parking': 0, 'fail': 363, 'skip': 0, 'bytes': 731615678}
2026-07-25T09:14:02Z progress done=6184 stats={'ok': 5821, 'parking': 0, 'fail': 363, 'skip': 0, 'bytes': 732351206}
2026-07-25T09:14:13Z progress done=6189 stats={'ok': 5826, 'parking': 0, 'fail': 363, 'skip': 0, 'bytes': 733091111}
2026-07-25T09:14:32Z progress done=6194 stats={'ok': 5831, 'parking': 0, 'fail': 363, 'skip': 0, 'bytes': 733834535}
2026-07-25T09:14:45Z progress done=6199 stats={'ok': 5835, 'parking': 0, 'fail': 364, 'skip': 0, 'bytes': 734422395}
2026-07-25T09:15:15Z progress done=6204 stats={'ok': 5839, 'parking': 0, 'fail': 365, 'skip': 0, 'bytes': 735023732}
2026-07-25T09:15:31Z progress done=6209 stats={'ok': 5844, 'parking': 0, 'fail': 365, 'skip': 0, 'bytes': 735763909}
2026-07-25T09:15:44Z progress done=6214 stats={'ok': 5849, 'parking': 0, 'fail': 365, 'skip': 0, 'bytes': 736514281}
2026-07-25T09:16:03Z progress done=6219 stats={'ok': 5854, 'parking': 0, 'fail': 365, 'skip': 0, 'bytes': 737266753}
2026-07-25T09:16:35Z progress done=6224 stats={'ok': 5859, 'parking': 0, 'fail': 365, 'skip': 0, 'bytes': 738004057}
2026-07-25T09:16:51Z progress done=6229 stats={'ok': 5864, 'parking': 0, 'fail': 365, 'skip': 0, 'bytes': 738745028}
2026-07-25T09:17:00Z progress done=6234 stats={'ok': 5869, 'parking': 0, 'fail': 365, 'skip': 0, 'bytes': 739484312}
2026-07-25T09:17:24Z progress done=6239 stats={'ok': 5874, 'parking': 0, 'fail': 365, 'skip': 0, 'bytes': 740247050}
2026-07-25T09:17:53Z progress done=6244 stats={'ok': 5878, 'parking': 0, 'fail': 366, 'skip': 0, 'bytes': 740843292}
2026-07-25T09:18:01Z progress done=6249 stats={'ok': 5883, 'parking': 0, 'fail': 366, 'skip': 0, 'bytes': 741589110}
2026-07-25T09:18:19Z progress done=6254 stats={'ok': 5888, 'parking': 0, 'fail': 366, 'skip': 0, 'bytes': 742325622}
2026-07-25T09:18:35Z progress done=6259 stats={'ok': 5893, 'parking': 0, 'fail': 366, 'skip': 0, 'bytes': 743063495}
2026-07-25T09:18:58Z progress done=6264 stats={'ok': 5898, 'parking': 0, 'fail': 366, 'skip': 0, 'bytes': 743807062}
2026-07-25T09:19:10Z progress done=6269 stats={'ok': 5903, 'parking': 0, 'fail': 366, 'skip': 0, 'bytes': 744540804}
2026-07-25T09:19:27Z progress done=6274 stats={'ok': 5908, 'parking': 0, 'fail': 366, 'skip': 0, 'bytes': 745289132}
2026-07-25T09:19:59Z progress done=6279 stats={'ok': 5912, 'parking': 0, 'fail': 367, 'skip': 0, 'bytes': 745893646}
2026-07-25T09:20:06Z progress done=6284 stats={'ok': 5917, 'parking': 0, 'fail': 367, 'skip': 0, 'bytes': 746642388}
2026-07-25T09:20:28Z progress done=6289 stats={'ok': 5921, 'parking': 0, 'fail': 368, 'skip': 0, 'bytes': 747237678}
2026-07-25T09:20:35Z progress done=6294 stats={'ok': 5926, 'parking': 0, 'fail': 368, 'skip': 0, 'bytes': 747969643}
2026-07-25T09:21:01Z progress done=6299 stats={'ok': 5931, 'parking': 0, 'fail': 368, 'skip': 0, 'bytes': 748721425}
2026-07-25T09:21:09Z progress done=6304 stats={'ok': 5936, 'parking': 0, 'fail': 368, 'skip': 0, 'bytes': 749469560}
2026-07-25T09:21:39Z progress done=6309 stats={'ok': 5941, 'parking': 0, 'fail': 368, 'skip': 0, 'bytes': 750206160}
2026-07-25T09:21:47Z progress done=6314 stats={'ok': 5946, 'parking': 0, 'fail': 368, 'skip': 0, 'bytes': 750967349}
2026-07-25T09:22:04Z progress done=6319 stats={'ok': 5951, 'parking': 0, 'fail': 368, 'skip': 0, 'bytes': 751704860}
2026-07-25T09:22:21Z progress done=6324 stats={'ok': 5956, 'parking': 0, 'fail': 368, 'skip': 0, 'bytes': 752455366}
2026-07-25T09:22:46Z progress done=6329 stats={'ok': 5960, 'parking': 0, 'fail': 369, 'skip': 0, 'bytes': 753052788}
2026-07-25T09:22:54Z progress done=6334 stats={'ok': 5965, 'parking': 0, 'fail': 369, 'skip': 0, 'bytes': 753789522}
2026-07-25T09:23:05Z progress done=6339 stats={'ok': 5970, 'parking': 0, 'fail': 369, 'skip': 0, 'bytes': 754534509}
2026-07-25T09:23:29Z progress done=6344 stats={'ok': 5974, 'parking': 0, 'fail': 370, 'skip': 0, 'bytes': 755136464}
2026-07-25T09:23:51Z progress done=6349 stats={'ok': 5978, 'parking': 0, 'fail': 371, 'skip': 0, 'bytes': 755733054}
2026-07-25T09:23:58Z progress done=6354 stats={'ok': 5983, 'parking': 0, 'fail': 371, 'skip': 0, 'bytes': 756474607}
2026-07-25T09:24:12Z progress done=6359 stats={'ok': 5988, 'parking': 0, 'fail': 371, 'skip': 0, 'bytes': 757229379}
2026-07-25T09:24:34Z progress done=6364 stats={'ok': 5993, 'parking': 0, 'fail': 371, 'skip': 0, 'bytes': 757975704}
2026-07-25T09:24:59Z progress done=6369 stats={'ok': 5997, 'parking': 0, 'fail': 372, 'skip': 0, 'bytes': 758569427}
2026-07-25T09:25:07Z progress done=6374 stats={'ok': 6001, 'parking': 0, 'fail': 373, 'skip': 0, 'bytes': 759157405}
2026-07-25T09:25:20Z progress done=6379 stats={'ok': 6006, 'parking': 0, 'fail': 373, 'skip': 0, 'bytes': 759910396}
2026-07-25T09:25:48Z progress done=6384 stats={'ok': 6010, 'parking': 0, 'fail': 374, 'skip': 0, 'bytes': 760511130}
2026-07-25T09:26:03Z progress done=6389 stats={'ok': 6015, 'parking': 0, 'fail': 374, 'skip': 0, 'bytes': 761257617}
2026-07-25T09:26:13Z progress done=6394 stats={'ok': 6020, 'parking': 0, 'fail': 374, 'skip': 0, 'bytes': 762012994}
2026-07-25T09:26:32Z progress done=6399 stats={'ok': 6025, 'parking': 0, 'fail': 374, 'skip': 0, 'bytes': 762750838}
2026-07-25T09:27:04Z progress done=6404 stats={'ok': 6030, 'parking': 0, 'fail': 374, 'skip': 0, 'bytes': 763487407}
2026-07-25T09:27:19Z progress done=6409 stats={'ok': 6035, 'parking': 0, 'fail': 374, 'skip': 0, 'bytes': 764232375}
2026-07-25T09:27:27Z progress done=6414 stats={'ok': 6040, 'parking': 0, 'fail': 374, 'skip': 0, 'bytes': 764967929}
2026-07-25T09:27:47Z progress done=6419 stats={'ok': 6045, 'parking': 0, 'fail': 374, 'skip': 0, 'bytes': 765725752}
2026-07-25T09:28:08Z progress done=6424 stats={'ok': 6050, 'parking': 0, 'fail': 374, 'skip': 0, 'bytes': 766465317}
2026-07-25T09:28:24Z progress done=6429 stats={'ok': 6055, 'parking': 0, 'fail': 374, 'skip': 0, 'bytes': 767220790}
2026-07-25T09:28:37Z progress done=6434 stats={'ok': 6060, 'parking': 0, 'fail': 374, 'skip': 0, 'bytes': 767981187}
2026-07-25T09:28:58Z progress done=6439 stats={'ok': 6064, 'parking': 0, 'fail': 375, 'skip': 0, 'bytes': 768607932}
2026-07-25T09:29:20Z progress done=6444 stats={'ok': 6068, 'parking': 0, 'fail': 376, 'skip': 0, 'bytes': 769196306}
2026-07-25T09:29:29Z progress done=6449 stats={'ok': 6073, 'parking': 0, 'fail': 376, 'skip': 0, 'bytes': 769949395}
2026-07-25T09:29:39Z progress done=6454 stats={'ok': 6078, 'parking': 0, 'fail': 376, 'skip': 0, 'bytes': 770696197}
2026-07-25T09:30:03Z progress done=6459 stats={'ok': 6082, 'parking': 0, 'fail': 377, 'skip': 0, 'bytes': 771288074}
2026-07-25T09:30:26Z progress done=6464 stats={'ok': 6086, 'parking': 0, 'fail': 378, 'skip': 0, 'bytes': 771873262}
2026-07-25T09:30:33Z progress done=6469 stats={'ok': 6091, 'parking': 0, 'fail': 378, 'skip': 0, 'bytes': 772611009}
2026-07-25T09:31:07Z progress done=6474 stats={'ok': 6095, 'parking': 0, 'fail': 379, 'skip': 0, 'bytes': 773214115}
2026-07-25T09:31:20Z progress done=6479 stats={'ok': 6100, 'parking': 0, 'fail': 379, 'skip': 0, 'bytes': 773950430}
2026-07-25T09:31:32Z progress done=6484 stats={'ok': 6105, 'parking': 0, 'fail': 379, 'skip': 0, 'bytes': 774689647}
2026-07-25T09:31:56Z progress done=6489 stats={'ok': 6109, 'parking': 0, 'fail': 380, 'skip': 0, 'bytes': 775279036}
2026-07-25T09:32:12Z progress done=6494 stats={'ok': 6114, 'parking': 0, 'fail': 380, 'skip': 0, 'bytes': 776014840}
2026-07-25T09:32:30Z progress done=6499 stats={'ok': 6119, 'parking': 0, 'fail': 380, 'skip': 0, 'bytes': 776763620}
2026-07-25T09:32:41Z progress done=6504 stats={'ok': 6124, 'parking': 0, 'fail': 380, 'skip': 0, 'bytes': 777525884}
2026-07-25T09:33:06Z progress done=6509 stats={'ok': 6128, 'parking': 0, 'fail': 381, 'skip': 0, 'bytes': 778116558}
2026-07-25T09:33:21Z progress done=6514 stats={'ok': 6133, 'parking': 0, 'fail': 381, 'skip': 0, 'bytes': 778874664}
2026-07-25T09:33:33Z progress done=6519 stats={'ok': 6138, 'parking': 0, 'fail': 381, 'skip': 0, 'bytes': 779607083}
2026-07-25T09:33:43Z progress done=6524 stats={'ok': 6143, 'parking': 0, 'fail': 381, 'skip': 0, 'bytes': 780350391}
2026-07-25T09:34:13Z progress done=6529 stats={'ok': 6147, 'parking': 0, 'fail': 382, 'skip': 0, 'bytes': 780940449}
2026-07-25T09:34:25Z progress done=6534 stats={'ok': 6152, 'parking': 0, 'fail': 382, 'skip': 0, 'bytes': 781684252}
2026-07-25T09:34:40Z progress done=6539 stats={'ok': 6157, 'parking': 0, 'fail': 382, 'skip': 0, 'bytes': 782432667}
2026-07-25T09:35:01Z progress done=6544 stats={'ok': 6162, 'parking': 0, 'fail': 382, 'skip': 0, 'bytes': 783167253}
2026-07-25T09:35:18Z progress done=6549 stats={'ok': 6167, 'parking': 0, 'fail': 382, 'skip': 0, 'bytes': 783930701}
2026-07-25T09:35:34Z progress done=6554 stats={'ok': 6172, 'parking': 0, 'fail': 382, 'skip': 0, 'bytes': 784679389}
2026-07-25T09:35:46Z progress done=6559 stats={'ok': 6177, 'parking': 0, 'fail': 382, 'skip': 0, 'bytes': 785411838}
2026-07-25T09:36:10Z progress done=6564 stats={'ok': 6181, 'parking': 0, 'fail': 383, 'skip': 0, 'bytes': 785991576}
2026-07-25T09:36:22Z progress done=6569 stats={'ok': 6186, 'parking': 0, 'fail': 383, 'skip': 0, 'bytes': 786750908}
2026-07-25T09:36:35Z progress done=6574 stats={'ok': 6191, 'parking': 0, 'fail': 383, 'skip': 0, 'bytes': 787505837}
2026-07-25T09:36:48Z progress done=6579 stats={'ok': 6196, 'parking': 0, 'fail': 383, 'skip': 0, 'bytes': 788264279}
2026-07-25T09:37:11Z progress done=6584 stats={'ok': 6200, 'parking': 0, 'fail': 384, 'skip': 0, 'bytes': 788855810}
2026-07-25T09:37:35Z progress done=6589 stats={'ok': 6205, 'parking': 0, 'fail': 384, 'skip': 0, 'bytes': 789591597}
2026-07-25T09:37:46Z progress done=6594 stats={'ok': 6210, 'parking': 0, 'fail': 384, 'skip': 0, 'bytes': 790325405}
2026-07-25T09:38:09Z progress done=6599 stats={'ok': 6214, 'parking': 0, 'fail': 385, 'skip': 0, 'bytes': 790915356}
2026-07-25T09:38:23Z progress done=6604 stats={'ok': 6219, 'parking': 0, 'fail': 385, 'skip': 0, 'bytes': 791642530}
2026-07-25T09:38:40Z progress done=6609 stats={'ok': 6224, 'parking': 0, 'fail': 385, 'skip': 0, 'bytes': 792385846}
2026-07-25T09:38:51Z progress done=6614 stats={'ok': 6229, 'parking': 0, 'fail': 385, 'skip': 0, 'bytes': 793130992}
2026-07-25T09:38:58Z progress done=6619 stats={'ok': 6234, 'parking': 0, 'fail': 385, 'skip': 0, 'bytes': 793886487}
2026-07-25T09:39:21Z progress done=6624 stats={'ok': 6238, 'parking': 0, 'fail': 386, 'skip': 0, 'bytes': 794472818}
2026-07-25T09:39:43Z progress done=6629 stats={'ok': 6243, 'parking': 0, 'fail': 386, 'skip': 0, 'bytes': 795211416}
2026-07-25T09:39:57Z progress done=6634 stats={'ok': 6248, 'parking': 0, 'fail': 386, 'skip': 0, 'bytes': 795946712}
2026-07-25T09:40:17Z progress done=6639 stats={'ok': 6253, 'parking': 0, 'fail': 386, 'skip': 0, 'bytes': 796686151}
2026-07-25T09:40:25Z progress done=6644 stats={'ok': 6258, 'parking': 0, 'fail': 386, 'skip': 0, 'bytes': 797442553}
2026-07-25T09:40:47Z progress done=6649 stats={'ok': 6262, 'parking': 0, 'fail': 387, 'skip': 0, 'bytes': 798030456}
2026-07-25T09:41:09Z progress done=6654 stats={'ok': 6267, 'parking': 0, 'fail': 387, 'skip': 0, 'bytes': 798776832}
2026-07-25T09:41:30Z progress done=6659 stats={'ok': 6271, 'parking': 0, 'fail': 388, 'skip': 0, 'bytes': 799376869}
2026-07-25T09:41:41Z progress done=6664 stats={'ok': 6276, 'parking': 0, 'fail': 388, 'skip': 0, 'bytes': 800130753}
2026-07-25T09:41:50Z progress done=6669 stats={'ok': 6281, 'parking': 0, 'fail': 388, 'skip': 0, 'bytes': 800853982}
2026-07-25T09:42:13Z progress done=6674 stats={'ok': 6286, 'parking': 0, 'fail': 388, 'skip': 0, 'bytes': 801599468}
2026-07-25T09:42:34Z progress done=6679 stats={'ok': 6290, 'parking': 0, 'fail': 389, 'skip': 0, 'bytes': 802176005}
2026-07-25T09:42:48Z progress done=6684 stats={'ok': 6295, 'parking': 0, 'fail': 389, 'skip': 0, 'bytes': 802928265}
2026-07-25T09:43:03Z progress done=6689 stats={'ok': 6300, 'parking': 0, 'fail': 389, 'skip': 0, 'bytes': 803674552}
2026-07-25T09:43:18Z progress done=6694 stats={'ok': 6305, 'parking': 0, 'fail': 389, 'skip': 0, 'bytes': 804408050}
2026-07-25T09:43:41Z progress done=6699 stats={'ok': 6309, 'parking': 0, 'fail': 390, 'skip': 0, 'bytes': 805000493}
2026-07-25T09:43:55Z progress done=6704 stats={'ok': 6314, 'parking': 0, 'fail': 390, 'skip': 0, 'bytes': 805748974}
2026-07-25T09:44:12Z progress done=6709 stats={'ok': 6319, 'parking': 0, 'fail': 390, 'skip': 0, 'bytes': 806478275}
2026-07-25T09:44:23Z progress done=6714 stats={'ok': 6324, 'parking': 0, 'fail': 390, 'skip': 0, 'bytes': 807225178}
2026-07-25T09:44:45Z progress done=6719 stats={'ok': 6329, 'parking': 0, 'fail': 390, 'skip': 0, 'bytes': 807958714}
2026-07-25T09:45:06Z progress done=6724 stats={'ok': 6334, 'parking': 0, 'fail': 390, 'skip': 0, 'bytes': 808685113}
2026-07-25T09:45:13Z progress done=6729 stats={'ok': 6339, 'parking': 0, 'fail': 390, 'skip': 0, 'bytes': 809421627}
2026-07-25T09:45:36Z progress done=6734 stats={'ok': 6343, 'parking': 0, 'fail': 391, 'skip': 0, 'bytes': 810008448}
2026-07-25T09:45:58Z progress done=6739 stats={'ok': 6347, 'parking': 0, 'fail': 392, 'skip': 0, 'bytes': 810591606}
2026-07-25T09:46:27Z progress done=6744 stats={'ok': 6352, 'parking': 0, 'fail': 392, 'skip': 0, 'bytes': 811327927}
2026-07-25T09:46:50Z progress done=6749 stats={'ok': 6357, 'parking': 0, 'fail': 392, 'skip': 0, 'bytes': 812086950}
2026-07-25T09:47:09Z progress done=6754 stats={'ok': 6362, 'parking': 0, 'fail': 392, 'skip': 0, 'bytes': 812819626}
2026-07-25T09:47:20Z progress done=6759 stats={'ok': 6367, 'parking': 0, 'fail': 392, 'skip': 0, 'bytes': 813555736}
2026-07-25T09:47:43Z progress done=6764 stats={'ok': 6372, 'parking': 0, 'fail': 392, 'skip': 0, 'bytes': 814306209}
2026-07-25T09:48:02Z progress done=6769 stats={'ok': 6377, 'parking': 0, 'fail': 392, 'skip': 0, 'bytes': 815071771}
2026-07-25T09:48:27Z progress done=6774 stats={'ok': 6382, 'parking': 0, 'fail': 392, 'skip': 0, 'bytes': 815803686}
2026-07-25T09:48:52Z progress done=6779 stats={'ok': 6387, 'parking': 0, 'fail': 392, 'skip': 0, 'bytes': 816537851}
2026-07-25T09:49:04Z progress done=6784 stats={'ok': 6392, 'parking': 0, 'fail': 392, 'skip': 0, 'bytes': 817294509}
2026-07-25T09:49:29Z progress done=6789 stats={'ok': 6397, 'parking': 0, 'fail': 392, 'skip': 0, 'bytes': 818031614}
2026-07-25T09:49:41Z progress done=6794 stats={'ok': 6402, 'parking': 0, 'fail': 392, 'skip': 0, 'bytes': 818761554}
2026-07-25T09:50:15Z progress done=6799 stats={'ok': 6407, 'parking': 0, 'fail': 392, 'skip': 0, 'bytes': 819516428}
2026-07-25T09:50:38Z progress done=6804 stats={'ok': 6412, 'parking': 0, 'fail': 392, 'skip': 0, 'bytes': 820259471}
2026-07-25T09:50:50Z progress done=6809 stats={'ok': 6417, 'parking': 0, 'fail': 392, 'skip': 0, 'bytes': 821004393}
2026-07-25T09:50:59Z progress done=6814 stats={'ok': 6422, 'parking': 0, 'fail': 392, 'skip': 0, 'bytes': 821746690}
2026-07-25T09:51:19Z progress done=6819 stats={'ok': 6427, 'parking': 0, 'fail': 392, 'skip': 0, 'bytes': 822498197}
2026-07-25T09:51:43Z progress done=6824 stats={'ok': 6431, 'parking': 0, 'fail': 393, 'skip': 0, 'bytes': 823098472}
2026-07-25T09:51:57Z progress done=6829 stats={'ok': 6436, 'parking': 0, 'fail': 393, 'skip': 0, 'bytes': 823848923}
2026-07-25T09:52:15Z progress done=6834 stats={'ok': 6441, 'parking': 0, 'fail': 393, 'skip': 0, 'bytes': 824604229}
2026-07-25T09:52:32Z progress done=6839 stats={'ok': 6446, 'parking': 0, 'fail': 393, 'skip': 0, 'bytes': 825354861}
2026-07-25T09:52:56Z progress done=6844 stats={'ok': 6451, 'parking': 0, 'fail': 393, 'skip': 0, 'bytes': 826092748}
2026-07-25T09:53:03Z progress done=6849 stats={'ok': 6456, 'parking': 0, 'fail': 393, 'skip': 0, 'bytes': 826835196}
2026-07-25T09:53:20Z progress done=6854 stats={'ok': 6461, 'parking': 0, 'fail': 393, 'skip': 0, 'bytes': 827579845}
2026-07-25T09:53:40Z progress done=6859 stats={'ok': 6466, 'parking': 0, 'fail': 393, 'skip': 0, 'bytes': 828312757}
2026-07-25T09:54:05Z progress done=6864 stats={'ok': 6470, 'parking': 0, 'fail': 394, 'skip': 0, 'bytes': 828915513}
2026-07-25T09:54:13Z progress done=6869 stats={'ok': 6475, 'parking': 0, 'fail': 394, 'skip': 0, 'bytes': 829640359}
2026-07-25T09:54:23Z progress done=6874 stats={'ok': 6480, 'parking': 0, 'fail': 394, 'skip': 0, 'bytes': 830373662}
2026-07-25T09:54:46Z progress done=6879 stats={'ok': 6484, 'parking': 0, 'fail': 395, 'skip': 0, 'bytes': 830960818}
2026-07-25T09:55:08Z progress done=6884 stats={'ok': 6488, 'parking': 0, 'fail': 396, 'skip': 0, 'bytes': 831564098}
2026-07-25T09:55:20Z progress done=6889 stats={'ok': 6493, 'parking': 0, 'fail': 396, 'skip': 0, 'bytes': 832327296}
2026-07-25T09:55:28Z progress done=6894 stats={'ok': 6498, 'parking': 0, 'fail': 396, 'skip': 0, 'bytes': 833071867}
2026-07-25T09:55:52Z progress done=6899 stats={'ok': 6502, 'parking': 0, 'fail': 397, 'skip': 0, 'bytes': 833656680}
2026-07-25T09:56:16Z progress done=6904 stats={'ok': 6506, 'parking': 0, 'fail': 398, 'skip': 0, 'bytes': 834254499}
2026-07-25T09:56:23Z progress done=6909 stats={'ok': 6511, 'parking': 0, 'fail': 398, 'skip': 0, 'bytes': 834999990}
2026-07-25T09:56:31Z progress done=6914 stats={'ok': 6516, 'parking': 0, 'fail': 398, 'skip': 0, 'bytes': 835749971}
2026-07-25T09:56:51Z progress done=6919 stats={'ok': 6521, 'parking': 0, 'fail': 398, 'skip': 0, 'bytes': 836513792}
2026-07-25T09:57:22Z progress done=6924 stats={'ok': 6525, 'parking': 0, 'fail': 399, 'skip': 0, 'bytes': 837107767}
2026-07-25T09:57:31Z progress done=6929 stats={'ok': 6530, 'parking': 0, 'fail': 399, 'skip': 0, 'bytes': 837842268}
2026-07-25T09:57:54Z progress done=6934 stats={'ok': 6534, 'parking': 0, 'fail': 400, 'skip': 0, 'bytes': 838446055}
2026-07-25T09:58:07Z progress done=6939 stats={'ok': 6539, 'parking': 0, 'fail': 400, 'skip': 0, 'bytes': 839193273}
2026-07-25T09:58:30Z progress done=6944 stats={'ok': 6544, 'parking': 0, 'fail': 400, 'skip': 0, 'bytes': 839926845}
2026-07-25T09:58:53Z progress done=6949 stats={'ok': 6548, 'parking': 0, 'fail': 401, 'skip': 0, 'bytes': 840514004}
2026-07-25T09:59:02Z progress done=6954 stats={'ok': 6553, 'parking': 0, 'fail': 401, 'skip': 0, 'bytes': 841256033}
2026-07-25T09:59:18Z progress done=6959 stats={'ok': 6558, 'parking': 0, 'fail': 401, 'skip': 0, 'bytes': 842002139}
2026-07-25T09:59:35Z progress done=6964 stats={'ok': 6563, 'parking': 0, 'fail': 401, 'skip': 0, 'bytes': 842744022}
2026-07-25T10:00:01Z progress done=6969 stats={'ok': 6567, 'parking': 0, 'fail': 402, 'skip': 0, 'bytes': 843326103}
2026-07-25T16:02:08Z P2 start sleep=0.85s max=unlimited done_already=6971
2026-07-25T16:02:08Z queue size after filters: 59422
2026-07-25T16:02:16Z progress done=6976 stats={'ok': 6574, 'parking': 0, 'fail': 402, 'skip': 0, 'bytes': 844357926}
2026-07-25T16:02:23Z progress done=6981 stats={'ok': 6579, 'parking': 0, 'fail': 402, 'skip': 0, 'bytes': 845095059}
2026-07-25T16:02:32Z progress done=6986 stats={'ok': 6584, 'parking': 0, 'fail': 402, 'skip': 0, 'bytes': 845837890}
2026-07-25T16:02:39Z progress done=6991 stats={'ok': 6589, 'parking': 0, 'fail': 402, 'skip': 0, 'bytes': 846564647}
2026-07-25T16:03:18Z progress done=6996 stats={'ok': 6592, 'parking': 0, 'fail': 404, 'skip': 0, 'bytes': 847012330}
2026-07-25T16:03:29Z progress done=7001 stats={'ok': 6597, 'parking': 0, 'fail': 404, 'skip': 0, 'bytes': 847749422}
2026-07-25T16:03:38Z progress done=7006 stats={'ok': 6602, 'parking': 0, 'fail': 404, 'skip': 0, 'bytes': 848491558}
2026-07-25T16:03:46Z progress done=7011 stats={'ok': 6607, 'parking': 0, 'fail': 404, 'skip': 0, 'bytes': 849232405}
2026-07-25T16:04:19Z progress done=7016 stats={'ok': 6611, 'parking': 0, 'fail': 405, 'skip': 0, 'bytes': 849837188}
2026-07-25T16:04:35Z progress done=7021 stats={'ok': 6616, 'parking': 0, 'fail': 405, 'skip': 0, 'bytes': 850592953}
2026-07-25T16:04:46Z progress done=7026 stats={'ok': 6621, 'parking': 0, 'fail': 405, 'skip': 0, 'bytes': 851360908}
2026-07-25T16:05:10Z progress done=7031 stats={'ok': 6625, 'parking': 0, 'fail': 406, 'skip': 0, 'bytes': 851949809}
2026-07-25T16:05:26Z progress done=7036 stats={'ok': 6630, 'parking': 0, 'fail': 406, 'skip': 0, 'bytes': 852692557}
2026-07-25T16:05:48Z progress done=7041 stats={'ok': 6635, 'parking': 0, 'fail': 406, 'skip': 0, 'bytes': 853460053}
2026-07-25T16:05:58Z progress done=7046 stats={'ok': 6640, 'parking': 0, 'fail': 406, 'skip': 0, 'bytes': 854189811}
2026-07-25T16:06:13Z progress done=7051 stats={'ok': 6645, 'parking': 0, 'fail': 406, 'skip': 0, 'bytes': 854941404}
2026-07-25T16:06:32Z progress done=7056 stats={'ok': 6650, 'parking': 0, 'fail': 406, 'skip': 0, 'bytes': 855688406}
2026-07-25T16:06:56Z progress done=7061 stats={'ok': 6655, 'parking': 0, 'fail': 406, 'skip': 0, 'bytes': 856434537}
2026-07-25T16:07:06Z progress done=7066 stats={'ok': 6660, 'parking': 0, 'fail': 406, 'skip': 0, 'bytes': 857169627}
2026-07-25T16:07:23Z progress done=7071 stats={'ok': 6665, 'parking': 0, 'fail': 406, 'skip': 0, 'bytes': 857920081}
2026-07-25T16:07:55Z progress done=7076 stats={'ok': 6669, 'parking': 0, 'fail': 407, 'skip': 0, 'bytes': 858517347}
2026-07-25T16:08:07Z progress done=7081 stats={'ok': 6674, 'parking': 0, 'fail': 407, 'skip': 0, 'bytes': 859257052}
2026-07-25T16:08:19Z progress done=7086 stats={'ok': 6679, 'parking': 0, 'fail': 407, 'skip': 0, 'bytes': 859997016}
2026-07-25T16:08:38Z progress done=7091 stats={'ok': 6684, 'parking': 0, 'fail': 407, 'skip': 0, 'bytes': 860737124}
2026-07-25T16:09:04Z progress done=7096 stats={'ok': 6688, 'parking': 0, 'fail': 408, 'skip': 0, 'bytes': 861347440}
2026-07-25T16:09:16Z progress done=7101 stats={'ok': 6693, 'parking': 0, 'fail': 408, 'skip': 0, 'bytes': 862110343}
2026-07-25T16:09:30Z progress done=7106 stats={'ok': 6698, 'parking': 0, 'fail': 408, 'skip': 0, 'bytes': 862867523}
2026-07-25T16:09:44Z progress done=7111 stats={'ok': 6703, 'parking': 0, 'fail': 408, 'skip': 0, 'bytes': 863616471}
2026-07-25T16:10:14Z progress done=7116 stats={'ok': 6707, 'parking': 0, 'fail': 409, 'skip': 0, 'bytes': 864218703}
2026-07-25T16:10:26Z progress done=7121 stats={'ok': 6712, 'parking': 0, 'fail': 409, 'skip': 0, 'bytes': 864987597}
2026-07-25T16:10:43Z progress done=7126 stats={'ok': 6717, 'parking': 0, 'fail': 409, 'skip': 0, 'bytes': 865728550}
2026-07-25T16:11:04Z progress done=7131 stats={'ok': 6722, 'parking': 0, 'fail': 409, 'skip': 0, 'bytes': 866472307}
2026-07-25T16:11:21Z progress done=7136 stats={'ok': 6727, 'parking': 0, 'fail': 409, 'skip': 0, 'bytes': 867206639}
2026-07-25T16:11:38Z progress done=7141 stats={'ok': 6732, 'parking': 0, 'fail': 409, 'skip': 0, 'bytes': 867951138}
2026-07-25T16:11:48Z progress done=7146 stats={'ok': 6737, 'parking': 0, 'fail': 409, 'skip': 0, 'bytes': 868694639}
2026-07-25T16:12:12Z progress done=7151 stats={'ok': 6742, 'parking': 0, 'fail': 409, 'skip': 0, 'bytes': 869450376}
2026-07-25T16:12:29Z progress done=7156 stats={'ok': 6747, 'parking': 0, 'fail': 409, 'skip': 0, 'bytes': 870199101}
2026-07-25T16:12:42Z progress done=7161 stats={'ok': 6752, 'parking': 0, 'fail': 409, 'skip': 0, 'bytes': 870933854}
2026-07-25T16:13:00Z progress done=7166 stats={'ok': 6757, 'parking': 0, 'fail': 409, 'skip': 0, 'bytes': 871683709}
2026-07-25T16:13:20Z progress done=7171 stats={'ok': 6762, 'parking': 0, 'fail': 409, 'skip': 0, 'bytes': 872412536}
2026-07-25T16:13:33Z progress done=7176 stats={'ok': 6767, 'parking': 0, 'fail': 409, 'skip': 0, 'bytes': 873167124}
2026-07-25T16:13:53Z progress done=7181 stats={'ok': 6772, 'parking': 0, 'fail': 409, 'skip': 0, 'bytes': 873923066}
2026-07-25T16:14:14Z progress done=7186 stats={'ok': 6777, 'parking': 0, 'fail': 409, 'skip': 0, 'bytes': 874666656}
2026-07-25T16:14:29Z progress done=7191 stats={'ok': 6782, 'parking': 0, 'fail': 409, 'skip': 0, 'bytes': 875409864}
2026-07-25T16:14:48Z progress done=7196 stats={'ok': 6787, 'parking': 0, 'fail': 409, 'skip': 0, 'bytes': 876157678}
2026-07-25T16:14:59Z progress done=7201 stats={'ok': 6792, 'parking': 0, 'fail': 409, 'skip': 0, 'bytes': 876910131}
2026-07-25T16:15:22Z progress done=7206 stats={'ok': 6797, 'parking': 0, 'fail': 409, 'skip': 0, 'bytes': 877682201}
2026-07-25T16:15:43Z progress done=7211 stats={'ok': 6802, 'parking': 0, 'fail': 409, 'skip': 0, 'bytes': 878413139}
2026-07-25T16:15:52Z progress done=7216 stats={'ok': 6807, 'parking': 0, 'fail': 409, 'skip': 0, 'bytes': 879152026}
2026-07-25T16:16:10Z progress done=7221 stats={'ok': 6812, 'parking': 0, 'fail': 409, 'skip': 0, 'bytes': 879910361}
2026-07-25T16:16:46Z progress done=7226 stats={'ok': 6817, 'parking': 0, 'fail': 409, 'skip': 0, 'bytes': 880660109}
2026-07-25T16:16:55Z progress done=7231 stats={'ok': 6822, 'parking': 0, 'fail': 409, 'skip': 0, 'bytes': 881399979}
2026-07-25T16:17:09Z progress done=7236 stats={'ok': 6827, 'parking': 0, 'fail': 409, 'skip': 0, 'bytes': 882160907}
2026-07-25T16:17:32Z progress done=7241 stats={'ok': 6831, 'parking': 0, 'fail': 410, 'skip': 0, 'bytes': 882766135}
2026-07-25T16:17:51Z progress done=7246 stats={'ok': 6836, 'parking': 0, 'fail': 410, 'skip': 0, 'bytes': 883517633}
2026-07-25T16:18:03Z progress done=7251 stats={'ok': 6841, 'parking': 0, 'fail': 410, 'skip': 0, 'bytes': 884258873}
2026-07-25T16:18:11Z progress done=7256 stats={'ok': 6846, 'parking': 0, 'fail': 410, 'skip': 0, 'bytes': 885003379}
2026-07-25T16:18:24Z progress done=7261 stats={'ok': 6851, 'parking': 0, 'fail': 410, 'skip': 0, 'bytes': 885750253}
2026-07-25T16:18:53Z progress done=7266 stats={'ok': 6856, 'parking': 0, 'fail': 410, 'skip': 0, 'bytes': 886500032}
2026-07-25T16:19:09Z progress done=7271 stats={'ok': 6861, 'parking': 0, 'fail': 410, 'skip': 0, 'bytes': 887255212}
2026-07-25T16:19:19Z progress done=7276 stats={'ok': 6866, 'parking': 0, 'fail': 410, 'skip': 0, 'bytes': 887995476}
2026-07-25T16:19:48Z progress done=7281 stats={'ok': 6870, 'parking': 0, 'fail': 411, 'skip': 0, 'bytes': 888586978}
2026-07-25T16:19:58Z progress done=7286 stats={'ok': 6875, 'parking': 0, 'fail': 411, 'skip': 0, 'bytes': 889329329}
2026-07-25T16:20:09Z progress done=7291 stats={'ok': 6880, 'parking': 0, 'fail': 411, 'skip': 0, 'bytes': 890076312}
2026-07-25T16:20:35Z progress done=7296 stats={'ok': 6884, 'parking': 0, 'fail': 412, 'skip': 0, 'bytes': 890685868}
2026-07-25T16:20:53Z progress done=7301 stats={'ok': 6889, 'parking': 0, 'fail': 412, 'skip': 0, 'bytes': 891442748}
2026-07-25T16:21:10Z progress done=7306 stats={'ok': 6894, 'parking': 0, 'fail': 412, 'skip': 0, 'bytes': 892185111}
2026-07-25T16:21:22Z progress done=7311 stats={'ok': 6899, 'parking': 0, 'fail': 412, 'skip': 0, 'bytes': 892979611}
2026-07-25T16:21:38Z progress done=7316 stats={'ok': 6904, 'parking': 0, 'fail': 412, 'skip': 0, 'bytes': 893745319}
2026-07-25T16:22:15Z progress done=7321 stats={'ok': 6908, 'parking': 0, 'fail': 413, 'skip': 0, 'bytes': 894334538}
2026-07-25T16:22:26Z progress done=7326 stats={'ok': 6913, 'parking': 0, 'fail': 413, 'skip': 0, 'bytes': 895074919}
2026-07-25T16:22:38Z progress done=7331 stats={'ok': 6918, 'parking': 0, 'fail': 413, 'skip': 0, 'bytes': 895822668}
2026-07-25T16:22:49Z progress done=7336 stats={'ok': 6923, 'parking': 0, 'fail': 413, 'skip': 0, 'bytes': 896571233}
2026-07-25T16:23:25Z progress done=7341 stats={'ok': 6927, 'parking': 0, 'fail': 414, 'skip': 0, 'bytes': 897163383}
2026-07-25T16:23:35Z progress done=7346 stats={'ok': 6932, 'parking': 0, 'fail': 414, 'skip': 0, 'bytes': 897917673}
2026-07-25T16:23:58Z progress done=7351 stats={'ok': 6937, 'parking': 0, 'fail': 414, 'skip': 0, 'bytes': 898661052}
2026-07-25T16:24:13Z progress done=7356 stats={'ok': 6942, 'parking': 0, 'fail': 414, 'skip': 0, 'bytes': 899418289}
2026-07-25T16:24:28Z progress done=7361 stats={'ok': 6947, 'parking': 0, 'fail': 414, 'skip': 0, 'bytes': 900159590}
2026-07-25T16:24:39Z progress done=7366 stats={'ok': 6952, 'parking': 0, 'fail': 414, 'skip': 0, 'bytes': 900916086}
2026-07-25T16:25:06Z progress done=7371 stats={'ok': 6957, 'parking': 0, 'fail': 414, 'skip': 0, 'bytes': 901666702}
2026-07-25T16:25:27Z progress done=7376 stats={'ok': 6962, 'parking': 0, 'fail': 414, 'skip': 0, 'bytes': 902423911}
2026-07-25T16:25:44Z progress done=7381 stats={'ok': 6967, 'parking': 0, 'fail': 414, 'skip': 0, 'bytes': 903178210}
2026-07-25T16:25:53Z progress done=7386 stats={'ok': 6972, 'parking': 0, 'fail': 414, 'skip': 0, 'bytes': 903928446}
2026-07-25T16:26:18Z progress done=7391 stats={'ok': 6976, 'parking': 0, 'fail': 415, 'skip': 0, 'bytes': 904539035}
2026-07-25T16:26:39Z progress done=7396 stats={'ok': 6981, 'parking': 0, 'fail': 415, 'skip': 0, 'bytes': 905278497}
2026-07-25T16:26:50Z progress done=7401 stats={'ok': 6986, 'parking': 0, 'fail': 415, 'skip': 0, 'bytes': 906020382}
2026-07-25T16:27:13Z progress done=7406 stats={'ok': 6990, 'parking': 0, 'fail': 416, 'skip': 0, 'bytes': 906629957}
2026-07-25T16:27:30Z progress done=7411 stats={'ok': 6995, 'parking': 0, 'fail': 416, 'skip': 0, 'bytes': 907391927}
2026-07-25T16:27:43Z progress done=7416 stats={'ok': 7000, 'parking': 0, 'fail': 416, 'skip': 0, 'bytes': 908134996}
2026-07-25T16:27:53Z progress done=7421 stats={'ok': 7005, 'parking': 0, 'fail': 416, 'skip': 0, 'bytes': 908873587}
2026-07-25T16:28:21Z progress done=7426 stats={'ok': 7009, 'parking': 0, 'fail': 417, 'skip': 0, 'bytes': 909470950}
2026-07-25T16:28:29Z progress done=7431 stats={'ok': 7014, 'parking': 0, 'fail': 417, 'skip': 0, 'bytes': 910215404}
2026-07-25T16:28:46Z progress done=7436 stats={'ok': 7019, 'parking': 0, 'fail': 417, 'skip': 0, 'bytes': 910963971}
2026-07-25T16:29:15Z progress done=7441 stats={'ok': 7023, 'parking': 0, 'fail': 418, 'skip': 0, 'bytes': 911557889}
2026-07-25T16:29:27Z progress done=7446 stats={'ok': 7028, 'parking': 0, 'fail': 418, 'skip': 0, 'bytes': 912295698}
2026-07-25T16:29:37Z progress done=7451 stats={'ok': 7033, 'parking': 0, 'fail': 418, 'skip': 0, 'bytes': 913037912}
2026-07-25T16:29:58Z progress done=7456 stats={'ok': 7038, 'parking': 0, 'fail': 418, 'skip': 0, 'bytes': 913785082}
2026-07-25T16:30:24Z progress done=7461 stats={'ok': 7042, 'parking': 0, 'fail': 419, 'skip': 0, 'bytes': 914372515}
2026-07-25T16:30:39Z progress done=7466 stats={'ok': 7047, 'parking': 0, 'fail': 419, 'skip': 0, 'bytes': 915113296}
2026-07-25T16:31:08Z progress done=7471 stats={'ok': 7052, 'parking': 0, 'fail': 419, 'skip': 0, 'bytes': 915834941}
2026-07-25T16:31:23Z progress done=7476 stats={'ok': 7057, 'parking': 0, 'fail': 419, 'skip': 0, 'bytes': 916569283}
2026-07-25T16:31:37Z progress done=7481 stats={'ok': 7062, 'parking': 0, 'fail': 419, 'skip': 0, 'bytes': 917313530}
2026-07-25T16:32:03Z progress done=7486 stats={'ok': 7066, 'parking': 0, 'fail': 420, 'skip': 0, 'bytes': 917895897}
2026-07-25T16:32:19Z progress done=7491 stats={'ok': 7071, 'parking': 0, 'fail': 420, 'skip': 0, 'bytes': 918637165}
2026-07-25T16:32:38Z progress done=7496 stats={'ok': 7076, 'parking': 0, 'fail': 420, 'skip': 0, 'bytes': 919395373}
2026-07-25T16:33:01Z progress done=7501 stats={'ok': 7081, 'parking': 0, 'fail': 420, 'skip': 0, 'bytes': 920117400}
2026-07-25T16:33:15Z progress done=7506 stats={'ok': 7086, 'parking': 0, 'fail': 420, 'skip': 0, 'bytes': 920866081}
2026-07-25T16:33:37Z progress done=7511 stats={'ok': 7091, 'parking': 0, 'fail': 420, 'skip': 0, 'bytes': 921585423}
2026-07-25T16:33:57Z progress done=7516 stats={'ok': 7096, 'parking': 0, 'fail': 420, 'skip': 0, 'bytes': 922322925}
2026-07-25T16:34:13Z progress done=7521 stats={'ok': 7101, 'parking': 0, 'fail': 420, 'skip': 0, 'bytes': 923044039}
2026-07-25T16:34:43Z progress done=7526 stats={'ok': 7105, 'parking': 0, 'fail': 421, 'skip': 0, 'bytes': 923630021}
2026-07-25T16:35:00Z progress done=7531 stats={'ok': 7110, 'parking': 0, 'fail': 421, 'skip': 0, 'bytes': 924358721}
2026-07-25T16:35:14Z progress done=7536 stats={'ok': 7115, 'parking': 0, 'fail': 421, 'skip': 0, 'bytes': 925084429}
2026-07-25T16:35:31Z progress done=7541 stats={'ok': 7120, 'parking': 0, 'fail': 421, 'skip': 0, 'bytes': 925823025}
2026-07-25T16:35:48Z progress done=7546 stats={'ok': 7125, 'parking': 0, 'fail': 421, 'skip': 0, 'bytes': 926568201}
2026-07-25T16:36:06Z progress done=7551 stats={'ok': 7130, 'parking': 0, 'fail': 421, 'skip': 0, 'bytes': 927308361}
2026-07-25T16:36:32Z progress done=7556 stats={'ok': 7134, 'parking': 0, 'fail': 422, 'skip': 0, 'bytes': 927894689}
2026-07-25T16:36:41Z progress done=7561 stats={'ok': 7139, 'parking': 0, 'fail': 422, 'skip': 0, 'bytes': 928673657}
2026-07-25T16:36:55Z progress done=7566 stats={'ok': 7144, 'parking': 0, 'fail': 422, 'skip': 0, 'bytes': 929389653}
2026-07-25T16:37:24Z progress done=7571 stats={'ok': 7149, 'parking': 0, 'fail': 422, 'skip': 0, 'bytes': 930125489}
2026-07-25T16:37:41Z progress done=7576 stats={'ok': 7154, 'parking': 0, 'fail': 422, 'skip': 0, 'bytes': 930862031}
2026-07-25T16:37:49Z progress done=7581 stats={'ok': 7159, 'parking': 0, 'fail': 422, 'skip': 0, 'bytes': 931606262}
2026-07-25T16:38:08Z progress done=7586 stats={'ok': 7164, 'parking': 0, 'fail': 422, 'skip': 0, 'bytes': 932369545}
2026-07-25T16:38:34Z progress done=7591 stats={'ok': 7168, 'parking': 0, 'fail': 423, 'skip': 0, 'bytes': 932970879}
2026-07-25T16:38:48Z progress done=7596 stats={'ok': 7173, 'parking': 0, 'fail': 423, 'skip': 0, 'bytes': 933717290}
2026-07-25T16:38:55Z progress done=7601 stats={'ok': 7178, 'parking': 0, 'fail': 423, 'skip': 0, 'bytes': 934458924}
2026-07-25T16:39:29Z progress done=7606 stats={'ok': 7182, 'parking': 0, 'fail': 424, 'skip': 0, 'bytes': 935053862}
2026-07-25T16:39:37Z progress done=7611 stats={'ok': 7187, 'parking': 0, 'fail': 424, 'skip': 0, 'bytes': 935787339}
2026-07-25T16:39:49Z progress done=7616 stats={'ok': 7192, 'parking': 0, 'fail': 424, 'skip': 0, 'bytes': 936518914}
2026-07-25T16:40:03Z progress done=7621 stats={'ok': 7197, 'parking': 0, 'fail': 424, 'skip': 0, 'bytes': 937269554}
2026-07-25T16:40:33Z progress done=7626 stats={'ok': 7201, 'parking': 0, 'fail': 425, 'skip': 0, 'bytes': 937858917}
2026-07-25T16:40:43Z progress done=7631 stats={'ok': 7206, 'parking': 0, 'fail': 425, 'skip': 0, 'bytes': 938607134}
2026-07-25T16:40:50Z progress done=7636 stats={'ok': 7211, 'parking': 0, 'fail': 425, 'skip': 0, 'bytes': 939345033}
2026-07-25T16:41:27Z progress done=7641 stats={'ok': 7215, 'parking': 0, 'fail': 426, 'skip': 0, 'bytes': 939932545}
2026-07-25T16:41:42Z progress done=7646 stats={'ok': 7220, 'parking': 0, 'fail': 426, 'skip': 0, 'bytes': 940659741}
2026-07-25T16:41:53Z progress done=7651 stats={'ok': 7225, 'parking': 0, 'fail': 426, 'skip': 0, 'bytes': 941397513}
2026-07-25T16:42:14Z progress done=7656 stats={'ok': 7230, 'parking': 0, 'fail': 426, 'skip': 0, 'bytes': 942140573}
2026-07-25T16:42:30Z progress done=7661 stats={'ok': 7235, 'parking': 0, 'fail': 426, 'skip': 0, 'bytes': 942891667}
2026-07-25T16:42:46Z progress done=7666 stats={'ok': 7240, 'parking': 0, 'fail': 426, 'skip': 0, 'bytes': 943627149}
2026-07-25T16:43:17Z progress done=7671 stats={'ok': 7244, 'parking': 0, 'fail': 427, 'skip': 0, 'bytes': 944209406}
2026-07-25T16:43:28Z progress done=7676 stats={'ok': 7249, 'parking': 0, 'fail': 427, 'skip': 0, 'bytes': 944933992}
2026-07-25T16:43:44Z progress done=7681 stats={'ok': 7254, 'parking': 0, 'fail': 427, 'skip': 0, 'bytes': 945665812}
2026-07-25T16:44:07Z progress done=7686 stats={'ok': 7258, 'parking': 0, 'fail': 428, 'skip': 0, 'bytes': 946246045}
2026-07-25T16:44:27Z progress done=7691 stats={'ok': 7263, 'parking': 0, 'fail': 428, 'skip': 0, 'bytes': 946972645}
2026-07-25T16:44:38Z progress done=7696 stats={'ok': 7268, 'parking': 0, 'fail': 428, 'skip': 0, 'bytes': 947715020}
2026-07-25T16:44:49Z progress done=7701 stats={'ok': 7273, 'parking': 0, 'fail': 428, 'skip': 0, 'bytes': 948447787}
2026-07-25T16:45:11Z progress done=7706 stats={'ok': 7278, 'parking': 0, 'fail': 428, 'skip': 0, 'bytes': 949182951}
2026-07-25T16:45:30Z progress done=7711 stats={'ok': 7283, 'parking': 0, 'fail': 428, 'skip': 0, 'bytes': 949911013}
2026-07-25T16:45:47Z progress done=7716 stats={'ok': 7288, 'parking': 0, 'fail': 428, 'skip': 0, 'bytes': 950635152}
2026-07-25T16:46:03Z progress done=7721 stats={'ok': 7293, 'parking': 0, 'fail': 428, 'skip': 0, 'bytes': 951367984}
2026-07-25T16:46:17Z progress done=7726 stats={'ok': 7298, 'parking': 0, 'fail': 428, 'skip': 0, 'bytes': 952106587}
2026-07-25T16:46:34Z progress done=7731 stats={'ok': 7303, 'parking': 0, 'fail': 428, 'skip': 0, 'bytes': 952846835}
2026-07-25T16:47:06Z progress done=7736 stats={'ok': 7308, 'parking': 0, 'fail': 428, 'skip': 0, 'bytes': 953593899}
2026-07-25T16:47:26Z progress done=7741 stats={'ok': 7313, 'parking': 0, 'fail': 428, 'skip': 0, 'bytes': 954343135}
2026-07-25T16:47:39Z progress done=7746 stats={'ok': 7318, 'parking': 0, 'fail': 428, 'skip': 0, 'bytes': 955102930}
2026-07-25T16:48:58Z progress done=7751 stats={'ok': 7323, 'parking': 0, 'fail': 428, 'skip': 0, 'bytes': 955841071}
2026-07-25T16:49:09Z progress done=7756 stats={'ok': 7328, 'parking': 0, 'fail': 428, 'skip': 0, 'bytes': 956578114}
2026-07-25T16:49:21Z progress done=7761 stats={'ok': 7333, 'parking': 0, 'fail': 428, 'skip': 0, 'bytes': 957326523}
2026-07-25T16:49:32Z progress done=7766 stats={'ok': 7338, 'parking': 0, 'fail': 428, 'skip': 0, 'bytes': 958068335}
2026-07-25T16:50:11Z progress done=7771 stats={'ok': 7341, 'parking': 0, 'fail': 430, 'skip': 0, 'bytes': 958506692}
2026-07-25T16:50:22Z progress done=7776 stats={'ok': 7346, 'parking': 0, 'fail': 430, 'skip': 0, 'bytes': 959242934}
2026-07-25T16:50:42Z progress done=7781 stats={'ok': 7351, 'parking': 0, 'fail': 430, 'skip': 0, 'bytes': 959998505}
2026-07-25T16:50:58Z progress done=7786 stats={'ok': 7356, 'parking': 0, 'fail': 430, 'skip': 0, 'bytes': 960757294}
2026-07-25T16:51:10Z progress done=7791 stats={'ok': 7361, 'parking': 0, 'fail': 430, 'skip': 0, 'bytes': 961489917}
2026-07-25T16:51:30Z progress done=7796 stats={'ok': 7366, 'parking': 0, 'fail': 430, 'skip': 0, 'bytes': 962228298}
2026-07-25T16:51:48Z progress done=7801 stats={'ok': 7371, 'parking': 0, 'fail': 430, 'skip': 0, 'bytes': 962972135}
2026-07-25T16:52:15Z progress done=7806 stats={'ok': 7376, 'parking': 0, 'fail': 430, 'skip': 0, 'bytes': 963708584}
2026-07-25T16:52:35Z progress done=7811 stats={'ok': 7381, 'parking': 0, 'fail': 430, 'skip': 0, 'bytes': 964467321}
2026-07-25T16:53:29Z progress done=7816 stats={'ok': 7386, 'parking': 0, 'fail': 430, 'skip': 0, 'bytes': 965201496}
2026-07-25T16:53:50Z progress done=7821 stats={'ok': 7391, 'parking': 0, 'fail': 430, 'skip': 0, 'bytes': 965941366}
2026-07-25T16:54:12Z progress done=7826 stats={'ok': 7396, 'parking': 0, 'fail': 430, 'skip': 0, 'bytes': 966688100}
2026-07-25T16:54:30Z progress done=7831 stats={'ok': 7401, 'parking': 0, 'fail': 430, 'skip': 0, 'bytes': 967431313}
2026-07-25T16:54:58Z progress done=7836 stats={'ok': 7406, 'parking': 0, 'fail': 430, 'skip': 0, 'bytes': 968181787}
2026-07-25T16:55:15Z progress done=7841 stats={'ok': 7411, 'parking': 0, 'fail': 430, 'skip': 0, 'bytes': 968923049}
2026-07-25T16:55:30Z progress done=7846 stats={'ok': 7416, 'parking': 0, 'fail': 430, 'skip': 0, 'bytes': 969657570}
2026-07-25T16:55:51Z progress done=7851 stats={'ok': 7421, 'parking': 0, 'fail': 430, 'skip': 0, 'bytes': 970396638}
2026-07-25T16:56:14Z progress done=7856 stats={'ok': 7426, 'parking': 0, 'fail': 430, 'skip': 0, 'bytes': 971147431}
2026-07-25T16:56:38Z progress done=7861 stats={'ok': 7431, 'parking': 0, 'fail': 430, 'skip': 0, 'bytes': 971894740}
2026-07-25T16:56:59Z progress done=7866 stats={'ok': 7436, 'parking': 0, 'fail': 430, 'skip': 0, 'bytes': 972628678}
2026-07-25T16:57:11Z progress done=7871 stats={'ok': 7441, 'parking': 0, 'fail': 430, 'skip': 0, 'bytes': 973394176}
2026-07-25T16:57:55Z progress done=7876 stats={'ok': 7445, 'parking': 0, 'fail': 431, 'skip': 0, 'bytes': 973999609}
2026-07-25T16:58:05Z progress done=7881 stats={'ok': 7450, 'parking': 0, 'fail': 431, 'skip': 0, 'bytes': 974753195}
2026-07-25T16:58:21Z progress done=7886 stats={'ok': 7455, 'parking': 0, 'fail': 431, 'skip': 0, 'bytes': 975502302}
2026-07-25T16:59:03Z progress done=7891 stats={'ok': 7460, 'parking': 0, 'fail': 431, 'skip': 0, 'bytes': 976258482}
2026-07-25T16:59:57Z progress done=7896 stats={'ok': 7464, 'parking': 0, 'fail': 432, 'skip': 0, 'bytes': 976856827}
2026-07-25T17:00:13Z progress done=7901 stats={'ok': 7469, 'parking': 0, 'fail': 432, 'skip': 0, 'bytes': 977598087}
2026-07-25T17:00:25Z progress done=7906 stats={'ok': 7474, 'parking': 0, 'fail': 432, 'skip': 0, 'bytes': 978335548}
2026-07-25T17:01:19Z progress done=7911 stats={'ok': 7479, 'parking': 0, 'fail': 432, 'skip': 0, 'bytes': 979076120}
2026-07-25T17:01:29Z progress done=7916 stats={'ok': 7484, 'parking': 0, 'fail': 432, 'skip': 0, 'bytes': 979836627}
2026-07-25T17:01:46Z progress done=7921 stats={'ok': 7489, 'parking': 0, 'fail': 432, 'skip': 0, 'bytes': 980592037}
2026-07-25T17:02:18Z progress done=7926 stats={'ok': 7493, 'parking': 0, 'fail': 433, 'skip': 0, 'bytes': 981170577}
2026-07-25T17:02:58Z progress done=7931 stats={'ok': 7498, 'parking': 0, 'fail': 433, 'skip': 0, 'bytes': 981917763}
2026-07-25T17:03:09Z progress done=7936 stats={'ok': 7503, 'parking': 0, 'fail': 433, 'skip': 0, 'bytes': 982667334}
2026-07-25T17:03:28Z progress done=7941 stats={'ok': 7508, 'parking': 0, 'fail': 433, 'skip': 0, 'bytes': 983418749}
2026-07-25T17:03:50Z progress done=7946 stats={'ok': 7513, 'parking': 0, 'fail': 433, 'skip': 0, 'bytes': 984170973}
2026-07-25T17:04:08Z progress done=7951 stats={'ok': 7518, 'parking': 0, 'fail': 433, 'skip': 0, 'bytes': 984901258}
2026-07-25T17:04:32Z progress done=7956 stats={'ok': 7522, 'parking': 0, 'fail': 434, 'skip': 0, 'bytes': 985506132}
2026-07-25T17:04:41Z progress done=7961 stats={'ok': 7527, 'parking': 0, 'fail': 434, 'skip': 0, 'bytes': 986254564}
2026-07-25T17:05:57Z progress done=7966 stats={'ok': 7530, 'parking': 0, 'fail': 436, 'skip': 0, 'bytes': 986701040}
2026-07-25T17:06:10Z progress done=7971 stats={'ok': 7535, 'parking': 0, 'fail': 436, 'skip': 0, 'bytes': 987446352}
2026-07-25T17:06:24Z progress done=7976 stats={'ok': 7540, 'parking': 0, 'fail': 436, 'skip': 0, 'bytes': 988185783}
2026-07-25T17:06:39Z progress done=7981 stats={'ok': 7545, 'parking': 0, 'fail': 436, 'skip': 0, 'bytes': 988924357}
2026-07-25T17:07:02Z progress done=7986 stats={'ok': 7549, 'parking': 0, 'fail': 437, 'skip': 0, 'bytes': 989512393}
2026-07-25T17:07:34Z progress done=7991 stats={'ok': 7554, 'parking': 0, 'fail': 437, 'skip': 0, 'bytes': 990256537}
2026-07-25T17:07:56Z progress done=7996 stats={'ok': 7559, 'parking': 0, 'fail': 437, 'skip': 0, 'bytes': 991013722}
2026-07-25T17:08:06Z progress done=8001 stats={'ok': 7564, 'parking': 0, 'fail': 437, 'skip': 0, 'bytes': 991758052}
2026-07-25T17:08:32Z progress done=8006 stats={'ok': 7568, 'parking': 0, 'fail': 438, 'skip': 0, 'bytes': 992356802}
2026-07-25T17:08:58Z progress done=8011 stats={'ok': 7572, 'parking': 0, 'fail': 439, 'skip': 0, 'bytes': 992963116}
2026-07-25T17:09:09Z progress done=8016 stats={'ok': 7577, 'parking': 0, 'fail': 439, 'skip': 0, 'bytes': 993711808}
2026-07-25T17:09:34Z progress done=8021 stats={'ok': 7581, 'parking': 0, 'fail': 440, 'skip': 0, 'bytes': 994297094}
2026-07-25T17:09:47Z progress done=8026 stats={'ok': 7586, 'parking': 0, 'fail': 440, 'skip': 0, 'bytes': 995037083}
2026-07-25T17:10:13Z progress done=8031 stats={'ok': 7590, 'parking': 0, 'fail': 441, 'skip': 0, 'bytes': 995619090}
2026-07-25T17:10:43Z progress done=8036 stats={'ok': 7595, 'parking': 0, 'fail': 441, 'skip': 0, 'bytes': 996367473}
2026-07-25T17:10:57Z progress done=8041 stats={'ok': 7600, 'parking': 0, 'fail': 441, 'skip': 0, 'bytes': 997102383}
2026-07-25T17:11:15Z progress done=8046 stats={'ok': 7605, 'parking': 0, 'fail': 441, 'skip': 0, 'bytes': 997830628}
2026-07-25T17:11:43Z progress done=8051 stats={'ok': 7609, 'parking': 0, 'fail': 442, 'skip': 0, 'bytes': 998434687}
2026-07-25T17:11:57Z progress done=8056 stats={'ok': 7614, 'parking': 0, 'fail': 442, 'skip': 0, 'bytes': 999167750}
2026-07-25T17:12:08Z progress done=8061 stats={'ok': 7619, 'parking': 0, 'fail': 442, 'skip': 0, 'bytes': 999911778}
2026-07-25T17:12:23Z progress done=8066 stats={'ok': 7624, 'parking': 0, 'fail': 442, 'skip': 0, 'bytes': 1000656615}
2026-07-25T17:12:53Z progress done=8071 stats={'ok': 7628, 'parking': 0, 'fail': 443, 'skip': 0, 'bytes': 1001251108}
2026-07-25T17:13:09Z progress done=8076 stats={'ok': 7633, 'parking': 0, 'fail': 443, 'skip': 0, 'bytes': 1001974032}
2026-07-25T17:13:27Z progress done=8081 stats={'ok': 7638, 'parking': 0, 'fail': 443, 'skip': 0, 'bytes': 1002705387}
2026-07-25T17:13:44Z progress done=8086 stats={'ok': 7643, 'parking': 0, 'fail': 443, 'skip': 0, 'bytes': 1003432180}
2026-07-25T17:14:08Z progress done=8091 stats={'ok': 7648, 'parking': 0, 'fail': 443, 'skip': 0, 'bytes': 1004173653}
2026-07-25T17:14:23Z progress done=8096 stats={'ok': 7653, 'parking': 0, 'fail': 443, 'skip': 0, 'bytes': 1004891192}
2026-07-25T17:14:37Z progress done=8101 stats={'ok': 7658, 'parking': 0, 'fail': 443, 'skip': 0, 'bytes': 1005633878}
2026-07-25T17:15:05Z progress done=8106 stats={'ok': 7663, 'parking': 0, 'fail': 443, 'skip': 0, 'bytes': 1006392542}
2026-07-25T17:15:24Z progress done=8111 stats={'ok': 7668, 'parking': 0, 'fail': 443, 'skip': 0, 'bytes': 1007152738}
2026-07-25T17:15:48Z progress done=8116 stats={'ok': 7673, 'parking': 0, 'fail': 443, 'skip': 0, 'bytes': 1007907323}
2026-07-25T17:16:36Z progress done=8121 stats={'ok': 7677, 'parking': 0, 'fail': 444, 'skip': 0, 'bytes': 1008500816}
2026-07-25T17:16:47Z progress done=8126 stats={'ok': 7682, 'parking': 0, 'fail': 444, 'skip': 0, 'bytes': 1009253567}
2026-07-25T17:16:57Z progress done=8131 stats={'ok': 7687, 'parking': 0, 'fail': 444, 'skip': 0, 'bytes': 1009990262}
2026-07-25T17:17:07Z progress done=8136 stats={'ok': 7692, 'parking': 0, 'fail': 444, 'skip': 0, 'bytes': 1010731646}
2026-07-25T17:17:40Z progress done=8141 stats={'ok': 7696, 'parking': 0, 'fail': 445, 'skip': 0, 'bytes': 1011322938}
2026-07-25T17:18:25Z progress done=8146 stats={'ok': 7700, 'parking': 0, 'fail': 446, 'skip': 0, 'bytes': 1011915228}
2026-07-25T17:18:41Z progress done=8151 stats={'ok': 7705, 'parking': 0, 'fail': 446, 'skip': 0, 'bytes': 1012658811}
2026-07-25T17:18:55Z progress done=8156 stats={'ok': 7710, 'parking': 0, 'fail': 446, 'skip': 0, 'bytes': 1013412051}
2026-07-25T17:19:12Z progress done=8161 stats={'ok': 7715, 'parking': 0, 'fail': 446, 'skip': 0, 'bytes': 1014164916}
2026-07-25T17:19:45Z progress done=8166 stats={'ok': 7719, 'parking': 0, 'fail': 447, 'skip': 0, 'bytes': 1014758264}
2026-07-25T17:20:01Z progress done=8171 stats={'ok': 7724, 'parking': 0, 'fail': 447, 'skip': 0, 'bytes': 1015510801}
2026-07-25T17:20:26Z progress done=8176 stats={'ok': 7729, 'parking': 0, 'fail': 447, 'skip': 0, 'bytes': 1016248717}
2026-07-25T17:21:00Z progress done=8181 stats={'ok': 7733, 'parking': 0, 'fail': 448, 'skip': 0, 'bytes': 1016844850}
2026-07-25T17:21:09Z progress done=8186 stats={'ok': 7738, 'parking': 0, 'fail': 448, 'skip': 0, 'bytes': 1017579119}
2026-07-25T17:21:23Z progress done=8191 stats={'ok': 7743, 'parking': 0, 'fail': 448, 'skip': 0, 'bytes': 1018315290}
2026-07-25T17:21:32Z progress done=8196 stats={'ok': 7748, 'parking': 0, 'fail': 448, 'skip': 0, 'bytes': 1018931691}
2026-07-25T17:22:09Z progress done=8201 stats={'ok': 7753, 'parking': 0, 'fail': 448, 'skip': 0, 'bytes': 1019090474}
2026-07-25T17:22:27Z progress done=8206 stats={'ok': 7758, 'parking': 0, 'fail': 448, 'skip': 0, 'bytes': 1019820373}
2026-07-25T17:22:48Z progress done=8211 stats={'ok': 7763, 'parking': 0, 'fail': 448, 'skip': 0, 'bytes': 1020563074}
2026-07-25T17:23:18Z progress done=8216 stats={'ok': 7768, 'parking': 0, 'fail': 448, 'skip': 0, 'bytes': 1021301682}
2026-07-25T17:23:38Z progress done=8221 stats={'ok': 7773, 'parking': 0, 'fail': 448, 'skip': 0, 'bytes': 1022051879}
2026-07-25T17:24:09Z progress done=8226 stats={'ok': 7778, 'parking': 0, 'fail': 448, 'skip': 0, 'bytes': 1022786097}
2026-07-25T17:24:19Z progress done=8231 stats={'ok': 7783, 'parking': 0, 'fail': 448, 'skip': 0, 'bytes': 1023528778}
2026-07-25T17:24:31Z progress done=8236 stats={'ok': 7788, 'parking': 0, 'fail': 448, 'skip': 0, 'bytes': 1024261131}
2026-07-25T17:25:03Z progress done=8241 stats={'ok': 7793, 'parking': 0, 'fail': 448, 'skip': 0, 'bytes': 1025014326}
2026-07-25T17:25:50Z progress done=8246 stats={'ok': 7797, 'parking': 0, 'fail': 449, 'skip': 0, 'bytes': 1025614058}
2026-07-25T17:25:59Z progress done=8251 stats={'ok': 7802, 'parking': 0, 'fail': 449, 'skip': 0, 'bytes': 1026335467}
2026-07-25T17:26:08Z progress done=8256 stats={'ok': 7807, 'parking': 0, 'fail': 449, 'skip': 0, 'bytes': 1027065427}
2026-07-25T17:26:34Z progress done=8261 stats={'ok': 7811, 'parking': 0, 'fail': 450, 'skip': 0, 'bytes': 1027669056}
2026-07-25T17:27:09Z progress done=8266 stats={'ok': 7816, 'parking': 0, 'fail': 450, 'skip': 0, 'bytes': 1028405001}
2026-07-25T17:27:23Z progress done=8271 stats={'ok': 7821, 'parking': 0, 'fail': 450, 'skip': 0, 'bytes': 1029144932}
2026-07-25T17:27:34Z progress done=8276 stats={'ok': 7826, 'parking': 0, 'fail': 450, 'skip': 0, 'bytes': 1029878436}
2026-07-25T17:28:11Z progress done=8281 stats={'ok': 7830, 'parking': 0, 'fail': 451, 'skip': 0, 'bytes': 1030464626}
2026-07-25T17:28:27Z progress done=8286 stats={'ok': 7835, 'parking': 0, 'fail': 451, 'skip': 0, 'bytes': 1031198741}
2026-07-25T17:28:42Z progress done=8291 stats={'ok': 7840, 'parking': 0, 'fail': 451, 'skip': 0, 'bytes': 1031922146}
2026-07-25T17:28:56Z progress done=8296 stats={'ok': 7845, 'parking': 0, 'fail': 451, 'skip': 0, 'bytes': 1032639597}
2026-07-25T17:31:00Z progress done=8301 stats={'ok': 7849, 'parking': 0, 'fail': 452, 'skip': 0, 'bytes': 1033211319}
2026-07-25T17:31:19Z progress done=8306 stats={'ok': 7854, 'parking': 0, 'fail': 452, 'skip': 0, 'bytes': 1033945299}
2026-07-25T17:31:29Z progress done=8311 stats={'ok': 7859, 'parking': 0, 'fail': 452, 'skip': 0, 'bytes': 1034694075}
2026-07-25T17:31:52Z progress done=8316 stats={'ok': 7864, 'parking': 0, 'fail': 452, 'skip': 0, 'bytes': 1035450622}
2026-07-25T17:32:22Z progress done=8321 stats={'ok': 7869, 'parking': 0, 'fail': 452, 'skip': 0, 'bytes': 1036184034}
2026-07-25T17:32:40Z progress done=8326 stats={'ok': 7874, 'parking': 0, 'fail': 452, 'skip': 0, 'bytes': 1036924382}
2026-07-25T17:33:02Z progress done=8331 stats={'ok': 7879, 'parking': 0, 'fail': 452, 'skip': 0, 'bytes': 1037672657}
2026-07-25T17:33:21Z progress done=8336 stats={'ok': 7884, 'parking': 0, 'fail': 452, 'skip': 0, 'bytes': 1038413871}
2026-07-25T17:35:07Z progress done=8341 stats={'ok': 7889, 'parking': 0, 'fail': 452, 'skip': 0, 'bytes': 1039148400}
2026-07-25T17:35:24Z progress done=8346 stats={'ok': 7894, 'parking': 0, 'fail': 452, 'skip': 0, 'bytes': 1039888879}
2026-07-25T17:35:42Z progress done=8351 stats={'ok': 7899, 'parking': 0, 'fail': 452, 'skip': 0, 'bytes': 1040638100}
2026-07-25T17:35:51Z progress done=8356 stats={'ok': 7904, 'parking': 0, 'fail': 452, 'skip': 0, 'bytes': 1041382217}
2026-07-25T17:36:12Z progress done=8361 stats={'ok': 7909, 'parking': 0, 'fail': 452, 'skip': 0, 'bytes': 1042130239}
2026-07-25T17:36:31Z progress done=8366 stats={'ok': 7914, 'parking': 0, 'fail': 452, 'skip': 0, 'bytes': 1042876612}
2026-07-25T17:37:00Z progress done=8371 stats={'ok': 7918, 'parking': 0, 'fail': 453, 'skip': 0, 'bytes': 1043448938}
2026-07-25T17:37:09Z progress done=8376 stats={'ok': 7923, 'parking': 0, 'fail': 453, 'skip': 0, 'bytes': 1044211417}
2026-07-25T17:37:20Z progress done=8381 stats={'ok': 7928, 'parking': 0, 'fail': 453, 'skip': 0, 'bytes': 1044953018}
2026-07-25T17:37:52Z progress done=8386 stats={'ok': 7933, 'parking': 0, 'fail': 453, 'skip': 0, 'bytes': 1045684612}
2026-07-25T17:38:13Z progress done=8391 stats={'ok': 7938, 'parking': 0, 'fail': 453, 'skip': 0, 'bytes': 1046422020}
2026-07-25T17:38:28Z progress done=8396 stats={'ok': 7943, 'parking': 0, 'fail': 453, 'skip': 0, 'bytes': 1047167161}
2026-07-25T17:38:45Z progress done=8401 stats={'ok': 7948, 'parking': 0, 'fail': 453, 'skip': 0, 'bytes': 1047901208}
2026-07-25T17:39:03Z progress done=8406 stats={'ok': 7953, 'parking': 0, 'fail': 453, 'skip': 0, 'bytes': 1048650457}
2026-07-25T17:39:25Z progress done=8411 stats={'ok': 7958, 'parking': 0, 'fail': 453, 'skip': 0, 'bytes': 1049383478}
2026-07-25T17:39:46Z progress done=8416 stats={'ok': 7963, 'parking': 0, 'fail': 453, 'skip': 0, 'bytes': 1050123695}
2026-07-25T17:40:07Z progress done=8421 stats={'ok': 7968, 'parking': 0, 'fail': 453, 'skip': 0, 'bytes': 1050850266}
2026-07-25T17:40:33Z progress done=8426 stats={'ok': 7973, 'parking': 0, 'fail': 453, 'skip': 0, 'bytes': 1051585737}
2026-07-25T17:40:42Z progress done=8431 stats={'ok': 7978, 'parking': 0, 'fail': 453, 'skip': 0, 'bytes': 1052324971}
2026-07-25T17:41:07Z progress done=8436 stats={'ok': 7983, 'parking': 0, 'fail': 453, 'skip': 0, 'bytes': 1053066503}
2026-07-25T17:41:25Z progress done=8441 stats={'ok': 7988, 'parking': 0, 'fail': 453, 'skip': 0, 'bytes': 1053802892}
2026-07-25T17:41:41Z progress done=8446 stats={'ok': 7993, 'parking': 0, 'fail': 453, 'skip': 0, 'bytes': 1054556522}
2026-07-25T17:42:08Z progress done=8451 stats={'ok': 7997, 'parking': 0, 'fail': 454, 'skip': 0, 'bytes': 1055144762}
2026-07-25T17:42:20Z progress done=8456 stats={'ok': 8002, 'parking': 0, 'fail': 454, 'skip': 0, 'bytes': 1055888925}
2026-07-25T17:42:37Z progress done=8461 stats={'ok': 8007, 'parking': 0, 'fail': 454, 'skip': 0, 'bytes': 1056629263}
2026-07-25T17:42:49Z progress done=8466 stats={'ok': 8012, 'parking': 0, 'fail': 454, 'skip': 0, 'bytes': 1057360558}
2026-07-25T17:43:20Z progress done=8471 stats={'ok': 8016, 'parking': 0, 'fail': 455, 'skip': 0, 'bytes': 1057937722}
2026-07-25T17:43:33Z progress done=8476 stats={'ok': 8021, 'parking': 0, 'fail': 455, 'skip': 0, 'bytes': 1058690211}
2026-07-25T17:43:43Z progress done=8481 stats={'ok': 8026, 'parking': 0, 'fail': 455, 'skip': 0, 'bytes': 1059432950}
2026-07-25T17:44:11Z progress done=8486 stats={'ok': 8031, 'parking': 0, 'fail': 455, 'skip': 0, 'bytes': 1060175040}
2026-07-25T17:44:28Z progress done=8491 stats={'ok': 8036, 'parking': 0, 'fail': 455, 'skip': 0, 'bytes': 1060918769}
2026-07-25T17:44:38Z progress done=8496 stats={'ok': 8041, 'parking': 0, 'fail': 455, 'skip': 0, 'bytes': 1061660766}
2026-07-25T17:44:55Z progress done=8501 stats={'ok': 8046, 'parking': 0, 'fail': 455, 'skip': 0, 'bytes': 1062409969}
2026-07-25T17:45:18Z progress done=8506 stats={'ok': 8051, 'parking': 0, 'fail': 455, 'skip': 0, 'bytes': 1063130599}
2026-07-25T17:45:34Z progress done=8511 stats={'ok': 8056, 'parking': 0, 'fail': 455, 'skip': 0, 'bytes': 1063857708}
2026-07-25T17:45:55Z progress done=8516 stats={'ok': 8061, 'parking': 0, 'fail': 455, 'skip': 0, 'bytes': 1064578977}
2026-07-25T17:46:13Z progress done=8521 stats={'ok': 8066, 'parking': 0, 'fail': 455, 'skip': 0, 'bytes': 1065310927}
2026-07-25T17:46:38Z progress done=8526 stats={'ok': 8071, 'parking': 0, 'fail': 455, 'skip': 0, 'bytes': 1066045514}
2026-07-25T17:46:55Z progress done=8531 stats={'ok': 8076, 'parking': 0, 'fail': 455, 'skip': 0, 'bytes': 1066777452}
2026-07-25T17:47:19Z progress done=8536 stats={'ok': 8080, 'parking': 0, 'fail': 456, 'skip': 0, 'bytes': 1067370007}
2026-07-25T17:47:32Z progress done=8541 stats={'ok': 8085, 'parking': 0, 'fail': 456, 'skip': 0, 'bytes': 1068105297}
2026-07-25T17:47:48Z progress done=8546 stats={'ok': 8090, 'parking': 0, 'fail': 456, 'skip': 0, 'bytes': 1068855826}
2026-07-25T17:48:02Z progress done=8551 stats={'ok': 8095, 'parking': 0, 'fail': 456, 'skip': 0, 'bytes': 1069608956}
2026-07-25T17:48:27Z progress done=8556 stats={'ok': 8099, 'parking': 0, 'fail': 457, 'skip': 0, 'bytes': 1070209502}
2026-07-25T17:48:43Z progress done=8561 stats={'ok': 8104, 'parking': 0, 'fail': 457, 'skip': 0, 'bytes': 1070956810}
2026-07-25T17:49:04Z progress done=8566 stats={'ok': 8109, 'parking': 0, 'fail': 457, 'skip': 0, 'bytes': 1071691201}
2026-07-25T17:49:20Z progress done=8571 stats={'ok': 8114, 'parking': 0, 'fail': 457, 'skip': 0, 'bytes': 1072439017}
2026-07-25T17:49:39Z progress done=8576 stats={'ok': 8119, 'parking': 0, 'fail': 457, 'skip': 0, 'bytes': 1073179839}
2026-07-25T17:50:04Z progress done=8581 stats={'ok': 8124, 'parking': 0, 'fail': 457, 'skip': 0, 'bytes': 1073904914}
2026-07-25T17:50:24Z progress done=8586 stats={'ok': 8129, 'parking': 0, 'fail': 457, 'skip': 0, 'bytes': 1074645289}
2026-07-25T17:50:45Z progress done=8591 stats={'ok': 8134, 'parking': 0, 'fail': 457, 'skip': 0, 'bytes': 1075390946}
2026-07-25T17:50:57Z progress done=8596 stats={'ok': 8139, 'parking': 0, 'fail': 457, 'skip': 0, 'bytes': 1076123349}
2026-07-25T17:51:17Z progress done=8601 stats={'ok': 8144, 'parking': 0, 'fail': 457, 'skip': 0, 'bytes': 1076855838}
2026-07-25T17:51:30Z progress done=8606 stats={'ok': 8149, 'parking': 0, 'fail': 457, 'skip': 0, 'bytes': 1077595612}
2026-07-25T17:52:02Z progress done=8611 stats={'ok': 8154, 'parking': 0, 'fail': 457, 'skip': 0, 'bytes': 1078353600}
2026-07-25T17:52:15Z progress done=8616 stats={'ok': 8159, 'parking': 0, 'fail': 457, 'skip': 0, 'bytes': 1079088878}
2026-07-25T17:52:27Z progress done=8621 stats={'ok': 8164, 'parking': 0, 'fail': 457, 'skip': 0, 'bytes': 1079821434}
2026-07-25T17:52:47Z progress done=8626 stats={'ok': 8169, 'parking': 0, 'fail': 457, 'skip': 0, 'bytes': 1080557572}
2026-07-25T17:53:12Z progress done=8631 stats={'ok': 8174, 'parking': 0, 'fail': 457, 'skip': 0, 'bytes': 1081286159}
2026-07-25T17:53:35Z progress done=8636 stats={'ok': 8178, 'parking': 0, 'fail': 458, 'skip': 0, 'bytes': 1081873298}
2026-07-25T17:53:42Z progress done=8641 stats={'ok': 8183, 'parking': 0, 'fail': 458, 'skip': 0, 'bytes': 1082603498}
2026-07-25T17:53:53Z progress done=8646 stats={'ok': 8188, 'parking': 0, 'fail': 458, 'skip': 0, 'bytes': 1083343741}
2026-07-25T17:54:32Z progress done=8651 stats={'ok': 8191, 'parking': 0, 'fail': 460, 'skip': 0, 'bytes': 1083783222}
2026-07-25T17:54:45Z progress done=8656 stats={'ok': 8196, 'parking': 0, 'fail': 460, 'skip': 0, 'bytes': 1084521500}
2026-07-25T17:54:58Z progress done=8661 stats={'ok': 8201, 'parking': 0, 'fail': 460, 'skip': 0, 'bytes': 1085236260}
2026-07-25T17:55:09Z progress done=8666 stats={'ok': 8206, 'parking': 0, 'fail': 460, 'skip': 0, 'bytes': 1085969037}
2026-07-25T17:55:35Z progress done=8671 stats={'ok': 8210, 'parking': 0, 'fail': 461, 'skip': 0, 'bytes': 1086544083}
2026-07-25T17:55:50Z progress done=8676 stats={'ok': 8215, 'parking': 0, 'fail': 461, 'skip': 0, 'bytes': 1087276410}
2026-07-25T17:56:12Z progress done=8681 stats={'ok': 8219, 'parking': 0, 'fail': 462, 'skip': 0, 'bytes': 1087862410}
2026-07-25T17:56:32Z progress done=8686 stats={'ok': 8224, 'parking': 0, 'fail': 462, 'skip': 0, 'bytes': 1088602707}
2026-07-25T17:56:46Z progress done=8691 stats={'ok': 8229, 'parking': 0, 'fail': 462, 'skip': 0, 'bytes': 1089338233}
2026-07-25T17:57:08Z progress done=8696 stats={'ok': 8233, 'parking': 0, 'fail': 463, 'skip': 0, 'bytes': 1089923482}
2026-07-25T17:57:17Z progress done=8701 stats={'ok': 8238, 'parking': 0, 'fail': 463, 'skip': 0, 'bytes': 1090666256}
2026-07-25T17:57:43Z progress done=8706 stats={'ok': 8242, 'parking': 0, 'fail': 464, 'skip': 0, 'bytes': 1091255375}
2026-07-25T17:57:55Z progress done=8711 stats={'ok': 8247, 'parking': 0, 'fail': 464, 'skip': 0, 'bytes': 1092001397}
2026-07-25T17:58:16Z progress done=8716 stats={'ok': 8252, 'parking': 0, 'fail': 464, 'skip': 0, 'bytes': 1092737327}
2026-07-25T17:58:34Z progress done=8721 stats={'ok': 8257, 'parking': 0, 'fail': 464, 'skip': 0, 'bytes': 1093480619}
2026-07-25T17:58:57Z progress done=8726 stats={'ok': 8261, 'parking': 0, 'fail': 465, 'skip': 0, 'bytes': 1094064816}
2026-07-25T17:59:06Z progress done=8731 stats={'ok': 8266, 'parking': 0, 'fail': 465, 'skip': 0, 'bytes': 1094812690}
2026-07-25T17:59:23Z progress done=8736 stats={'ok': 8271, 'parking': 0, 'fail': 465, 'skip': 0, 'bytes': 1095551330}
2026-07-25T17:59:44Z progress done=8741 stats={'ok': 8276, 'parking': 0, 'fail': 465, 'skip': 0, 'bytes': 1096281096}
2026-07-25T18:00:02Z progress done=8746 stats={'ok': 8281, 'parking': 0, 'fail': 465, 'skip': 0, 'bytes': 1097032274}
2026-07-25T18:00:11Z progress done=8751 stats={'ok': 8286, 'parking': 0, 'fail': 465, 'skip': 0, 'bytes': 1097770624}
2026-07-25T18:00:37Z progress done=8756 stats={'ok': 8290, 'parking': 0, 'fail': 466, 'skip': 0, 'bytes': 1098356089}
2026-07-25T18:00:51Z progress done=8761 stats={'ok': 8295, 'parking': 0, 'fail': 466, 'skip': 0, 'bytes': 1099086295}
2026-07-25T18:01:05Z progress done=8766 stats={'ok': 8300, 'parking': 0, 'fail': 466, 'skip': 0, 'bytes': 1099822256}
2026-07-25T18:01:36Z progress done=8771 stats={'ok': 8304, 'parking': 0, 'fail': 467, 'skip': 0, 'bytes': 1100413484}
2026-07-25T18:02:05Z progress done=8776 stats={'ok': 8309, 'parking': 0, 'fail': 467, 'skip': 0, 'bytes': 1101156594}
2026-07-25T18:02:18Z progress done=8781 stats={'ok': 8314, 'parking': 0, 'fail': 467, 'skip': 0, 'bytes': 1101876031}
2026-07-25T18:02:28Z progress done=8786 stats={'ok': 8319, 'parking': 0, 'fail': 467, 'skip': 0, 'bytes': 1102618038}
2026-07-25T18:02:39Z progress done=8791 stats={'ok': 8324, 'parking': 0, 'fail': 467, 'skip': 0, 'bytes': 1103359503}
2026-07-25T18:03:20Z progress done=8796 stats={'ok': 8327, 'parking': 0, 'fail': 469, 'skip': 0, 'bytes': 1103801125}
2026-07-25T18:03:32Z progress done=8801 stats={'ok': 8332, 'parking': 0, 'fail': 469, 'skip': 0, 'bytes': 1104536177}
2026-07-25T18:03:46Z progress done=8806 stats={'ok': 8337, 'parking': 0, 'fail': 469, 'skip': 0, 'bytes': 1105271202}
2026-07-25T18:04:03Z progress done=8811 stats={'ok': 8342, 'parking': 0, 'fail': 469, 'skip': 0, 'bytes': 1106027136}
2026-07-25T18:04:14Z progress done=8816 stats={'ok': 8347, 'parking': 0, 'fail': 469, 'skip': 0, 'bytes': 1106771463}
2026-07-25T18:04:53Z progress done=8821 stats={'ok': 8352, 'parking': 0, 'fail': 469, 'skip': 0, 'bytes': 1107514964}
2026-07-25T18:05:12Z progress done=8826 stats={'ok': 8357, 'parking': 0, 'fail': 469, 'skip': 0, 'bytes': 1108256483}
2026-07-25T18:05:22Z progress done=8831 stats={'ok': 8362, 'parking': 0, 'fail': 469, 'skip': 0, 'bytes': 1109003087}
2026-07-25T18:05:37Z progress done=8836 stats={'ok': 8367, 'parking': 0, 'fail': 469, 'skip': 0, 'bytes': 1109733580}
2026-07-25T18:06:00Z progress done=8841 stats={'ok': 8371, 'parking': 0, 'fail': 470, 'skip': 0, 'bytes': 1110346053}
2026-07-25T18:06:17Z progress done=8846 stats={'ok': 8376, 'parking': 0, 'fail': 470, 'skip': 0, 'bytes': 1111106342}
2026-07-25T18:06:40Z progress done=8851 stats={'ok': 8380, 'parking': 0, 'fail': 471, 'skip': 0, 'bytes': 1111696713}
2026-07-25T18:06:50Z progress done=8856 stats={'ok': 8385, 'parking': 0, 'fail': 471, 'skip': 0, 'bytes': 1112459213}
2026-07-25T18:07:04Z progress done=8861 stats={'ok': 8390, 'parking': 0, 'fail': 471, 'skip': 0, 'bytes': 1113199651}
2026-07-25T18:07:21Z progress done=8866 stats={'ok': 8395, 'parking': 0, 'fail': 471, 'skip': 0, 'bytes': 1113943779}
2026-07-25T18:07:50Z progress done=8871 stats={'ok': 8399, 'parking': 0, 'fail': 472, 'skip': 0, 'bytes': 1114529294}
2026-07-25T18:08:06Z progress done=8876 stats={'ok': 8404, 'parking': 0, 'fail': 472, 'skip': 0, 'bytes': 1115270756}
2026-07-25T18:08:19Z progress done=8881 stats={'ok': 8409, 'parking': 0, 'fail': 472, 'skip': 0, 'bytes': 1116006599}
2026-07-25T18:08:31Z progress done=8886 stats={'ok': 8414, 'parking': 0, 'fail': 472, 'skip': 0, 'bytes': 1116736314}
2026-07-25T18:08:54Z progress done=8891 stats={'ok': 8419, 'parking': 0, 'fail': 472, 'skip': 0, 'bytes': 1117488845}
2026-07-25T18:09:14Z progress done=8896 stats={'ok': 8424, 'parking': 0, 'fail': 472, 'skip': 0, 'bytes': 1118234219}
2026-07-25T18:09:25Z progress done=8901 stats={'ok': 8429, 'parking': 0, 'fail': 472, 'skip': 0, 'bytes': 1118984096}
2026-07-25T18:09:35Z progress done=8906 stats={'ok': 8434, 'parking': 0, 'fail': 472, 'skip': 0, 'bytes': 1119721027}
2026-07-25T18:09:57Z progress done=8911 stats={'ok': 8439, 'parking': 0, 'fail': 472, 'skip': 0, 'bytes': 1120476494}
2026-07-25T18:10:16Z progress done=8916 stats={'ok': 8444, 'parking': 0, 'fail': 472, 'skip': 0, 'bytes': 1121209300}
2026-07-25T18:10:30Z progress done=8921 stats={'ok': 8449, 'parking': 0, 'fail': 472, 'skip': 0, 'bytes': 1121933571}
2026-07-25T18:10:46Z progress done=8926 stats={'ok': 8454, 'parking': 0, 'fail': 472, 'skip': 0, 'bytes': 1122673790}
2026-07-25T18:11:08Z progress done=8931 stats={'ok': 8458, 'parking': 0, 'fail': 473, 'skip': 0, 'bytes': 1123264460}
2026-07-25T18:11:19Z progress done=8936 stats={'ok': 8463, 'parking': 0, 'fail': 473, 'skip': 0, 'bytes': 1124001447}
2026-07-25T18:11:37Z progress done=8941 stats={'ok': 8468, 'parking': 0, 'fail': 473, 'skip': 0, 'bytes': 1124752465}
2026-07-25T18:11:58Z progress done=8946 stats={'ok': 8473, 'parking': 0, 'fail': 473, 'skip': 0, 'bytes': 1125496480}
2026-07-25T18:12:18Z progress done=8951 stats={'ok': 8478, 'parking': 0, 'fail': 473, 'skip': 0, 'bytes': 1126232608}
2026-07-25T18:12:27Z progress done=8956 stats={'ok': 8483, 'parking': 0, 'fail': 473, 'skip': 0, 'bytes': 1126983419}
2026-07-25T18:12:40Z progress done=8961 stats={'ok': 8488, 'parking': 0, 'fail': 473, 'skip': 0, 'bytes': 1127737310}
2026-07-25T18:13:11Z progress done=8966 stats={'ok': 8492, 'parking': 0, 'fail': 474, 'skip': 0, 'bytes': 1128323006}
2026-07-25T18:13:26Z progress done=8971 stats={'ok': 8497, 'parking': 0, 'fail': 474, 'skip': 0, 'bytes': 1129076123}
2026-07-25T18:13:39Z progress done=8976 stats={'ok': 8502, 'parking': 0, 'fail': 474, 'skip': 0, 'bytes': 1129821840}
2026-07-25T18:13:56Z progress done=8981 stats={'ok': 8507, 'parking': 0, 'fail': 474, 'skip': 0, 'bytes': 1130569647}
2026-07-25T18:14:20Z progress done=8986 stats={'ok': 8511, 'parking': 0, 'fail': 475, 'skip': 0, 'bytes': 1131151657}
2026-07-25T18:14:31Z progress done=8991 stats={'ok': 8516, 'parking': 0, 'fail': 475, 'skip': 0, 'bytes': 1131884675}
2026-07-25T18:14:42Z progress done=8996 stats={'ok': 8521, 'parking': 0, 'fail': 475, 'skip': 0, 'bytes': 1132654658}
2026-07-25T18:15:06Z progress done=9001 stats={'ok': 8525, 'parking': 0, 'fail': 476, 'skip': 0, 'bytes': 1133241765}
2026-07-25T18:15:25Z progress done=9006 stats={'ok': 8530, 'parking': 0, 'fail': 476, 'skip': 0, 'bytes': 1133983670}
2026-07-25T18:15:55Z progress done=9011 stats={'ok': 8534, 'parking': 0, 'fail': 477, 'skip': 0, 'bytes': 1134588246}
2026-07-25T18:16:09Z progress done=9016 stats={'ok': 8539, 'parking': 0, 'fail': 477, 'skip': 0, 'bytes': 1135330340}
2026-07-25T18:16:19Z progress done=9021 stats={'ok': 8544, 'parking': 0, 'fail': 477, 'skip': 0, 'bytes': 1136079442}
2026-07-25T18:16:55Z progress done=9026 stats={'ok': 8548, 'parking': 0, 'fail': 478, 'skip': 0, 'bytes': 1136673359}
2026-07-25T18:17:03Z progress done=9031 stats={'ok': 8553, 'parking': 0, 'fail': 478, 'skip': 0, 'bytes': 1137412609}
2026-07-25T18:17:16Z progress done=9036 stats={'ok': 8558, 'parking': 0, 'fail': 478, 'skip': 0, 'bytes': 1138147574}
2026-07-25T18:17:32Z progress done=9041 stats={'ok': 8563, 'parking': 0, 'fail': 478, 'skip': 0, 'bytes': 1138891235}
2026-07-25T18:18:01Z progress done=9046 stats={'ok': 8567, 'parking': 0, 'fail': 479, 'skip': 0, 'bytes': 1139478513}
2026-07-25T18:18:09Z progress done=9051 stats={'ok': 8572, 'parking': 0, 'fail': 479, 'skip': 0, 'bytes': 1140208441}
2026-07-25T18:18:27Z progress done=9056 stats={'ok': 8577, 'parking': 0, 'fail': 479, 'skip': 0, 'bytes': 1140947447}
2026-07-25T18:18:36Z progress done=9061 stats={'ok': 8582, 'parking': 0, 'fail': 479, 'skip': 0, 'bytes': 1141672921}
2026-07-25T18:19:10Z progress done=9066 stats={'ok': 8586, 'parking': 0, 'fail': 480, 'skip': 0, 'bytes': 1142266626}
2026-07-25T18:19:19Z progress done=9071 stats={'ok': 8591, 'parking': 0, 'fail': 480, 'skip': 0, 'bytes': 1142993449}
2026-07-25T18:19:40Z progress done=9076 stats={'ok': 8596, 'parking': 0, 'fail': 480, 'skip': 0, 'bytes': 1143733179}
2026-07-25T18:19:59Z progress done=9081 stats={'ok': 8601, 'parking': 0, 'fail': 480, 'skip': 0, 'bytes': 1144476217}
2026-07-25T18:20:19Z progress done=9086 stats={'ok': 8606, 'parking': 0, 'fail': 480, 'skip': 0, 'bytes': 1145218927}
2026-07-25T18:20:43Z progress done=9091 stats={'ok': 8610, 'parking': 0, 'fail': 481, 'skip': 0, 'bytes': 1145816569}
2026-07-25T18:20:55Z progress done=9096 stats={'ok': 8615, 'parking': 0, 'fail': 481, 'skip': 0, 'bytes': 1146562630}
2026-07-25T18:21:15Z progress done=9101 stats={'ok': 8620, 'parking': 0, 'fail': 481, 'skip': 0, 'bytes': 1147312650}
2026-07-25T18:21:27Z progress done=9106 stats={'ok': 8625, 'parking': 0, 'fail': 481, 'skip': 0, 'bytes': 1148039181}
2026-07-25T18:21:46Z progress done=9111 stats={'ok': 8630, 'parking': 0, 'fail': 481, 'skip': 0, 'bytes': 1148784183}
2026-07-25T18:22:04Z progress done=9116 stats={'ok': 8635, 'parking': 0, 'fail': 481, 'skip': 0, 'bytes': 1149506052}
2026-07-25T18:22:24Z progress done=9121 stats={'ok': 8640, 'parking': 0, 'fail': 481, 'skip': 0, 'bytes': 1150238864}
2026-07-25T18:22:39Z progress done=9126 stats={'ok': 8645, 'parking': 0, 'fail': 481, 'skip': 0, 'bytes': 1150980167}
2026-07-25T18:22:56Z progress done=9131 stats={'ok': 8650, 'parking': 0, 'fail': 481, 'skip': 0, 'bytes': 1151710050}
2026-07-25T18:23:14Z progress done=9136 stats={'ok': 8655, 'parking': 0, 'fail': 481, 'skip': 0, 'bytes': 1152442600}
2026-07-25T18:23:42Z progress done=9141 stats={'ok': 8659, 'parking': 0, 'fail': 482, 'skip': 0, 'bytes': 1153034821}
2026-07-25T18:23:54Z progress done=9146 stats={'ok': 8664, 'parking': 0, 'fail': 482, 'skip': 0, 'bytes': 1153767648}
2026-07-25T18:24:18Z progress done=9151 stats={'ok': 8669, 'parking': 0, 'fail': 482, 'skip': 0, 'bytes': 1154486745}
2026-07-25T18:24:41Z progress done=9156 stats={'ok': 8674, 'parking': 0, 'fail': 482, 'skip': 0, 'bytes': 1155219104}
2026-07-25T18:24:55Z progress done=9161 stats={'ok': 8679, 'parking': 0, 'fail': 482, 'skip': 0, 'bytes': 1155945234}
2026-07-25T18:25:17Z progress done=9166 stats={'ok': 8684, 'parking': 0, 'fail': 482, 'skip': 0, 'bytes': 1156696821}
2026-07-25T18:25:35Z progress done=9171 stats={'ok': 8689, 'parking': 0, 'fail': 482, 'skip': 0, 'bytes': 1157434365}
2026-07-25T18:25:47Z progress done=9176 stats={'ok': 8694, 'parking': 0, 'fail': 482, 'skip': 0, 'bytes': 1158158901}
2026-07-25T18:26:05Z progress done=9181 stats={'ok': 8699, 'parking': 0, 'fail': 482, 'skip': 0, 'bytes': 1158906700}
2026-07-25T18:26:33Z progress done=9186 stats={'ok': 8703, 'parking': 0, 'fail': 483, 'skip': 0, 'bytes': 1159502458}
2026-07-25T18:26:52Z progress done=9191 stats={'ok': 8708, 'parking': 0, 'fail': 483, 'skip': 0, 'bytes': 1160242243}
2026-07-25T18:27:01Z progress done=9196 stats={'ok': 8713, 'parking': 0, 'fail': 483, 'skip': 0, 'bytes': 1160980169}
2026-07-25T18:27:33Z progress done=9201 stats={'ok': 8717, 'parking': 0, 'fail': 484, 'skip': 0, 'bytes': 1161585790}
2026-07-25T18:27:53Z progress done=9206 stats={'ok': 8722, 'parking': 0, 'fail': 484, 'skip': 0, 'bytes': 1162339500}
2026-07-25T18:28:11Z progress done=9211 stats={'ok': 8727, 'parking': 0, 'fail': 484, 'skip': 0, 'bytes': 1163098091}
2026-07-25T18:28:25Z progress done=9216 stats={'ok': 8732, 'parking': 0, 'fail': 484, 'skip': 0, 'bytes': 1163846248}
2026-07-25T18:28:51Z progress done=9221 stats={'ok': 8736, 'parking': 0, 'fail': 485, 'skip': 0, 'bytes': 1164427602}
2026-07-25T18:29:05Z progress done=9226 stats={'ok': 8741, 'parking': 0, 'fail': 485, 'skip': 0, 'bytes': 1165177566}
2026-07-25T18:29:32Z progress done=9231 stats={'ok': 8746, 'parking': 0, 'fail': 485, 'skip': 0, 'bytes': 1165926069}
2026-07-25T18:29:43Z progress done=9236 stats={'ok': 8751, 'parking': 0, 'fail': 485, 'skip': 0, 'bytes': 1166672283}
2026-07-25T18:29:59Z progress done=9241 stats={'ok': 8756, 'parking': 0, 'fail': 485, 'skip': 0, 'bytes': 1167411397}
2026-07-25T18:30:31Z progress done=9246 stats={'ok': 8760, 'parking': 0, 'fail': 486, 'skip': 0, 'bytes': 1168002723}
2026-07-25T18:30:39Z progress done=9251 stats={'ok': 8765, 'parking': 0, 'fail': 486, 'skip': 0, 'bytes': 1168745475}
2026-07-25T18:30:54Z progress done=9256 stats={'ok': 8770, 'parking': 0, 'fail': 486, 'skip': 0, 'bytes': 1169496040}
2026-07-25T18:31:06Z progress done=9261 stats={'ok': 8775, 'parking': 0, 'fail': 486, 'skip': 0, 'bytes': 1170243372}
2026-07-25T18:31:38Z progress done=9266 stats={'ok': 8779, 'parking': 0, 'fail': 487, 'skip': 0, 'bytes': 1170841720}
2026-07-25T18:31:49Z progress done=9271 stats={'ok': 8784, 'parking': 0, 'fail': 487, 'skip': 0, 'bytes': 1171581524}
2026-07-25T18:32:08Z progress done=9276 stats={'ok': 8789, 'parking': 0, 'fail': 487, 'skip': 0, 'bytes': 1172330945}
2026-07-25T18:32:22Z progress done=9281 stats={'ok': 8794, 'parking': 0, 'fail': 487, 'skip': 0, 'bytes': 1173082292}
2026-07-25T18:32:45Z progress done=9286 stats={'ok': 8799, 'parking': 0, 'fail': 487, 'skip': 0, 'bytes': 1173809784}
2026-07-25T18:33:14Z progress done=9291 stats={'ok': 8803, 'parking': 0, 'fail': 488, 'skip': 0, 'bytes': 1174402468}
2026-07-25T18:33:29Z progress done=9296 stats={'ok': 8808, 'parking': 0, 'fail': 488, 'skip': 0, 'bytes': 1175137420}
2026-07-25T18:33:38Z progress done=9301 stats={'ok': 8813, 'parking': 0, 'fail': 488, 'skip': 0, 'bytes': 1175873843}
2026-07-25T18:33:55Z progress done=9306 stats={'ok': 8818, 'parking': 0, 'fail': 488, 'skip': 0, 'bytes': 1176611711}
2026-07-25T18:34:26Z progress done=9311 stats={'ok': 8822, 'parking': 0, 'fail': 489, 'skip': 0, 'bytes': 1177203731}
2026-07-25T18:34:39Z progress done=9316 stats={'ok': 8827, 'parking': 0, 'fail': 489, 'skip': 0, 'bytes': 1177958305}
2026-07-25T18:34:55Z progress done=9321 stats={'ok': 8832, 'parking': 0, 'fail': 489, 'skip': 0, 'bytes': 1178677755}
2026-07-25T18:35:09Z progress done=9326 stats={'ok': 8837, 'parking': 0, 'fail': 489, 'skip': 0, 'bytes': 1179406051}
2026-07-25T18:35:52Z progress done=9331 stats={'ok': 8842, 'parking': 0, 'fail': 489, 'skip': 0, 'bytes': 1180157614}
2026-07-25T18:36:02Z progress done=9336 stats={'ok': 8847, 'parking': 0, 'fail': 489, 'skip': 0, 'bytes': 1180904777}
2026-07-25T18:36:19Z progress done=9341 stats={'ok': 8852, 'parking': 0, 'fail': 489, 'skip': 0, 'bytes': 1181623858}
2026-07-25T18:36:31Z progress done=9346 stats={'ok': 8857, 'parking': 0, 'fail': 489, 'skip': 0, 'bytes': 1182351952}
2026-07-25T18:37:05Z progress done=9351 stats={'ok': 8861, 'parking': 0, 'fail': 490, 'skip': 0, 'bytes': 1182934938}
2026-07-25T18:37:18Z progress done=9356 stats={'ok': 8866, 'parking': 0, 'fail': 490, 'skip': 0, 'bytes': 1183659969}
2026-07-25T18:37:35Z progress done=9361 stats={'ok': 8871, 'parking': 0, 'fail': 490, 'skip': 0, 'bytes': 1184384985}
2026-07-25T18:37:51Z progress done=9366 stats={'ok': 8876, 'parking': 0, 'fail': 490, 'skip': 0, 'bytes': 1185149972}
2026-07-25T18:38:15Z progress done=9371 stats={'ok': 8881, 'parking': 0, 'fail': 490, 'skip': 0, 'bytes': 1185886568}
2026-07-25T18:38:38Z progress done=9376 stats={'ok': 8885, 'parking': 0, 'fail': 491, 'skip': 0, 'bytes': 1186464258}
2026-07-25T18:38:53Z progress done=9381 stats={'ok': 8890, 'parking': 0, 'fail': 491, 'skip': 0, 'bytes': 1187198001}
2026-07-25T18:39:11Z progress done=9386 stats={'ok': 8895, 'parking': 0, 'fail': 491, 'skip': 0, 'bytes': 1187939118}
2026-07-25T18:39:21Z progress done=9391 stats={'ok': 8900, 'parking': 0, 'fail': 491, 'skip': 0, 'bytes': 1188680131}
2026-07-25T18:39:46Z progress done=9396 stats={'ok': 8905, 'parking': 0, 'fail': 491, 'skip': 0, 'bytes': 1189430300}
2026-07-25T18:40:13Z progress done=9401 stats={'ok': 8909, 'parking': 0, 'fail': 492, 'skip': 0, 'bytes': 1190029154}
2026-07-25T18:40:23Z progress done=9406 stats={'ok': 8914, 'parking': 0, 'fail': 492, 'skip': 0, 'bytes': 1190775022}
2026-07-25T18:40:34Z progress done=9411 stats={'ok': 8919, 'parking': 0, 'fail': 492, 'skip': 0, 'bytes': 1191523259}
2026-07-25T18:40:48Z progress done=9416 stats={'ok': 8924, 'parking': 0, 'fail': 492, 'skip': 0, 'bytes': 1192268896}
2026-07-25T18:41:19Z progress done=9421 stats={'ok': 8928, 'parking': 0, 'fail': 493, 'skip': 0, 'bytes': 1192884219}
2026-07-25T18:41:28Z progress done=9426 stats={'ok': 8933, 'parking': 0, 'fail': 493, 'skip': 0, 'bytes': 1193617537}
2026-07-25T18:41:49Z progress done=9431 stats={'ok': 8938, 'parking': 0, 'fail': 493, 'skip': 0, 'bytes': 1194349774}
2026-07-25T18:42:03Z progress done=9436 stats={'ok': 8943, 'parking': 0, 'fail': 493, 'skip': 0, 'bytes': 1195086096}
2026-07-25T18:42:31Z progress done=9441 stats={'ok': 8948, 'parking': 0, 'fail': 493, 'skip': 0, 'bytes': 1195835039}
2026-07-25T18:42:54Z progress done=9446 stats={'ok': 8952, 'parking': 0, 'fail': 494, 'skip': 0, 'bytes': 1196425397}
2026-07-25T18:43:08Z progress done=9451 stats={'ok': 8957, 'parking': 0, 'fail': 494, 'skip': 0, 'bytes': 1197164993}
2026-07-25T18:43:18Z progress done=9456 stats={'ok': 8962, 'parking': 0, 'fail': 494, 'skip': 0, 'bytes': 1197908228}
2026-07-25T18:43:38Z progress done=9461 stats={'ok': 8967, 'parking': 0, 'fail': 494, 'skip': 0, 'bytes': 1198649677}
2026-07-25T18:44:06Z progress done=9466 stats={'ok': 8971, 'parking': 0, 'fail': 495, 'skip': 0, 'bytes': 1199233907}
2026-07-25T18:44:15Z progress done=9471 stats={'ok': 8976, 'parking': 0, 'fail': 495, 'skip': 0, 'bytes': 1199968989}
2026-07-25T18:44:40Z progress done=9476 stats={'ok': 8980, 'parking': 0, 'fail': 496, 'skip': 0, 'bytes': 1200555292}
2026-07-25T18:44:52Z progress done=9481 stats={'ok': 8985, 'parking': 0, 'fail': 496, 'skip': 0, 'bytes': 1201284361}
2026-07-25T18:45:10Z progress done=9486 stats={'ok': 8990, 'parking': 0, 'fail': 496, 'skip': 0, 'bytes': 1202033509}
2026-07-25T18:45:33Z progress done=9491 stats={'ok': 8994, 'parking': 0, 'fail': 497, 'skip': 0, 'bytes': 1202621856}
2026-07-25T18:45:50Z progress done=9496 stats={'ok': 8999, 'parking': 0, 'fail': 497, 'skip': 0, 'bytes': 1203364544}
2026-07-25T18:46:12Z progress done=9501 stats={'ok': 9003, 'parking': 0, 'fail': 498, 'skip': 0, 'bytes': 1203959466}
2026-07-25T18:46:20Z progress done=9506 stats={'ok': 9008, 'parking': 0, 'fail': 498, 'skip': 0, 'bytes': 1204686823}
2026-07-25T18:46:44Z progress done=9511 stats={'ok': 9012, 'parking': 0, 'fail': 499, 'skip': 0, 'bytes': 1205290379}
2026-07-25T18:46:54Z progress done=9516 stats={'ok': 9017, 'parking': 0, 'fail': 499, 'skip': 0, 'bytes': 1206034861}
2026-07-25T18:47:19Z progress done=9521 stats={'ok': 9021, 'parking': 0, 'fail': 500, 'skip': 0, 'bytes': 1206633253}
2026-07-25T18:47:31Z progress done=9526 stats={'ok': 9026, 'parking': 0, 'fail': 500, 'skip': 0, 'bytes': 1207385048}
2026-07-25T18:47:49Z progress done=9531 stats={'ok': 9031, 'parking': 0, 'fail': 500, 'skip': 0, 'bytes': 1208135106}
2026-07-25T18:47:59Z progress done=9536 stats={'ok': 9036, 'parking': 0, 'fail': 500, 'skip': 0, 'bytes': 1208891838}
2026-07-25T18:48:21Z progress done=9541 stats={'ok': 9040, 'parking': 0, 'fail': 501, 'skip': 0, 'bytes': 1209480345}
2026-07-25T18:48:40Z progress done=9546 stats={'ok': 9045, 'parking': 0, 'fail': 501, 'skip': 0, 'bytes': 1210232013}
2026-07-25T18:48:55Z progress done=9551 stats={'ok': 9050, 'parking': 0, 'fail': 501, 'skip': 0, 'bytes': 1210984303}
2026-07-25T18:49:10Z progress done=9556 stats={'ok': 9055, 'parking': 0, 'fail': 501, 'skip': 0, 'bytes': 1211734127}
2026-07-25T18:49:34Z progress done=9561 stats={'ok': 9060, 'parking': 0, 'fail': 501, 'skip': 0, 'bytes': 1212486975}
2026-07-25T18:49:57Z progress done=9566 stats={'ok': 9065, 'parking': 0, 'fail': 501, 'skip': 0, 'bytes': 1213231987}
2026-07-25T18:50:11Z progress done=9571 stats={'ok': 9070, 'parking': 0, 'fail': 501, 'skip': 0, 'bytes': 1213973732}
2026-07-25T18:50:38Z progress done=9576 stats={'ok': 9074, 'parking': 0, 'fail': 502, 'skip': 0, 'bytes': 1214587151}
2026-07-25T18:50:52Z progress done=9581 stats={'ok': 9079, 'parking': 0, 'fail': 502, 'skip': 0, 'bytes': 1215339590}
2026-07-25T18:51:06Z progress done=9586 stats={'ok': 9084, 'parking': 0, 'fail': 502, 'skip': 0, 'bytes': 1216067255}
2026-07-25T18:51:34Z progress done=9591 stats={'ok': 9088, 'parking': 0, 'fail': 503, 'skip': 0, 'bytes': 1216673979}
2026-07-25T18:51:50Z progress done=9596 stats={'ok': 9093, 'parking': 0, 'fail': 503, 'skip': 0, 'bytes': 1217418290}
2026-07-25T18:52:11Z progress done=9601 stats={'ok': 9098, 'parking': 0, 'fail': 503, 'skip': 0, 'bytes': 1218160839}
2026-07-25T18:52:30Z progress done=9606 stats={'ok': 9103, 'parking': 0, 'fail': 503, 'skip': 0, 'bytes': 1218892409}
2026-07-25T18:53:02Z progress done=9611 stats={'ok': 9107, 'parking': 0, 'fail': 504, 'skip': 0, 'bytes': 1219485737}
2026-07-25T18:53:15Z progress done=9616 stats={'ok': 9112, 'parking': 0, 'fail': 504, 'skip': 0, 'bytes': 1220233369}
2026-07-25T18:53:26Z progress done=9621 stats={'ok': 9117, 'parking': 0, 'fail': 504, 'skip': 0, 'bytes': 1220971386}
2026-07-25T18:53:39Z progress done=9626 stats={'ok': 9122, 'parking': 0, 'fail': 504, 'skip': 0, 'bytes': 1221722249}
2026-07-25T18:54:06Z progress done=9631 stats={'ok': 9127, 'parking': 0, 'fail': 504, 'skip': 0, 'bytes': 1222472991}
2026-07-25T18:54:25Z progress done=9636 stats={'ok': 9132, 'parking': 0, 'fail': 504, 'skip': 0, 'bytes': 1223215786}
2026-07-25T18:54:56Z progress done=9641 stats={'ok': 9136, 'parking': 0, 'fail': 505, 'skip': 0, 'bytes': 1223794865}
2026-07-25T18:55:07Z progress done=9646 stats={'ok': 9141, 'parking': 0, 'fail': 505, 'skip': 0, 'bytes': 1224549691}
2026-07-25T18:55:18Z progress done=9651 stats={'ok': 9146, 'parking': 0, 'fail': 505, 'skip': 0, 'bytes': 1225291087}
2026-07-25T18:55:37Z progress done=9656 stats={'ok': 9151, 'parking': 0, 'fail': 505, 'skip': 0, 'bytes': 1226015545}
2026-07-25T18:56:07Z progress done=9661 stats={'ok': 9155, 'parking': 0, 'fail': 506, 'skip': 0, 'bytes': 1226603422}
2026-07-25T18:56:18Z progress done=9666 stats={'ok': 9160, 'parking': 0, 'fail': 506, 'skip': 0, 'bytes': 1227343408}
2026-07-25T18:56:30Z progress done=9671 stats={'ok': 9165, 'parking': 0, 'fail': 506, 'skip': 0, 'bytes': 1228068082}
2026-07-25T18:56:47Z progress done=9676 stats={'ok': 9170, 'parking': 0, 'fail': 506, 'skip': 0, 'bytes': 1228817896}
2026-07-25T18:57:16Z progress done=9681 stats={'ok': 9174, 'parking': 0, 'fail': 507, 'skip': 0, 'bytes': 1229423367}
2026-07-25T18:57:27Z progress done=9686 stats={'ok': 9179, 'parking': 0, 'fail': 507, 'skip': 0, 'bytes': 1230153899}
2026-07-25T18:57:42Z progress done=9691 stats={'ok': 9184, 'parking': 0, 'fail': 507, 'skip': 0, 'bytes': 1230880501}
2026-07-25T18:58:12Z progress done=9696 stats={'ok': 9188, 'parking': 0, 'fail': 508, 'skip': 0, 'bytes': 1231479191}
2026-07-25T18:58:23Z progress done=9701 stats={'ok': 9193, 'parking': 0, 'fail': 508, 'skip': 0, 'bytes': 1232214058}
2026-07-25T18:58:46Z progress done=9706 stats={'ok': 9198, 'parking': 0, 'fail': 508, 'skip': 0, 'bytes': 1232973236}
2026-07-25T18:58:59Z progress done=9711 stats={'ok': 9203, 'parking': 0, 'fail': 508, 'skip': 0, 'bytes': 1233720817}
2026-07-25T18:59:22Z progress done=9716 stats={'ok': 9208, 'parking': 0, 'fail': 508, 'skip': 0, 'bytes': 1234472246}
2026-07-25T18:59:47Z progress done=9721 stats={'ok': 9212, 'parking': 0, 'fail': 509, 'skip': 0, 'bytes': 1235060386}
2026-07-25T18:59:58Z progress done=9726 stats={'ok': 9217, 'parking': 0, 'fail': 509, 'skip': 0, 'bytes': 1235818639}
2026-07-25T19:00:09Z progress done=9731 stats={'ok': 9222, 'parking': 0, 'fail': 509, 'skip': 0, 'bytes': 1236549338}
2026-07-25T19:00:28Z progress done=9736 stats={'ok': 9227, 'parking': 0, 'fail': 509, 'skip': 0, 'bytes': 1237287061}
2026-07-25T19:02:17Z progress done=9741 stats={'ok': 9232, 'parking': 0, 'fail': 509, 'skip': 0, 'bytes': 1238032779}
2026-07-25T19:02:29Z progress done=9746 stats={'ok': 9237, 'parking': 0, 'fail': 509, 'skip': 0, 'bytes': 1238771845}
2026-07-25T19:02:40Z progress done=9751 stats={'ok': 9242, 'parking': 0, 'fail': 509, 'skip': 0, 'bytes': 1239512792}
2026-07-25T19:02:49Z progress done=9756 stats={'ok': 9247, 'parking': 0, 'fail': 509, 'skip': 0, 'bytes': 1240286913}
2026-07-25T19:03:26Z progress done=9761 stats={'ok': 9251, 'parking': 0, 'fail': 510, 'skip': 0, 'bytes': 1240876556}
2026-07-25T19:03:39Z progress done=9766 stats={'ok': 9256, 'parking': 0, 'fail': 510, 'skip': 0, 'bytes': 1241610371}
2026-07-25T19:03:51Z progress done=9771 stats={'ok': 9261, 'parking': 0, 'fail': 510, 'skip': 0, 'bytes': 1242356218}
2026-07-25T19:04:19Z progress done=9776 stats={'ok': 9265, 'parking': 0, 'fail': 511, 'skip': 0, 'bytes': 1242957956}
2026-07-25T19:04:28Z progress done=9781 stats={'ok': 9270, 'parking': 0, 'fail': 511, 'skip': 0, 'bytes': 1243719881}
2026-07-25T19:04:52Z progress done=9786 stats={'ok': 9275, 'parking': 0, 'fail': 511, 'skip': 0, 'bytes': 1244469224}
2026-07-25T19:05:05Z progress done=9791 stats={'ok': 9280, 'parking': 0, 'fail': 511, 'skip': 0, 'bytes': 1245204469}
2026-07-25T19:05:32Z progress done=9796 stats={'ok': 9284, 'parking': 0, 'fail': 512, 'skip': 0, 'bytes': 1245796632}
2026-07-25T19:05:50Z progress done=9801 stats={'ok': 9289, 'parking': 0, 'fail': 512, 'skip': 0, 'bytes': 1246549739}
2026-07-25T19:06:00Z progress done=9806 stats={'ok': 9294, 'parking': 0, 'fail': 512, 'skip': 0, 'bytes': 1247298207}
2026-07-25T19:06:30Z progress done=9811 stats={'ok': 9299, 'parking': 0, 'fail': 512, 'skip': 0, 'bytes': 1248055004}
2026-07-25T19:06:45Z progress done=9816 stats={'ok': 9304, 'parking': 0, 'fail': 512, 'skip': 0, 'bytes': 1248811449}
2026-07-25T19:07:01Z progress done=9821 stats={'ok': 9309, 'parking': 0, 'fail': 512, 'skip': 0, 'bytes': 1249565324}
2026-07-25T19:07:26Z progress done=9826 stats={'ok': 9314, 'parking': 0, 'fail': 512, 'skip': 0, 'bytes': 1250295921}
2026-07-25T19:07:38Z progress done=9831 stats={'ok': 9319, 'parking': 0, 'fail': 512, 'skip': 0, 'bytes': 1251035542}
2026-07-25T19:08:07Z progress done=9836 stats={'ok': 9323, 'parking': 0, 'fail': 513, 'skip': 0, 'bytes': 1251628569}
2026-07-25T19:08:19Z progress done=9841 stats={'ok': 9328, 'parking': 0, 'fail': 513, 'skip': 0, 'bytes': 1252376748}
2026-07-25T19:08:49Z progress done=9846 stats={'ok': 9333, 'parking': 0, 'fail': 513, 'skip': 0, 'bytes': 1253113905}
2026-07-25T19:09:08Z progress done=9851 stats={'ok': 9338, 'parking': 0, 'fail': 513, 'skip': 0, 'bytes': 1253837239}
2026-07-25T19:09:22Z progress done=9856 stats={'ok': 9343, 'parking': 0, 'fail': 513, 'skip': 0, 'bytes': 1254584229}
2026-07-25T19:09:42Z progress done=9861 stats={'ok': 9348, 'parking': 0, 'fail': 513, 'skip': 0, 'bytes': 1255340087}
2026-07-25T19:09:55Z progress done=9866 stats={'ok': 9353, 'parking': 0, 'fail': 513, 'skip': 0, 'bytes': 1256083598}
2026-07-25T19:10:19Z progress done=9871 stats={'ok': 9358, 'parking': 0, 'fail': 513, 'skip': 0, 'bytes': 1256826495}
2026-07-25T19:10:30Z progress done=9876 stats={'ok': 9363, 'parking': 0, 'fail': 513, 'skip': 0, 'bytes': 1257554499}
2026-07-25T19:10:52Z progress done=9881 stats={'ok': 9368, 'parking': 0, 'fail': 513, 'skip': 0, 'bytes': 1258284624}
2026-07-25T19:11:18Z progress done=9886 stats={'ok': 9372, 'parking': 0, 'fail': 514, 'skip': 0, 'bytes': 1258878684}
2026-07-25T19:11:32Z progress done=9891 stats={'ok': 9377, 'parking': 0, 'fail': 514, 'skip': 0, 'bytes': 1259625639}
2026-07-25T19:11:48Z progress done=9896 stats={'ok': 9382, 'parking': 0, 'fail': 514, 'skip': 0, 'bytes': 1260377207}
2026-07-25T19:11:58Z progress done=9901 stats={'ok': 9387, 'parking': 0, 'fail': 514, 'skip': 0, 'bytes': 1261116498}
2026-07-25T19:12:26Z progress done=9906 stats={'ok': 9391, 'parking': 0, 'fail': 515, 'skip': 0, 'bytes': 1261703266}
2026-07-25T19:12:46Z progress done=9911 stats={'ok': 9396, 'parking': 0, 'fail': 515, 'skip': 0, 'bytes': 1262459544}
2026-07-25T19:12:59Z progress done=9916 stats={'ok': 9401, 'parking': 0, 'fail': 515, 'skip': 0, 'bytes': 1263195778}
2026-07-25T19:13:22Z progress done=9921 stats={'ok': 9406, 'parking': 0, 'fail': 515, 'skip': 0, 'bytes': 1263930966}
2026-07-25T19:13:37Z progress done=9926 stats={'ok': 9411, 'parking': 0, 'fail': 515, 'skip': 0, 'bytes': 1264665897}
2026-07-25T19:13:53Z progress done=9931 stats={'ok': 9416, 'parking': 0, 'fail': 515, 'skip': 0, 'bytes': 1265405487}
2026-07-25T19:14:04Z progress done=9936 stats={'ok': 9421, 'parking': 0, 'fail': 515, 'skip': 0, 'bytes': 1266151195}
2026-07-25T19:14:30Z progress done=9941 stats={'ok': 9426, 'parking': 0, 'fail': 515, 'skip': 0, 'bytes': 1266881644}
2026-07-25T19:14:55Z progress done=9946 stats={'ok': 9431, 'parking': 0, 'fail': 515, 'skip': 0, 'bytes': 1267608865}
2026-07-25T19:15:06Z progress done=9951 stats={'ok': 9436, 'parking': 0, 'fail': 515, 'skip': 0, 'bytes': 1268341770}
2026-07-25T19:15:30Z progress done=9956 stats={'ok': 9440, 'parking': 0, 'fail': 516, 'skip': 0, 'bytes': 1268925716}
2026-07-25T19:15:54Z progress done=9961 stats={'ok': 9445, 'parking': 0, 'fail': 516, 'skip': 0, 'bytes': 1269685662}
2026-07-25T19:16:07Z progress done=9966 stats={'ok': 9450, 'parking': 0, 'fail': 516, 'skip': 0, 'bytes': 1270422773}
2026-07-25T19:16:18Z progress done=9971 stats={'ok': 9455, 'parking': 0, 'fail': 516, 'skip': 0, 'bytes': 1271161843}
2026-07-25T19:16:34Z progress done=9976 stats={'ok': 9460, 'parking': 0, 'fail': 516, 'skip': 0, 'bytes': 1271922021}
2026-07-25T19:17:00Z progress done=9981 stats={'ok': 9464, 'parking': 0, 'fail': 517, 'skip': 0, 'bytes': 1272518078}
2026-07-25T19:17:14Z progress done=9986 stats={'ok': 9469, 'parking': 0, 'fail': 517, 'skip': 0, 'bytes': 1273241402}
2026-07-25T19:17:40Z progress done=9991 stats={'ok': 9473, 'parking': 0, 'fail': 518, 'skip': 0, 'bytes': 1273840539}
2026-07-25T19:17:48Z progress done=9996 stats={'ok': 9478, 'parking': 0, 'fail': 518, 'skip': 0, 'bytes': 1274574712}
2026-07-25T19:18:02Z progress done=10001 stats={'ok': 9483, 'parking': 0, 'fail': 518, 'skip': 0, 'bytes': 1275328353}
2026-07-25T19:18:24Z progress done=10006 stats={'ok': 9488, 'parking': 0, 'fail': 518, 'skip': 0, 'bytes': 1276056990}
2026-07-25T19:18:47Z progress done=10011 stats={'ok': 9492, 'parking': 0, 'fail': 519, 'skip': 0, 'bytes': 1276637157}
2026-07-25T19:19:01Z progress done=10016 stats={'ok': 9497, 'parking': 0, 'fail': 519, 'skip': 0, 'bytes': 1277394166}
2026-07-25T19:19:15Z progress done=10021 stats={'ok': 9502, 'parking': 0, 'fail': 519, 'skip': 0, 'bytes': 1278116156}
2026-07-25T19:19:30Z progress done=10026 stats={'ok': 9507, 'parking': 0, 'fail': 519, 'skip': 0, 'bytes': 1278842944}
2026-07-25T19:19:55Z progress done=10031 stats={'ok': 9512, 'parking': 0, 'fail': 519, 'skip': 0, 'bytes': 1279578971}
2026-07-25T19:20:05Z progress done=10036 stats={'ok': 9517, 'parking': 0, 'fail': 519, 'skip': 0, 'bytes': 1280331856}
2026-07-25T19:20:23Z progress done=10041 stats={'ok': 9522, 'parking': 0, 'fail': 519, 'skip': 0, 'bytes': 1281054504}
2026-07-25T19:20:47Z progress done=10046 stats={'ok': 9527, 'parking': 0, 'fail': 519, 'skip': 0, 'bytes': 1281772600}
2026-07-25T19:21:02Z progress done=10051 stats={'ok': 9532, 'parking': 0, 'fail': 519, 'skip': 0, 'bytes': 1282510885}
2026-07-25T19:21:13Z progress done=10056 stats={'ok': 9537, 'parking': 0, 'fail': 519, 'skip': 0, 'bytes': 1283236871}
2026-07-25T19:21:38Z progress done=10061 stats={'ok': 9541, 'parking': 0, 'fail': 520, 'skip': 0, 'bytes': 1283816042}
2026-07-25T19:21:52Z progress done=10066 stats={'ok': 9546, 'parking': 0, 'fail': 520, 'skip': 0, 'bytes': 1284568004}
2026-07-25T19:22:11Z progress done=10071 stats={'ok': 9551, 'parking': 0, 'fail': 520, 'skip': 0, 'bytes': 1285293147}
2026-07-25T19:22:20Z progress done=10076 stats={'ok': 9556, 'parking': 0, 'fail': 520, 'skip': 0, 'bytes': 1286049150}
2026-07-25T19:22:56Z progress done=10081 stats={'ok': 9560, 'parking': 0, 'fail': 521, 'skip': 0, 'bytes': 1286653317}
2026-07-25T19:23:05Z progress done=10086 stats={'ok': 9565, 'parking': 0, 'fail': 521, 'skip': 0, 'bytes': 1287385149}
2026-07-25T19:23:21Z progress done=10091 stats={'ok': 9570, 'parking': 0, 'fail': 521, 'skip': 0, 'bytes': 1288106389}
2026-07-25T19:23:41Z progress done=10096 stats={'ok': 9575, 'parking': 0, 'fail': 521, 'skip': 0, 'bytes': 1288872234}
2026-07-25T19:24:03Z progress done=10101 stats={'ok': 9580, 'parking': 0, 'fail': 521, 'skip': 0, 'bytes': 1289602109}
2026-07-25T19:24:20Z progress done=10106 stats={'ok': 9585, 'parking': 0, 'fail': 521, 'skip': 0, 'bytes': 1290339192}
2026-07-25T19:24:36Z progress done=10111 stats={'ok': 9590, 'parking': 0, 'fail': 521, 'skip': 0, 'bytes': 1291083582}
2026-07-25T19:24:49Z progress done=10116 stats={'ok': 9595, 'parking': 0, 'fail': 521, 'skip': 0, 'bytes': 1291842163}
2026-07-25T19:25:11Z progress done=10121 stats={'ok': 9600, 'parking': 0, 'fail': 521, 'skip': 0, 'bytes': 1292587068}
2026-07-25T19:25:37Z progress done=10126 stats={'ok': 9605, 'parking': 0, 'fail': 521, 'skip': 0, 'bytes': 1293340198}
2026-07-25T19:26:07Z progress done=10131 stats={'ok': 9609, 'parking': 0, 'fail': 522, 'skip': 0, 'bytes': 1293929261}
2026-07-25T19:26:16Z progress done=10136 stats={'ok': 9614, 'parking': 0, 'fail': 522, 'skip': 0, 'bytes': 1294675132}
2026-07-25T19:26:30Z progress done=10141 stats={'ok': 9619, 'parking': 0, 'fail': 522, 'skip': 0, 'bytes': 1295421916}
2026-07-25T19:26:57Z progress done=10146 stats={'ok': 9624, 'parking': 0, 'fail': 522, 'skip': 0, 'bytes': 1296198036}
2026-07-25T19:27:18Z progress done=10151 stats={'ok': 9629, 'parking': 0, 'fail': 522, 'skip': 0, 'bytes': 1296952704}
2026-07-25T19:27:33Z progress done=10156 stats={'ok': 9634, 'parking': 0, 'fail': 522, 'skip': 0, 'bytes': 1297701651}
2026-07-25T19:27:56Z progress done=10161 stats={'ok': 9639, 'parking': 0, 'fail': 522, 'skip': 0, 'bytes': 1298445214}
2026-07-25T19:28:23Z progress done=10166 stats={'ok': 9643, 'parking': 0, 'fail': 523, 'skip': 0, 'bytes': 1299039004}
